-- phpMyAdmin SQL Dump
-- version 4.0.10.14
-- http://www.phpmyadmin.net
--
-- Servidor: localhost:3306
-- Tiempo de generación: 21-09-2016 a las 06:15:30
-- Versión del servidor: 5.5.49-cll-lve
-- Versión de PHP: 5.6.20

SET SQL_MODE = "NO_AUTO_VALUE_ON_ZERO";
SET time_zone = "+00:00";


/*!40101 SET @OLD_CHARACTER_SET_CLIENT=@@CHARACTER_SET_CLIENT */;
/*!40101 SET @OLD_CHARACTER_SET_RESULTS=@@CHARACTER_SET_RESULTS */;
/*!40101 SET @OLD_COLLATION_CONNECTION=@@COLLATION_CONNECTION */;
/*!40101 SET NAMES utf8 */;

--
-- Base de datos: `bbiosur_intranet`
--

-- --------------------------------------------------------

--
-- Estructura de tabla para la tabla `bannos`
--

CREATE TABLE IF NOT EXISTS `bannos` (
  `ban_id_pk` int(10) unsigned zerofill NOT NULL AUTO_INCREMENT,
  `ban_sucursal_fk` int(10) unsigned zerofill DEFAULT NULL,
  `ban_tipo_id` int(10) unsigned zerofill DEFAULT NULL,
  `ban_cliente_fk` int(10) unsigned zerofill DEFAULT NULL COMMENT 'en caso de ser externo',
  `ban_key` varchar(200) DEFAULT NULL COMMENT 'hexadecimal para validar qr',
  `ban_tipo` varchar(2) DEFAULT NULL COMMENT '1: baño-B propio, 2: caseta-C, 3: ducha-D, 4: baño externo-E, 5: lavamanos-L',
  `ban_marca` varchar(100) DEFAULT NULL,
  `ban_modelo` varchar(100) DEFAULT NULL,
  `ban_asignado` int(11) DEFAULT NULL COMMENT '0: no, 1: si',
  `ban_comentario` text,
  `ban_fecharegistro` datetime DEFAULT NULL,
  PRIMARY KEY (`ban_id_pk`),
  KEY `ban_sucursal_fk` (`ban_sucursal_fk`),
  KEY `ban_tipo_id` (`ban_tipo_id`),
  KEY `ban_cliente_fk` (`ban_cliente_fk`)
) ENGINE=InnoDB  DEFAULT CHARSET=latin1 AUTO_INCREMENT=311 ;

--
-- Volcado de datos para la tabla `bannos`
--

INSERT INTO `bannos` (`ban_id_pk`, `ban_sucursal_fk`, `ban_tipo_id`, `ban_cliente_fk`, `ban_key`, `ban_tipo`, `ban_marca`, `ban_modelo`, `ban_asignado`, `ban_comentario`, `ban_fecharegistro`) VALUES
(0000000001, 0000000001, 0000000004, NULL, '$2a$07$jpdeveloperstringforsOk0vkvMOVVB8r722xvEQLXl//e23GFq.', '1', NULL, NULL, 0, NULL, '2016-07-07 18:33:57'),
(0000000002, 0000000001, 0000000004, NULL, '$2a$07$jpdeveloperstringforsOk0vkvMOVVB8r722xvEQLXl//e23GFq.', '1', NULL, NULL, 0, NULL, '2016-07-07 18:34:16'),
(0000000003, 0000000001, 0000000004, NULL, '$2a$07$jpdeveloperstringforsOk0vkvMOVVB8r722xvEQLXl//e23GFq.', '1', NULL, NULL, 0, NULL, '2016-07-07 18:34:19'),
(0000000004, 0000000001, 0000000004, NULL, '$2a$07$jpdeveloperstringforsOk0vkvMOVVB8r722xvEQLXl//e23GFq.', '1', NULL, NULL, 0, NULL, '2016-07-07 18:34:21'),
(0000000005, 0000000001, 0000000004, NULL, '$2a$07$jpdeveloperstringforsOk0vkvMOVVB8r722xvEQLXl//e23GFq.', '1', NULL, NULL, 0, NULL, '2016-07-07 18:34:24'),
(0000000006, 0000000001, 0000000004, NULL, '$2a$07$jpdeveloperstringforsOk0vkvMOVVB8r722xvEQLXl//e23GFq.', '1', NULL, NULL, 0, NULL, '2016-07-07 18:34:26'),
(0000000007, 0000000001, 0000000004, NULL, '$2a$07$jpdeveloperstringforsOk0vkvMOVVB8r722xvEQLXl//e23GFq.', '1', NULL, NULL, 0, NULL, '2016-07-07 18:34:28'),
(0000000008, 0000000001, 0000000004, NULL, '$2a$07$jpdeveloperstringforsOk0vkvMOVVB8r722xvEQLXl//e23GFq.', '1', NULL, NULL, 0, NULL, '2016-07-07 18:34:30'),
(0000000009, 0000000001, 0000000004, NULL, '$2a$07$jpdeveloperstringforsOk0vkvMOVVB8r722xvEQLXl//e23GFq.', '1', NULL, NULL, 0, NULL, '2016-07-07 18:34:33'),
(0000000010, 0000000001, 0000000004, NULL, '$2a$07$jpdeveloperstringforsOk0vkvMOVVB8r722xvEQLXl//e23GFq.', '1', NULL, NULL, 0, NULL, '2016-07-07 18:34:35'),
(0000000011, 0000000001, 0000000004, NULL, '$2a$07$jpdeveloperstringforsOk0vkvMOVVB8r722xvEQLXl//e23GFq.', '1', NULL, NULL, 0, NULL, '2016-07-07 18:34:37'),
(0000000012, 0000000001, 0000000004, NULL, '$2a$07$jpdeveloperstringforsOk0vkvMOVVB8r722xvEQLXl//e23GFq.', '1', NULL, NULL, 0, NULL, '2016-07-07 18:34:39'),
(0000000013, 0000000001, 0000000004, NULL, '$2a$07$jpdeveloperstringforsOk0vkvMOVVB8r722xvEQLXl//e23GFq.', '1', NULL, NULL, 0, NULL, '2016-07-07 18:34:42'),
(0000000014, 0000000001, 0000000004, NULL, '$2a$07$jpdeveloperstringforsOk0vkvMOVVB8r722xvEQLXl//e23GFq.', '1', NULL, NULL, 0, NULL, '2016-07-07 18:34:56'),
(0000000015, 0000000001, 0000000004, NULL, '$2a$07$jpdeveloperstringforsOk0vkvMOVVB8r722xvEQLXl//e23GFq.', '1', NULL, NULL, 0, NULL, '2016-07-07 18:34:59'),
(0000000016, 0000000001, 0000000004, NULL, '$2a$07$jpdeveloperstringforsOk0vkvMOVVB8r722xvEQLXl//e23GFq.', '1', NULL, NULL, 0, NULL, '2016-07-07 18:35:01'),
(0000000017, 0000000001, 0000000004, NULL, '$2a$07$jpdeveloperstringforsOk0vkvMOVVB8r722xvEQLXl//e23GFq.', '1', NULL, NULL, 0, NULL, '2016-07-07 18:35:04'),
(0000000018, 0000000001, 0000000004, NULL, '$2a$07$jpdeveloperstringforsOk0vkvMOVVB8r722xvEQLXl//e23GFq.', '1', NULL, NULL, 0, NULL, '2016-07-07 18:35:06'),
(0000000019, 0000000001, 0000000004, NULL, '$2a$07$jpdeveloperstringforsOk0vkvMOVVB8r722xvEQLXl//e23GFq.', '1', NULL, NULL, 0, NULL, '2016-07-07 18:35:09'),
(0000000020, 0000000001, 0000000004, NULL, '$2a$07$jpdeveloperstringforsOk0vkvMOVVB8r722xvEQLXl//e23GFq.', '1', NULL, NULL, 0, NULL, '2016-07-07 18:35:11'),
(0000000021, 0000000001, 0000000004, NULL, '$2a$07$jpdeveloperstringforsOk0vkvMOVVB8r722xvEQLXl//e23GFq.', '1', NULL, NULL, 0, NULL, '2016-07-07 18:35:14'),
(0000000022, 0000000001, 0000000004, NULL, '$2a$07$jpdeveloperstringforsOk0vkvMOVVB8r722xvEQLXl//e23GFq.', '1', NULL, NULL, 0, NULL, '2016-07-07 18:35:16'),
(0000000023, 0000000001, 0000000004, NULL, '$2a$07$jpdeveloperstringforsOk0vkvMOVVB8r722xvEQLXl//e23GFq.', '1', NULL, NULL, 0, NULL, '2016-07-07 18:35:18'),
(0000000024, 0000000001, 0000000004, NULL, '$2a$07$jpdeveloperstringforsOk0vkvMOVVB8r722xvEQLXl//e23GFq.', '1', NULL, NULL, 0, NULL, '2016-07-07 18:35:20'),
(0000000025, 0000000001, 0000000004, NULL, '$2a$07$jpdeveloperstringforsOk0vkvMOVVB8r722xvEQLXl//e23GFq.', '1', NULL, NULL, 0, NULL, '2016-07-07 18:35:22'),
(0000000026, 0000000001, 0000000004, NULL, '$2a$07$jpdeveloperstringforsOk0vkvMOVVB8r722xvEQLXl//e23GFq.', '1', NULL, NULL, 0, NULL, '2016-07-07 18:35:32'),
(0000000027, 0000000001, 0000000004, NULL, '$2a$07$jpdeveloperstringforsOk0vkvMOVVB8r722xvEQLXl//e23GFq.', '1', NULL, NULL, 0, NULL, '2016-07-07 18:35:35'),
(0000000028, 0000000001, 0000000004, NULL, '$2a$07$jpdeveloperstringforsOk0vkvMOVVB8r722xvEQLXl//e23GFq.', '1', NULL, NULL, 0, NULL, '2016-07-07 18:35:37'),
(0000000029, 0000000001, 0000000004, NULL, '$2a$07$jpdeveloperstringforsOk0vkvMOVVB8r722xvEQLXl//e23GFq.', '1', NULL, NULL, 0, NULL, '2016-07-07 18:35:40'),
(0000000030, 0000000001, 0000000004, NULL, '$2a$07$jpdeveloperstringforsOk0vkvMOVVB8r722xvEQLXl//e23GFq.', '1', NULL, NULL, 0, NULL, '2016-07-07 18:35:42'),
(0000000031, 0000000001, 0000000004, NULL, '$2a$07$jpdeveloperstringforsOk0vkvMOVVB8r722xvEQLXl//e23GFq.', '1', NULL, NULL, 0, NULL, '2016-07-07 18:35:45'),
(0000000032, 0000000001, 0000000004, NULL, '$2a$07$jpdeveloperstringforsOk0vkvMOVVB8r722xvEQLXl//e23GFq.', '1', NULL, NULL, 0, NULL, '2016-07-07 18:35:48'),
(0000000033, 0000000001, 0000000004, NULL, '$2a$07$jpdeveloperstringforsOk0vkvMOVVB8r722xvEQLXl//e23GFq.', '1', NULL, NULL, 0, NULL, '2016-07-07 18:35:50'),
(0000000034, 0000000001, 0000000004, NULL, '$2a$07$jpdeveloperstringforsOk0vkvMOVVB8r722xvEQLXl//e23GFq.', '1', NULL, NULL, 0, NULL, '2016-07-07 18:35:52'),
(0000000035, 0000000001, 0000000004, NULL, '$2a$07$jpdeveloperstringforsOk0vkvMOVVB8r722xvEQLXl//e23GFq.', '1', NULL, NULL, 0, NULL, '2016-07-07 18:35:56'),
(0000000036, 0000000001, 0000000004, NULL, '$2a$07$jpdeveloperstringforsOk0vkvMOVVB8r722xvEQLXl//e23GFq.', '1', NULL, NULL, 0, NULL, '2016-07-07 18:35:59'),
(0000000037, 0000000001, 0000000004, NULL, '$2a$07$jpdeveloperstringforsOk0vkvMOVVB8r722xvEQLXl//e23GFq.', '1', NULL, NULL, 0, NULL, '2016-07-07 18:36:01'),
(0000000038, 0000000001, 0000000004, NULL, '$2a$07$jpdeveloperstringforsOk0vkvMOVVB8r722xvEQLXl//e23GFq.', '1', NULL, NULL, 0, NULL, '2016-07-07 18:36:04'),
(0000000039, 0000000001, 0000000004, NULL, '$2a$07$jpdeveloperstringforsOk0vkvMOVVB8r722xvEQLXl//e23GFq.', '1', NULL, NULL, 0, NULL, '2016-07-07 18:36:06'),
(0000000040, 0000000001, 0000000004, NULL, '$2a$07$jpdeveloperstringforsOk0vkvMOVVB8r722xvEQLXl//e23GFq.', '1', NULL, NULL, 0, NULL, '2016-07-07 18:36:09'),
(0000000041, 0000000001, 0000000004, NULL, '$2a$07$jpdeveloperstringforsOk0vkvMOVVB8r722xvEQLXl//e23GFq.', '1', NULL, NULL, 0, NULL, '2016-07-07 18:36:11'),
(0000000042, 0000000001, 0000000004, NULL, '$2a$07$jpdeveloperstringforsOk0vkvMOVVB8r722xvEQLXl//e23GFq.', '1', NULL, NULL, 0, NULL, '2016-07-07 18:36:14'),
(0000000043, 0000000001, 0000000004, NULL, '$2a$07$jpdeveloperstringforsOk0vkvMOVVB8r722xvEQLXl//e23GFq.', '1', NULL, NULL, 0, NULL, '2016-07-07 18:36:16'),
(0000000044, 0000000001, 0000000004, NULL, '$2a$07$jpdeveloperstringforsOk0vkvMOVVB8r722xvEQLXl//e23GFq.', '1', NULL, NULL, 0, NULL, '2016-07-07 18:36:19'),
(0000000045, 0000000001, 0000000004, NULL, '$2a$07$jpdeveloperstringforsOk0vkvMOVVB8r722xvEQLXl//e23GFq.', '1', NULL, NULL, 0, NULL, '2016-07-07 18:36:21'),
(0000000046, 0000000001, 0000000004, NULL, '$2a$07$jpdeveloperstringforsOk0vkvMOVVB8r722xvEQLXl//e23GFq.', '1', NULL, NULL, 0, NULL, '2016-07-07 18:36:24'),
(0000000047, 0000000001, 0000000004, NULL, '$2a$07$jpdeveloperstringforsOk0vkvMOVVB8r722xvEQLXl//e23GFq.', '1', NULL, NULL, 0, NULL, '2016-07-07 18:36:26'),
(0000000048, 0000000001, 0000000004, NULL, '$2a$07$jpdeveloperstringforsOk0vkvMOVVB8r722xvEQLXl//e23GFq.', '1', NULL, NULL, 0, NULL, '2016-07-07 18:36:29'),
(0000000049, 0000000001, 0000000004, NULL, '$2a$07$jpdeveloperstringforsOk0vkvMOVVB8r722xvEQLXl//e23GFq.', '1', NULL, NULL, 0, NULL, '2016-07-07 18:36:32'),
(0000000050, 0000000001, 0000000004, NULL, '$2a$07$jpdeveloperstringforsOk0vkvMOVVB8r722xvEQLXl//e23GFq.', '1', NULL, NULL, 0, NULL, '2016-07-07 18:36:34'),
(0000000051, 0000000001, 0000000004, NULL, '$2a$07$jpdeveloperstringforsOk0vkvMOVVB8r722xvEQLXl//e23GFq.', '1', NULL, NULL, 0, NULL, '2016-07-07 18:36:37'),
(0000000052, 0000000001, 0000000004, NULL, '$2a$07$jpdeveloperstringforsOk0vkvMOVVB8r722xvEQLXl//e23GFq.', '1', NULL, NULL, 0, NULL, '2016-07-07 18:36:39'),
(0000000053, 0000000001, 0000000004, NULL, '$2a$07$jpdeveloperstringforsOk0vkvMOVVB8r722xvEQLXl//e23GFq.', '1', NULL, NULL, 0, NULL, '2016-07-07 18:36:41'),
(0000000054, 0000000001, 0000000004, NULL, '$2a$07$jpdeveloperstringforsOk0vkvMOVVB8r722xvEQLXl//e23GFq.', '1', NULL, NULL, 0, NULL, '2016-07-07 18:36:44'),
(0000000055, 0000000001, 0000000004, NULL, '$2a$07$jpdeveloperstringforsOk0vkvMOVVB8r722xvEQLXl//e23GFq.', '1', NULL, NULL, 0, NULL, '2016-07-07 18:36:53'),
(0000000056, 0000000001, 0000000004, NULL, '$2a$07$jpdeveloperstringforsOk0vkvMOVVB8r722xvEQLXl//e23GFq.', '1', NULL, NULL, 0, NULL, '2016-07-07 18:36:55'),
(0000000057, 0000000001, 0000000004, NULL, '$2a$07$jpdeveloperstringforsOk0vkvMOVVB8r722xvEQLXl//e23GFq.', '1', NULL, NULL, 0, NULL, '2016-07-07 18:37:10'),
(0000000058, 0000000001, 0000000004, NULL, '$2a$07$jpdeveloperstringforsOk0vkvMOVVB8r722xvEQLXl//e23GFq.', '1', NULL, NULL, 0, NULL, '2016-07-07 18:37:12'),
(0000000059, 0000000001, 0000000004, NULL, '$2a$07$jpdeveloperstringforsOk0vkvMOVVB8r722xvEQLXl//e23GFq.', '1', NULL, NULL, 0, NULL, '2016-07-07 18:37:15'),
(0000000060, 0000000001, 0000000004, NULL, '$2a$07$jpdeveloperstringforsOk0vkvMOVVB8r722xvEQLXl//e23GFq.', '1', NULL, NULL, 0, NULL, '2016-07-07 18:37:18'),
(0000000061, 0000000001, 0000000004, NULL, '$2a$07$jpdeveloperstringforsOk0vkvMOVVB8r722xvEQLXl//e23GFq.', '1', NULL, NULL, 0, NULL, '2016-07-07 18:37:20'),
(0000000062, 0000000001, 0000000004, NULL, '$2a$07$jpdeveloperstringforsOk0vkvMOVVB8r722xvEQLXl//e23GFq.', '1', NULL, NULL, 0, NULL, '2016-07-07 18:37:23'),
(0000000063, 0000000001, 0000000004, NULL, '$2a$07$jpdeveloperstringforsOk0vkvMOVVB8r722xvEQLXl//e23GFq.', '1', NULL, NULL, 0, NULL, '2016-07-07 18:37:29'),
(0000000064, 0000000001, 0000000004, NULL, '$2a$07$jpdeveloperstringforsOk0vkvMOVVB8r722xvEQLXl//e23GFq.', '1', NULL, NULL, 0, NULL, '2016-07-07 18:37:33'),
(0000000065, 0000000001, 0000000004, NULL, '$2a$07$jpdeveloperstringforsOk0vkvMOVVB8r722xvEQLXl//e23GFq.', '1', NULL, NULL, 0, NULL, '2016-07-07 18:37:50'),
(0000000066, 0000000001, 0000000004, NULL, '$2a$07$jpdeveloperstringforsOk0vkvMOVVB8r722xvEQLXl//e23GFq.', '1', NULL, NULL, 0, NULL, '2016-07-07 18:37:55'),
(0000000067, 0000000001, 0000000004, NULL, '$2a$07$jpdeveloperstringforsOk0vkvMOVVB8r722xvEQLXl//e23GFq.', '1', NULL, NULL, 0, NULL, '2016-07-07 18:38:01'),
(0000000068, 0000000001, 0000000004, NULL, '$2a$07$jpdeveloperstringforsOk0vkvMOVVB8r722xvEQLXl//e23GFq.', '1', NULL, NULL, 0, NULL, '2016-07-07 18:38:03'),
(0000000069, 0000000001, 0000000004, NULL, '$2a$07$jpdeveloperstringforsOk0vkvMOVVB8r722xvEQLXl//e23GFq.', '1', NULL, NULL, 0, NULL, '2016-07-07 18:38:08'),
(0000000070, 0000000001, 0000000004, NULL, '$2a$07$jpdeveloperstringforsOk0vkvMOVVB8r722xvEQLXl//e23GFq.', '1', NULL, NULL, 0, NULL, '2016-07-07 18:41:09'),
(0000000071, 0000000001, 0000000004, NULL, '$2a$07$jpdeveloperstringforsOk0vkvMOVVB8r722xvEQLXl//e23GFq.', '1', NULL, NULL, 0, NULL, '2016-07-07 18:41:15'),
(0000000072, 0000000001, 0000000004, NULL, '$2a$07$jpdeveloperstringforsOk0vkvMOVVB8r722xvEQLXl//e23GFq.', '1', NULL, NULL, 0, NULL, '2016-07-07 18:41:17'),
(0000000073, 0000000001, 0000000004, NULL, '$2a$07$jpdeveloperstringforsOk0vkvMOVVB8r722xvEQLXl//e23GFq.', '1', NULL, NULL, 0, NULL, '2016-07-07 18:41:34'),
(0000000074, 0000000001, 0000000004, NULL, '$2a$07$jpdeveloperstringforsOk0vkvMOVVB8r722xvEQLXl//e23GFq.', '1', NULL, NULL, 0, NULL, '2016-07-07 18:41:39'),
(0000000075, 0000000001, 0000000004, NULL, '$2a$07$jpdeveloperstringforsOk0vkvMOVVB8r722xvEQLXl//e23GFq.', '1', NULL, NULL, 0, NULL, '2016-07-07 18:41:43'),
(0000000076, 0000000001, 0000000004, NULL, '$2a$07$jpdeveloperstringforsOk0vkvMOVVB8r722xvEQLXl//e23GFq.', '1', NULL, NULL, 0, NULL, '2016-07-07 18:41:46'),
(0000000077, 0000000001, 0000000004, NULL, '$2a$07$jpdeveloperstringforsOk0vkvMOVVB8r722xvEQLXl//e23GFq.', '1', NULL, NULL, 0, NULL, '2016-07-07 18:41:48'),
(0000000078, 0000000001, 0000000004, NULL, '$2a$07$jpdeveloperstringforsOk0vkvMOVVB8r722xvEQLXl//e23GFq.', '1', NULL, NULL, 0, NULL, '2016-07-07 18:41:51'),
(0000000079, 0000000001, 0000000004, NULL, '$2a$07$jpdeveloperstringforsOk0vkvMOVVB8r722xvEQLXl//e23GFq.', '1', NULL, NULL, 0, NULL, '2016-07-07 18:41:53'),
(0000000080, 0000000001, 0000000004, NULL, '$2a$07$jpdeveloperstringforsOk0vkvMOVVB8r722xvEQLXl//e23GFq.', '1', NULL, NULL, 0, NULL, '2016-07-07 18:41:55'),
(0000000081, 0000000001, 0000000004, NULL, '$2a$07$jpdeveloperstringforsOk0vkvMOVVB8r722xvEQLXl//e23GFq.', '1', NULL, NULL, 0, NULL, '2016-07-07 18:41:57'),
(0000000082, 0000000001, 0000000004, NULL, '$2a$07$jpdeveloperstringforsOk0vkvMOVVB8r722xvEQLXl//e23GFq.', '1', NULL, NULL, 0, NULL, '2016-07-07 18:42:00'),
(0000000083, 0000000001, 0000000004, NULL, '$2a$07$jpdeveloperstringforsOk0vkvMOVVB8r722xvEQLXl//e23GFq.', '1', NULL, NULL, 0, NULL, '2016-07-07 18:42:02'),
(0000000084, 0000000001, 0000000004, NULL, '$2a$07$jpdeveloperstringforsOk0vkvMOVVB8r722xvEQLXl//e23GFq.', '1', NULL, NULL, 0, NULL, '2016-07-07 18:42:05'),
(0000000085, 0000000001, 0000000004, NULL, '$2a$07$jpdeveloperstringforsOk0vkvMOVVB8r722xvEQLXl//e23GFq.', '1', NULL, NULL, 0, NULL, '2016-07-07 18:42:08'),
(0000000086, 0000000001, 0000000004, NULL, '$2a$07$jpdeveloperstringforsOk0vkvMOVVB8r722xvEQLXl//e23GFq.', '1', NULL, NULL, 0, NULL, '2016-07-07 18:42:11'),
(0000000087, 0000000001, 0000000004, NULL, '$2a$07$jpdeveloperstringforsOk0vkvMOVVB8r722xvEQLXl//e23GFq.', '1', NULL, NULL, 0, NULL, '2016-07-07 18:42:13'),
(0000000088, 0000000001, 0000000004, NULL, '$2a$07$jpdeveloperstringforsOk0vkvMOVVB8r722xvEQLXl//e23GFq.', '1', NULL, NULL, 0, NULL, '2016-07-07 18:42:16'),
(0000000089, 0000000001, 0000000004, NULL, '$2a$07$jpdeveloperstringforsOk0vkvMOVVB8r722xvEQLXl//e23GFq.', '1', NULL, NULL, 0, NULL, '2016-07-07 18:42:18'),
(0000000090, 0000000001, 0000000004, NULL, '$2a$07$jpdeveloperstringforsOk0vkvMOVVB8r722xvEQLXl//e23GFq.', '1', NULL, NULL, 0, NULL, '2016-07-07 18:42:25'),
(0000000091, 0000000001, 0000000004, NULL, '$2a$07$jpdeveloperstringforsOk0vkvMOVVB8r722xvEQLXl//e23GFq.', '1', NULL, NULL, 0, NULL, '2016-07-07 18:42:27'),
(0000000092, 0000000001, 0000000004, NULL, '$2a$07$jpdeveloperstringforsOk0vkvMOVVB8r722xvEQLXl//e23GFq.', '1', NULL, NULL, 0, NULL, '2016-07-07 18:42:30'),
(0000000093, 0000000001, 0000000004, NULL, '$2a$07$jpdeveloperstringforsOk0vkvMOVVB8r722xvEQLXl//e23GFq.', '1', NULL, NULL, 0, NULL, '2016-07-07 18:42:32'),
(0000000094, 0000000001, 0000000004, NULL, '$2a$07$jpdeveloperstringforsOk0vkvMOVVB8r722xvEQLXl//e23GFq.', '1', NULL, NULL, 0, NULL, '2016-07-07 18:42:34'),
(0000000095, 0000000001, 0000000004, NULL, '$2a$07$jpdeveloperstringforsOk0vkvMOVVB8r722xvEQLXl//e23GFq.', '1', NULL, NULL, 0, NULL, '2016-07-07 18:42:37'),
(0000000096, 0000000001, 0000000004, NULL, '$2a$07$jpdeveloperstringforsOk0vkvMOVVB8r722xvEQLXl//e23GFq.', '1', NULL, NULL, 0, NULL, '2016-07-07 18:42:40'),
(0000000097, 0000000001, 0000000004, NULL, '$2a$07$jpdeveloperstringforsOk0vkvMOVVB8r722xvEQLXl//e23GFq.', '1', NULL, NULL, 0, NULL, '2016-07-07 18:42:42'),
(0000000098, 0000000001, 0000000004, NULL, '$2a$07$jpdeveloperstringforsOk0vkvMOVVB8r722xvEQLXl//e23GFq.', '1', NULL, NULL, 0, NULL, '2016-07-07 18:42:44'),
(0000000099, 0000000001, 0000000004, NULL, '$2a$07$jpdeveloperstringforsOk0vkvMOVVB8r722xvEQLXl//e23GFq.', '1', NULL, NULL, 0, NULL, '2016-07-07 18:42:46'),
(0000000100, 0000000001, 0000000004, NULL, '$2a$07$jpdeveloperstringforsOk0vkvMOVVB8r722xvEQLXl//e23GFq.', '1', NULL, NULL, 0, NULL, '2016-07-07 18:42:48'),
(0000000101, 0000000001, 0000000004, NULL, '$2a$07$jpdeveloperstringforsOk0vkvMOVVB8r722xvEQLXl//e23GFq.', '1', NULL, NULL, 0, NULL, '2016-07-07 18:42:51'),
(0000000102, 0000000001, 0000000004, NULL, '$2a$07$jpdeveloperstringforsOk0vkvMOVVB8r722xvEQLXl//e23GFq.', '1', NULL, NULL, 0, NULL, '2016-07-07 18:42:53'),
(0000000103, 0000000001, 0000000004, NULL, '$2a$07$jpdeveloperstringforsOk0vkvMOVVB8r722xvEQLXl//e23GFq.', '1', NULL, NULL, 0, NULL, '2016-07-07 18:42:55'),
(0000000104, 0000000001, 0000000004, NULL, '$2a$07$jpdeveloperstringforsOk0vkvMOVVB8r722xvEQLXl//e23GFq.', '1', NULL, NULL, 0, NULL, '2016-07-07 18:42:57'),
(0000000105, 0000000001, 0000000004, NULL, '$2a$07$jpdeveloperstringforsOk0vkvMOVVB8r722xvEQLXl//e23GFq.', '1', NULL, NULL, 0, NULL, '2016-07-07 18:42:59'),
(0000000106, 0000000001, 0000000004, NULL, '$2a$07$jpdeveloperstringforsOk0vkvMOVVB8r722xvEQLXl//e23GFq.', '1', NULL, NULL, 0, NULL, '2016-07-07 18:43:02'),
(0000000107, 0000000001, 0000000004, NULL, '$2a$07$jpdeveloperstringforsOk0vkvMOVVB8r722xvEQLXl//e23GFq.', '1', NULL, NULL, 0, NULL, '2016-07-07 18:43:05'),
(0000000108, 0000000001, 0000000004, NULL, '$2a$07$jpdeveloperstringforsOk0vkvMOVVB8r722xvEQLXl//e23GFq.', '1', NULL, NULL, 0, NULL, '2016-07-07 18:43:10'),
(0000000109, 0000000001, 0000000004, NULL, '$2a$07$jpdeveloperstringforsOk0vkvMOVVB8r722xvEQLXl//e23GFq.', '1', NULL, NULL, 0, NULL, '2016-07-07 18:43:12'),
(0000000110, 0000000001, 0000000004, NULL, '$2a$07$jpdeveloperstringforsOk0vkvMOVVB8r722xvEQLXl//e23GFq.', '1', NULL, NULL, 0, NULL, '2016-07-07 18:43:14'),
(0000000111, 0000000001, 0000000004, NULL, '$2a$07$jpdeveloperstringforsOk0vkvMOVVB8r722xvEQLXl//e23GFq.', '1', NULL, NULL, 0, NULL, '2016-07-07 18:43:16'),
(0000000112, 0000000001, 0000000004, NULL, '$2a$07$jpdeveloperstringforsOk0vkvMOVVB8r722xvEQLXl//e23GFq.', '1', NULL, NULL, 0, NULL, '2016-07-07 18:43:19'),
(0000000113, 0000000001, 0000000004, NULL, '$2a$07$jpdeveloperstringforsOk0vkvMOVVB8r722xvEQLXl//e23GFq.', '1', NULL, NULL, 0, NULL, '2016-07-07 18:43:21'),
(0000000114, 0000000001, 0000000004, NULL, '$2a$07$jpdeveloperstringforsOk0vkvMOVVB8r722xvEQLXl//e23GFq.', '1', NULL, NULL, 0, NULL, '2016-07-07 18:43:24'),
(0000000115, 0000000001, 0000000004, NULL, '$2a$07$jpdeveloperstringforsOk0vkvMOVVB8r722xvEQLXl//e23GFq.', '1', NULL, NULL, 0, NULL, '2016-07-07 18:43:32'),
(0000000116, 0000000001, 0000000004, NULL, '$2a$07$jpdeveloperstringforsOk0vkvMOVVB8r722xvEQLXl//e23GFq.', '1', NULL, NULL, 0, NULL, '2016-07-07 18:43:36'),
(0000000117, 0000000001, 0000000004, NULL, '$2a$07$jpdeveloperstringforsOk0vkvMOVVB8r722xvEQLXl//e23GFq.', '1', NULL, NULL, 0, NULL, '2016-07-07 18:43:41'),
(0000000118, 0000000001, 0000000004, NULL, '$2a$07$jpdeveloperstringforsOk0vkvMOVVB8r722xvEQLXl//e23GFq.', '1', NULL, NULL, 0, NULL, '2016-07-07 18:43:44'),
(0000000119, 0000000001, 0000000004, NULL, '$2a$07$jpdeveloperstringforsOk0vkvMOVVB8r722xvEQLXl//e23GFq.', '1', NULL, NULL, 0, NULL, '2016-07-07 18:43:46'),
(0000000120, 0000000001, 0000000004, NULL, '$2a$07$jpdeveloperstringforsOk0vkvMOVVB8r722xvEQLXl//e23GFq.', '1', NULL, NULL, 0, NULL, '2016-07-07 18:43:49'),
(0000000121, 0000000001, 0000000004, NULL, '$2a$07$jpdeveloperstringforsOk0vkvMOVVB8r722xvEQLXl//e23GFq.', '1', NULL, NULL, 0, NULL, '2016-07-07 18:43:52'),
(0000000122, 0000000001, 0000000004, NULL, '$2a$07$jpdeveloperstringforsOk0vkvMOVVB8r722xvEQLXl//e23GFq.', '1', NULL, NULL, 0, NULL, '2016-07-07 18:43:54'),
(0000000123, 0000000001, 0000000004, NULL, '$2a$07$jpdeveloperstringforsOk0vkvMOVVB8r722xvEQLXl//e23GFq.', '1', NULL, NULL, 0, NULL, '2016-07-07 18:43:56'),
(0000000124, 0000000001, 0000000004, NULL, '$2a$07$jpdeveloperstringforsOk0vkvMOVVB8r722xvEQLXl//e23GFq.', '1', NULL, NULL, 0, NULL, '2016-07-07 18:43:59'),
(0000000125, 0000000001, 0000000004, NULL, '$2a$07$jpdeveloperstringforsOk0vkvMOVVB8r722xvEQLXl//e23GFq.', '1', NULL, NULL, 0, NULL, '2016-07-07 18:44:01'),
(0000000126, 0000000001, 0000000004, NULL, '$2a$07$jpdeveloperstringforsOk0vkvMOVVB8r722xvEQLXl//e23GFq.', '1', NULL, NULL, 0, NULL, '2016-07-07 18:44:03'),
(0000000127, 0000000001, 0000000004, NULL, '$2a$07$jpdeveloperstringforsOk0vkvMOVVB8r722xvEQLXl//e23GFq.', '1', NULL, NULL, 0, NULL, '2016-07-07 18:44:05'),
(0000000128, 0000000001, 0000000004, NULL, '$2a$07$jpdeveloperstringforsOk0vkvMOVVB8r722xvEQLXl//e23GFq.', '1', NULL, NULL, 0, NULL, '2016-07-07 18:44:07'),
(0000000129, 0000000001, 0000000004, NULL, '$2a$07$jpdeveloperstringforsOk0vkvMOVVB8r722xvEQLXl//e23GFq.', '1', NULL, NULL, 0, NULL, '2016-07-07 18:44:09'),
(0000000130, 0000000001, 0000000004, NULL, '$2a$07$jpdeveloperstringforsOk0vkvMOVVB8r722xvEQLXl//e23GFq.', '1', NULL, NULL, 0, NULL, '2016-07-07 18:44:09'),
(0000000131, 0000000001, 0000000004, NULL, '$2a$07$jpdeveloperstringforsOk0vkvMOVVB8r722xvEQLXl//e23GFq.', '1', NULL, NULL, 0, NULL, '2016-07-07 18:44:11'),
(0000000132, 0000000001, 0000000004, NULL, '$2a$07$jpdeveloperstringforsOk0vkvMOVVB8r722xvEQLXl//e23GFq.', '1', NULL, NULL, 0, NULL, '2016-07-07 18:44:13'),
(0000000133, 0000000001, 0000000004, NULL, '$2a$07$jpdeveloperstringforsOk0vkvMOVVB8r722xvEQLXl//e23GFq.', '1', NULL, NULL, 0, NULL, '2016-07-07 18:44:15'),
(0000000134, 0000000001, 0000000004, NULL, '$2a$07$jpdeveloperstringforsOk0vkvMOVVB8r722xvEQLXl//e23GFq.', '1', NULL, NULL, 0, NULL, '2016-07-07 18:44:18'),
(0000000135, 0000000001, 0000000004, NULL, '$2a$07$jpdeveloperstringforsOk0vkvMOVVB8r722xvEQLXl//e23GFq.', '1', NULL, NULL, 0, NULL, '2016-07-07 18:44:20'),
(0000000136, 0000000001, 0000000004, NULL, '$2a$07$jpdeveloperstringforsOk0vkvMOVVB8r722xvEQLXl//e23GFq.', '1', NULL, NULL, 0, NULL, '2016-07-07 18:44:22'),
(0000000137, 0000000001, 0000000004, NULL, '$2a$07$jpdeveloperstringforsOk0vkvMOVVB8r722xvEQLXl//e23GFq.', '1', NULL, NULL, 0, NULL, '2016-07-07 18:44:24'),
(0000000138, 0000000001, 0000000004, NULL, '$2a$07$jpdeveloperstringforsOk0vkvMOVVB8r722xvEQLXl//e23GFq.', '1', NULL, NULL, 0, NULL, '2016-07-07 18:44:25'),
(0000000139, 0000000001, 0000000004, NULL, '$2a$07$jpdeveloperstringforsOk0vkvMOVVB8r722xvEQLXl//e23GFq.', '1', NULL, NULL, 0, NULL, '2016-07-07 18:44:27'),
(0000000140, 0000000001, 0000000004, NULL, '$2a$07$jpdeveloperstringforsOk0vkvMOVVB8r722xvEQLXl//e23GFq.', '1', NULL, NULL, 0, NULL, '2016-07-07 18:44:32'),
(0000000141, 0000000001, 0000000004, NULL, '$2a$07$jpdeveloperstringforsOk0vkvMOVVB8r722xvEQLXl//e23GFq.', '1', NULL, NULL, 0, NULL, '2016-07-07 18:44:34'),
(0000000142, 0000000001, 0000000004, NULL, '$2a$07$jpdeveloperstringforsOk0vkvMOVVB8r722xvEQLXl//e23GFq.', '1', NULL, NULL, 0, NULL, '2016-07-07 18:44:36'),
(0000000143, 0000000001, 0000000004, NULL, '$2a$07$jpdeveloperstringforsOk0vkvMOVVB8r722xvEQLXl//e23GFq.', '1', NULL, NULL, 0, NULL, '2016-07-07 18:44:38'),
(0000000144, 0000000001, 0000000004, NULL, '$2a$07$jpdeveloperstringforsOk0vkvMOVVB8r722xvEQLXl//e23GFq.', '1', NULL, NULL, 0, NULL, '2016-07-07 18:44:40'),
(0000000145, 0000000001, 0000000004, NULL, '$2a$07$jpdeveloperstringforsOk0vkvMOVVB8r722xvEQLXl//e23GFq.', '1', NULL, NULL, 0, NULL, '2016-07-07 18:44:43'),
(0000000146, 0000000001, 0000000004, NULL, '$2a$07$jpdeveloperstringforsOk0vkvMOVVB8r722xvEQLXl//e23GFq.', '1', NULL, NULL, 0, NULL, '2016-07-07 18:44:45'),
(0000000147, 0000000001, 0000000004, NULL, '$2a$07$jpdeveloperstringforsOk0vkvMOVVB8r722xvEQLXl//e23GFq.', '1', NULL, NULL, 0, NULL, '2016-07-07 18:44:47'),
(0000000148, 0000000001, 0000000004, NULL, '$2a$07$jpdeveloperstringforsOk0vkvMOVVB8r722xvEQLXl//e23GFq.', '1', NULL, NULL, 0, NULL, '2016-07-07 18:44:49'),
(0000000149, 0000000001, 0000000004, NULL, '$2a$07$jpdeveloperstringforsOk0vkvMOVVB8r722xvEQLXl//e23GFq.', '1', NULL, NULL, 0, NULL, '2016-07-07 18:44:52'),
(0000000150, 0000000001, 0000000004, NULL, '$2a$07$jpdeveloperstringforsOk0vkvMOVVB8r722xvEQLXl//e23GFq.', '1', NULL, NULL, 0, NULL, '2016-07-07 18:44:54'),
(0000000151, 0000000001, 0000000004, NULL, '$2a$07$jpdeveloperstringforsOk0vkvMOVVB8r722xvEQLXl//e23GFq.', '1', NULL, NULL, 0, NULL, '2016-07-07 18:44:58'),
(0000000152, 0000000001, 0000000004, NULL, '$2a$07$jpdeveloperstringforsOk0vkvMOVVB8r722xvEQLXl//e23GFq.', '1', NULL, NULL, 0, NULL, '2016-07-07 18:45:02'),
(0000000153, 0000000001, 0000000004, NULL, '$2a$07$jpdeveloperstringforsOk0vkvMOVVB8r722xvEQLXl//e23GFq.', '1', NULL, NULL, 0, NULL, '2016-07-07 18:45:05'),
(0000000154, 0000000001, 0000000004, NULL, '$2a$07$jpdeveloperstringforsOk0vkvMOVVB8r722xvEQLXl//e23GFq.', '1', NULL, NULL, 0, NULL, '2016-07-07 18:45:12'),
(0000000155, 0000000001, 0000000004, NULL, '$2a$07$jpdeveloperstringforsOk0vkvMOVVB8r722xvEQLXl//e23GFq.', '1', NULL, NULL, 0, NULL, '2016-07-07 18:45:13'),
(0000000156, 0000000001, 0000000004, NULL, '$2a$07$jpdeveloperstringforsOk0vkvMOVVB8r722xvEQLXl//e23GFq.', '1', NULL, NULL, 0, NULL, '2016-07-07 18:45:16'),
(0000000157, 0000000001, 0000000004, NULL, '$2a$07$jpdeveloperstringforsOk0vkvMOVVB8r722xvEQLXl//e23GFq.', '1', NULL, NULL, 0, NULL, '2016-07-07 18:45:18'),
(0000000158, 0000000001, 0000000004, NULL, '$2a$07$jpdeveloperstringforsOk0vkvMOVVB8r722xvEQLXl//e23GFq.', '1', NULL, NULL, 0, NULL, '2016-07-07 18:45:22'),
(0000000159, 0000000001, 0000000004, NULL, '$2a$07$jpdeveloperstringforsOk0vkvMOVVB8r722xvEQLXl//e23GFq.', '1', NULL, NULL, 0, NULL, '2016-07-07 18:45:25'),
(0000000160, 0000000001, 0000000004, NULL, '$2a$07$jpdeveloperstringforsOk0vkvMOVVB8r722xvEQLXl//e23GFq.', '1', NULL, NULL, 0, NULL, '2016-07-07 18:45:29'),
(0000000161, 0000000001, 0000000004, NULL, '$2a$07$jpdeveloperstringforsOk0vkvMOVVB8r722xvEQLXl//e23GFq.', '1', NULL, NULL, 0, NULL, '2016-07-07 18:45:31'),
(0000000162, 0000000001, 0000000004, NULL, '$2a$07$jpdeveloperstringforsOk0vkvMOVVB8r722xvEQLXl//e23GFq.', '1', NULL, NULL, 0, NULL, '2016-07-07 18:45:34'),
(0000000163, 0000000001, 0000000004, NULL, '$2a$07$jpdeveloperstringforsOk0vkvMOVVB8r722xvEQLXl//e23GFq.', '1', NULL, NULL, 0, NULL, '2016-07-07 18:45:36'),
(0000000164, 0000000001, 0000000004, NULL, '$2a$07$jpdeveloperstringforsOk0vkvMOVVB8r722xvEQLXl//e23GFq.', '1', NULL, NULL, 0, NULL, '2016-07-07 18:45:38'),
(0000000165, 0000000001, 0000000004, NULL, '$2a$07$jpdeveloperstringforsOk0vkvMOVVB8r722xvEQLXl//e23GFq.', '1', NULL, NULL, 0, NULL, '2016-07-07 18:45:40'),
(0000000166, 0000000001, 0000000004, NULL, '$2a$07$jpdeveloperstringforsOk0vkvMOVVB8r722xvEQLXl//e23GFq.', '1', NULL, NULL, 0, NULL, '2016-07-07 18:45:42'),
(0000000167, 0000000001, 0000000004, NULL, '$2a$07$jpdeveloperstringforsOk0vkvMOVVB8r722xvEQLXl//e23GFq.', '1', NULL, NULL, 0, NULL, '2016-07-07 18:45:44'),
(0000000168, 0000000001, 0000000004, NULL, '$2a$07$jpdeveloperstringforsOk0vkvMOVVB8r722xvEQLXl//e23GFq.', '1', NULL, NULL, 0, NULL, '2016-07-07 18:45:47'),
(0000000169, 0000000001, 0000000004, NULL, '$2a$07$jpdeveloperstringforsOk0vkvMOVVB8r722xvEQLXl//e23GFq.', '1', NULL, NULL, 0, NULL, '2016-07-07 18:45:49'),
(0000000170, 0000000001, 0000000004, NULL, '$2a$07$jpdeveloperstringforsOk0vkvMOVVB8r722xvEQLXl//e23GFq.', '1', NULL, NULL, 0, NULL, '2016-07-07 18:45:52'),
(0000000171, 0000000001, 0000000004, NULL, '$2a$07$jpdeveloperstringforsOk0vkvMOVVB8r722xvEQLXl//e23GFq.', '1', NULL, NULL, 0, NULL, '2016-07-07 18:45:58'),
(0000000172, 0000000001, 0000000004, NULL, '$2a$07$jpdeveloperstringforsOk0vkvMOVVB8r722xvEQLXl//e23GFq.', '1', NULL, NULL, 0, NULL, '2016-07-07 18:46:01'),
(0000000173, 0000000001, 0000000004, NULL, '$2a$07$jpdeveloperstringforsOk0vkvMOVVB8r722xvEQLXl//e23GFq.', '1', NULL, NULL, 0, NULL, '2016-07-07 18:46:03'),
(0000000174, 0000000001, 0000000004, NULL, '$2a$07$jpdeveloperstringforsOk0vkvMOVVB8r722xvEQLXl//e23GFq.', '1', NULL, NULL, 0, NULL, '2016-07-07 18:46:05'),
(0000000175, 0000000001, 0000000004, NULL, '$2a$07$jpdeveloperstringforsOk0vkvMOVVB8r722xvEQLXl//e23GFq.', '1', NULL, NULL, 0, NULL, '2016-07-07 18:46:07'),
(0000000176, 0000000001, 0000000004, NULL, '$2a$07$jpdeveloperstringforsOk0vkvMOVVB8r722xvEQLXl//e23GFq.', '1', NULL, NULL, 0, NULL, '2016-07-07 18:46:09'),
(0000000177, 0000000001, 0000000004, NULL, '$2a$07$jpdeveloperstringforsOk0vkvMOVVB8r722xvEQLXl//e23GFq.', '1', NULL, NULL, 0, NULL, '2016-07-07 18:46:11'),
(0000000178, 0000000001, 0000000004, NULL, '$2a$07$jpdeveloperstringforsOk0vkvMOVVB8r722xvEQLXl//e23GFq.', '1', NULL, NULL, 0, NULL, '2016-07-07 18:46:13'),
(0000000179, 0000000001, 0000000004, NULL, '$2a$07$jpdeveloperstringforsOk0vkvMOVVB8r722xvEQLXl//e23GFq.', '1', NULL, NULL, 0, NULL, '2016-07-07 18:46:16'),
(0000000180, 0000000001, 0000000004, NULL, '$2a$07$jpdeveloperstringforsOk0vkvMOVVB8r722xvEQLXl//e23GFq.', '1', NULL, NULL, 0, NULL, '2016-07-07 18:46:18'),
(0000000181, 0000000001, 0000000004, NULL, '$2a$07$jpdeveloperstringforsOk0vkvMOVVB8r722xvEQLXl//e23GFq.', '1', NULL, NULL, 0, NULL, '2016-07-07 18:46:20'),
(0000000182, 0000000001, 0000000004, NULL, '$2a$07$jpdeveloperstringforsOk0vkvMOVVB8r722xvEQLXl//e23GFq.', '1', NULL, NULL, 0, NULL, '2016-07-07 18:46:22'),
(0000000183, 0000000001, 0000000004, NULL, '$2a$07$jpdeveloperstringforsOk0vkvMOVVB8r722xvEQLXl//e23GFq.', '1', NULL, NULL, 0, NULL, '2016-07-07 18:46:25'),
(0000000184, 0000000001, 0000000004, NULL, '$2a$07$jpdeveloperstringforsOk0vkvMOVVB8r722xvEQLXl//e23GFq.', '1', NULL, NULL, 0, NULL, '2016-07-07 18:46:27'),
(0000000185, 0000000001, 0000000004, NULL, '$2a$07$jpdeveloperstringforsOk0vkvMOVVB8r722xvEQLXl//e23GFq.', '1', NULL, NULL, 0, NULL, '2016-07-07 18:46:29'),
(0000000186, 0000000001, 0000000004, NULL, '$2a$07$jpdeveloperstringforsOk0vkvMOVVB8r722xvEQLXl//e23GFq.', '1', NULL, NULL, 0, NULL, '2016-07-07 18:46:32'),
(0000000187, 0000000001, 0000000004, NULL, '$2a$07$jpdeveloperstringforsOk0vkvMOVVB8r722xvEQLXl//e23GFq.', '1', NULL, NULL, 0, NULL, '2016-07-07 18:46:35'),
(0000000188, 0000000001, 0000000004, NULL, '$2a$07$jpdeveloperstringforsOk0vkvMOVVB8r722xvEQLXl//e23GFq.', '1', NULL, NULL, 0, NULL, '2016-07-07 18:46:37'),
(0000000189, 0000000001, 0000000004, NULL, '$2a$07$jpdeveloperstringforsOk0vkvMOVVB8r722xvEQLXl//e23GFq.', '1', NULL, NULL, 0, NULL, '2016-07-07 18:46:40'),
(0000000190, 0000000001, 0000000004, NULL, '$2a$07$jpdeveloperstringforsOk0vkvMOVVB8r722xvEQLXl//e23GFq.', '1', NULL, NULL, 0, NULL, '2016-07-07 18:46:42'),
(0000000191, 0000000001, 0000000004, NULL, '$2a$07$jpdeveloperstringforsOk0vkvMOVVB8r722xvEQLXl//e23GFq.', '1', NULL, NULL, 0, NULL, '2016-07-07 18:46:44'),
(0000000192, 0000000001, 0000000004, NULL, '$2a$07$jpdeveloperstringforsOk0vkvMOVVB8r722xvEQLXl//e23GFq.', '1', NULL, NULL, 0, NULL, '2016-07-07 18:46:46'),
(0000000193, 0000000001, 0000000004, NULL, '$2a$07$jpdeveloperstringforsOk0vkvMOVVB8r722xvEQLXl//e23GFq.', '1', NULL, NULL, 0, NULL, '2016-07-07 18:46:49'),
(0000000194, 0000000001, 0000000004, NULL, '$2a$07$jpdeveloperstringforsOk0vkvMOVVB8r722xvEQLXl//e23GFq.', '1', NULL, NULL, 0, NULL, '2016-07-07 18:46:51'),
(0000000195, 0000000001, 0000000004, NULL, '$2a$07$jpdeveloperstringforsOk0vkvMOVVB8r722xvEQLXl//e23GFq.', '1', NULL, NULL, 0, NULL, '2016-07-07 18:46:54'),
(0000000196, 0000000001, 0000000004, NULL, '$2a$07$jpdeveloperstringforsOk0vkvMOVVB8r722xvEQLXl//e23GFq.', '1', NULL, NULL, 0, NULL, '2016-07-07 18:46:56'),
(0000000197, 0000000001, 0000000004, NULL, '$2a$07$jpdeveloperstringforsOk0vkvMOVVB8r722xvEQLXl//e23GFq.', '1', NULL, NULL, 0, NULL, '2016-07-07 18:46:59'),
(0000000198, 0000000001, 0000000004, NULL, '$2a$07$jpdeveloperstringforsOk0vkvMOVVB8r722xvEQLXl//e23GFq.', '1', NULL, NULL, 0, NULL, '2016-07-07 18:47:01'),
(0000000199, 0000000001, 0000000004, NULL, '$2a$07$jpdeveloperstringforsOk0vkvMOVVB8r722xvEQLXl//e23GFq.', '1', NULL, NULL, 0, NULL, '2016-07-07 18:47:04'),
(0000000200, 0000000001, 0000000004, NULL, '$2a$07$jpdeveloperstringforsOk0vkvMOVVB8r722xvEQLXl//e23GFq.', '1', NULL, NULL, 0, NULL, '2016-07-07 18:47:06'),
(0000000201, 0000000001, 0000000004, NULL, '$2a$07$jpdeveloperstringforsOk0vkvMOVVB8r722xvEQLXl//e23GFq.', '1', NULL, NULL, 0, NULL, '2016-07-07 18:47:08'),
(0000000202, 0000000001, 0000000004, NULL, '$2a$07$jpdeveloperstringforsOk0vkvMOVVB8r722xvEQLXl//e23GFq.', '1', NULL, NULL, 0, NULL, '2016-07-07 18:47:10'),
(0000000203, 0000000001, 0000000004, NULL, '$2a$07$jpdeveloperstringforsOk0vkvMOVVB8r722xvEQLXl//e23GFq.', '1', NULL, NULL, 0, NULL, '2016-07-07 18:47:13'),
(0000000204, 0000000001, 0000000004, NULL, '$2a$07$jpdeveloperstringforsOk0vkvMOVVB8r722xvEQLXl//e23GFq.', '1', NULL, NULL, 0, NULL, '2016-07-07 18:47:15'),
(0000000205, 0000000001, 0000000004, NULL, '$2a$07$jpdeveloperstringforsOk0vkvMOVVB8r722xvEQLXl//e23GFq.', '1', NULL, NULL, 0, NULL, '2016-07-07 18:47:17'),
(0000000206, 0000000001, 0000000004, NULL, '$2a$07$jpdeveloperstringforsOk0vkvMOVVB8r722xvEQLXl//e23GFq.', '1', NULL, NULL, 0, NULL, '2016-07-07 18:47:19'),
(0000000207, 0000000001, 0000000004, NULL, '$2a$07$jpdeveloperstringforsOk0vkvMOVVB8r722xvEQLXl//e23GFq.', '1', NULL, NULL, 0, NULL, '2016-07-07 18:47:22'),
(0000000208, 0000000001, 0000000004, NULL, '$2a$07$jpdeveloperstringforsOk0vkvMOVVB8r722xvEQLXl//e23GFq.', '1', NULL, NULL, 0, NULL, '2016-07-07 18:47:24'),
(0000000209, 0000000001, 0000000004, NULL, '$2a$07$jpdeveloperstringforsOk0vkvMOVVB8r722xvEQLXl//e23GFq.', '1', NULL, NULL, 0, NULL, '2016-07-07 18:47:26'),
(0000000210, 0000000001, 0000000004, NULL, '$2a$07$jpdeveloperstringforsOk0vkvMOVVB8r722xvEQLXl//e23GFq.', '1', NULL, NULL, 0, NULL, '2016-07-07 18:47:28'),
(0000000211, 0000000001, 0000000004, NULL, '$2a$07$jpdeveloperstringforsOk0vkvMOVVB8r722xvEQLXl//e23GFq.', '1', NULL, NULL, 0, NULL, '2016-07-07 18:47:31'),
(0000000212, 0000000001, 0000000004, NULL, '$2a$07$jpdeveloperstringforsOk0vkvMOVVB8r722xvEQLXl//e23GFq.', '1', NULL, NULL, 0, NULL, '2016-07-07 18:47:33'),
(0000000213, 0000000001, 0000000004, NULL, '$2a$07$jpdeveloperstringforsOk0vkvMOVVB8r722xvEQLXl//e23GFq.', '1', NULL, NULL, 0, NULL, '2016-07-07 18:47:35'),
(0000000214, 0000000001, 0000000004, NULL, '$2a$07$jpdeveloperstringforsOk0vkvMOVVB8r722xvEQLXl//e23GFq.', '1', NULL, NULL, 0, NULL, '2016-07-07 18:47:37'),
(0000000215, 0000000001, 0000000004, NULL, '$2a$07$jpdeveloperstringforsOk0vkvMOVVB8r722xvEQLXl//e23GFq.', '1', NULL, NULL, 0, NULL, '2016-07-07 18:47:39'),
(0000000216, 0000000001, 0000000004, NULL, '$2a$07$jpdeveloperstringforsOk0vkvMOVVB8r722xvEQLXl//e23GFq.', '1', NULL, NULL, 0, NULL, '2016-07-07 18:47:41'),
(0000000217, 0000000001, 0000000004, NULL, '$2a$07$jpdeveloperstringforsOk0vkvMOVVB8r722xvEQLXl//e23GFq.', '1', NULL, NULL, 0, NULL, '2016-07-07 18:47:43'),
(0000000218, 0000000001, 0000000004, NULL, '$2a$07$jpdeveloperstringforsOk0vkvMOVVB8r722xvEQLXl//e23GFq.', '1', NULL, NULL, 0, NULL, '2016-07-07 18:47:46'),
(0000000219, 0000000001, 0000000004, NULL, '$2a$07$jpdeveloperstringforsOk0vkvMOVVB8r722xvEQLXl//e23GFq.', '1', NULL, NULL, 0, NULL, '2016-07-07 18:47:48'),
(0000000220, 0000000001, 0000000004, NULL, '$2a$07$jpdeveloperstringforsOk0vkvMOVVB8r722xvEQLXl//e23GFq.', '1', NULL, NULL, 0, NULL, '2016-07-07 18:47:50'),
(0000000221, 0000000001, 0000000004, NULL, '$2a$07$jpdeveloperstringforsOk0vkvMOVVB8r722xvEQLXl//e23GFq.', '1', NULL, NULL, 0, NULL, '2016-07-07 18:47:52'),
(0000000222, 0000000001, 0000000004, NULL, '$2a$07$jpdeveloperstringforsOk0vkvMOVVB8r722xvEQLXl//e23GFq.', '1', NULL, NULL, 0, NULL, '2016-07-07 18:47:54'),
(0000000223, 0000000001, 0000000004, NULL, '$2a$07$jpdeveloperstringforsOk0vkvMOVVB8r722xvEQLXl//e23GFq.', '1', NULL, NULL, 0, NULL, '2016-07-07 18:47:57'),
(0000000224, 0000000001, 0000000004, NULL, '$2a$07$jpdeveloperstringforsOk0vkvMOVVB8r722xvEQLXl//e23GFq.', '1', NULL, NULL, 0, NULL, '2016-07-07 18:47:59'),
(0000000225, 0000000001, 0000000004, NULL, '$2a$07$jpdeveloperstringforsOk0vkvMOVVB8r722xvEQLXl//e23GFq.', '1', NULL, NULL, 0, NULL, '2016-07-07 18:48:01'),
(0000000226, 0000000001, 0000000004, NULL, '$2a$07$jpdeveloperstringforsOk0vkvMOVVB8r722xvEQLXl//e23GFq.', '1', NULL, NULL, 0, NULL, '2016-07-07 18:48:04'),
(0000000227, 0000000001, 0000000004, NULL, '$2a$07$jpdeveloperstringforsOk0vkvMOVVB8r722xvEQLXl//e23GFq.', '1', NULL, NULL, 0, NULL, '2016-07-07 18:48:06'),
(0000000228, 0000000001, 0000000004, NULL, '$2a$07$jpdeveloperstringforsOk0vkvMOVVB8r722xvEQLXl//e23GFq.', '1', NULL, NULL, 0, NULL, '2016-07-07 18:48:11'),
(0000000229, 0000000001, 0000000004, NULL, '$2a$07$jpdeveloperstringforsOk0vkvMOVVB8r722xvEQLXl//e23GFq.', '1', NULL, NULL, 0, NULL, '2016-07-07 18:48:14'),
(0000000230, 0000000001, 0000000004, NULL, '$2a$07$jpdeveloperstringforsOk0vkvMOVVB8r722xvEQLXl//e23GFq.', '1', NULL, NULL, 0, NULL, '2016-07-07 18:48:16'),
(0000000231, 0000000001, 0000000004, NULL, '$2a$07$jpdeveloperstringforsOk0vkvMOVVB8r722xvEQLXl//e23GFq.', '1', NULL, NULL, 0, NULL, '2016-07-07 18:48:18'),
(0000000232, 0000000001, 0000000004, NULL, '$2a$07$jpdeveloperstringforsOk0vkvMOVVB8r722xvEQLXl//e23GFq.', '1', NULL, NULL, 0, NULL, '2016-07-07 18:48:21'),
(0000000233, 0000000001, 0000000004, NULL, '$2a$07$jpdeveloperstringforsOk0vkvMOVVB8r722xvEQLXl//e23GFq.', '1', NULL, NULL, 0, NULL, '2016-07-07 18:48:23'),
(0000000234, 0000000001, 0000000004, NULL, '$2a$07$jpdeveloperstringforsOk0vkvMOVVB8r722xvEQLXl//e23GFq.', '1', NULL, NULL, 0, NULL, '2016-07-07 18:48:27'),
(0000000235, 0000000001, 0000000004, NULL, '$2a$07$jpdeveloperstringforsOk0vkvMOVVB8r722xvEQLXl//e23GFq.', '1', NULL, NULL, 0, NULL, '2016-07-07 18:48:29'),
(0000000236, 0000000001, 0000000004, NULL, '$2a$07$jpdeveloperstringforsOk0vkvMOVVB8r722xvEQLXl//e23GFq.', '1', NULL, NULL, 0, NULL, '2016-07-07 18:48:31'),
(0000000237, 0000000001, 0000000004, NULL, '$2a$07$jpdeveloperstringforsOk0vkvMOVVB8r722xvEQLXl//e23GFq.', '1', NULL, NULL, 0, NULL, '2016-07-07 18:48:34'),
(0000000238, 0000000001, 0000000004, NULL, '$2a$07$jpdeveloperstringforsOk0vkvMOVVB8r722xvEQLXl//e23GFq.', '1', NULL, NULL, 0, NULL, '2016-07-07 18:48:36'),
(0000000239, 0000000001, 0000000004, NULL, '$2a$07$jpdeveloperstringforsOk0vkvMOVVB8r722xvEQLXl//e23GFq.', '1', NULL, NULL, 0, NULL, '2016-07-07 18:48:41'),
(0000000240, 0000000001, 0000000004, NULL, '$2a$07$jpdeveloperstringforsOk0vkvMOVVB8r722xvEQLXl//e23GFq.', '1', NULL, NULL, 0, NULL, '2016-07-07 18:51:54'),
(0000000241, 0000000001, 0000000004, NULL, '$2a$07$jpdeveloperstringforsOk0vkvMOVVB8r722xvEQLXl//e23GFq.', '1', NULL, NULL, 0, NULL, '2016-07-07 18:51:57'),
(0000000242, 0000000001, 0000000004, NULL, '$2a$07$jpdeveloperstringforsOk0vkvMOVVB8r722xvEQLXl//e23GFq.', '1', NULL, NULL, 0, NULL, '2016-07-07 18:51:59'),
(0000000243, 0000000001, 0000000004, NULL, '$2a$07$jpdeveloperstringforsOk0vkvMOVVB8r722xvEQLXl//e23GFq.', '1', NULL, NULL, 0, NULL, '2016-07-07 18:52:01'),
(0000000244, 0000000001, 0000000004, NULL, '$2a$07$jpdeveloperstringforsOk0vkvMOVVB8r722xvEQLXl//e23GFq.', '1', NULL, NULL, 0, NULL, '2016-07-07 18:52:03'),
(0000000245, 0000000001, 0000000004, NULL, '$2a$07$jpdeveloperstringforsOk0vkvMOVVB8r722xvEQLXl//e23GFq.', '1', NULL, NULL, 0, NULL, '2016-07-07 18:52:05'),
(0000000246, 0000000001, 0000000004, NULL, '$2a$07$jpdeveloperstringforsOk0vkvMOVVB8r722xvEQLXl//e23GFq.', '1', NULL, NULL, 0, NULL, '2016-07-07 18:52:08'),
(0000000247, 0000000001, 0000000004, NULL, '$2a$07$jpdeveloperstringforsOk0vkvMOVVB8r722xvEQLXl//e23GFq.', '1', NULL, NULL, 0, NULL, '2016-07-07 18:52:14'),
(0000000248, 0000000001, 0000000004, NULL, '$2a$07$jpdeveloperstringforsOk0vkvMOVVB8r722xvEQLXl//e23GFq.', '1', NULL, NULL, 0, NULL, '2016-07-07 18:52:16'),
(0000000249, 0000000001, 0000000004, NULL, '$2a$07$jpdeveloperstringforsOk0vkvMOVVB8r722xvEQLXl//e23GFq.', '1', NULL, NULL, 0, NULL, '2016-07-07 18:52:18'),
(0000000250, 0000000001, 0000000004, NULL, '$2a$07$jpdeveloperstringforsOk0vkvMOVVB8r722xvEQLXl//e23GFq.', '1', NULL, NULL, 0, NULL, '2016-07-07 18:52:21'),
(0000000251, 0000000001, 0000000004, NULL, '$2a$07$jpdeveloperstringforsOk0vkvMOVVB8r722xvEQLXl//e23GFq.', '1', NULL, NULL, 0, NULL, '2016-07-07 18:54:08'),
(0000000252, 0000000001, 0000000004, NULL, '$2a$07$jpdeveloperstringforsOk0vkvMOVVB8r722xvEQLXl//e23GFq.', '1', NULL, NULL, 0, NULL, '2016-07-07 18:55:09'),
(0000000253, 0000000001, 0000000004, NULL, '$2a$07$jpdeveloperstringforsOk0vkvMOVVB8r722xvEQLXl//e23GFq.', '1', NULL, NULL, 0, NULL, '2016-07-07 18:55:11'),
(0000000254, 0000000001, 0000000004, NULL, '$2a$07$jpdeveloperstringforsOk0vkvMOVVB8r722xvEQLXl//e23GFq.', '1', NULL, NULL, 0, NULL, '2016-07-07 18:55:13'),
(0000000255, 0000000001, 0000000004, NULL, '$2a$07$jpdeveloperstringforsOk0vkvMOVVB8r722xvEQLXl//e23GFq.', '1', NULL, NULL, 0, NULL, '2016-07-07 18:55:15'),
(0000000256, 0000000001, 0000000004, NULL, '$2a$07$jpdeveloperstringforsOk0vkvMOVVB8r722xvEQLXl//e23GFq.', '1', NULL, NULL, 0, NULL, '2016-07-07 18:55:17'),
(0000000257, 0000000001, 0000000004, NULL, '$2a$07$jpdeveloperstringforsOk0vkvMOVVB8r722xvEQLXl//e23GFq.', '1', NULL, NULL, 0, NULL, '2016-07-07 18:55:19'),
(0000000258, 0000000001, 0000000004, NULL, '$2a$07$jpdeveloperstringforsOk0vkvMOVVB8r722xvEQLXl//e23GFq.', '1', NULL, NULL, 0, NULL, '2016-07-07 18:55:21'),
(0000000259, 0000000001, 0000000004, NULL, '$2a$07$jpdeveloperstringforsOk0vkvMOVVB8r722xvEQLXl//e23GFq.', '1', NULL, NULL, 0, NULL, '2016-07-07 18:55:23'),
(0000000260, 0000000001, 0000000004, NULL, '$2a$07$jpdeveloperstringforsOk0vkvMOVVB8r722xvEQLXl//e23GFq.', '1', NULL, NULL, 0, NULL, '2016-07-07 18:55:25'),
(0000000261, 0000000001, 0000000005, NULL, '$2a$07$jpdeveloperstringforsOk0vkvMOVVB8r722xvEQLXl//e23GFq.', '1', NULL, NULL, 0, NULL, '2016-07-07 18:55:27'),
(0000000262, 0000000001, 0000000005, NULL, '$2a$07$jpdeveloperstringforsOk0vkvMOVVB8r722xvEQLXl//e23GFq.', '1', NULL, NULL, 0, NULL, '2016-07-07 18:55:29'),
(0000000263, 0000000001, 0000000005, NULL, '$2a$07$jpdeveloperstringforsOk0vkvMOVVB8r722xvEQLXl//e23GFq.', '1', NULL, NULL, 0, NULL, '2016-07-07 18:55:29'),
(0000000264, 0000000001, 0000000005, NULL, '$2a$07$jpdeveloperstringforsOk0vkvMOVVB8r722xvEQLXl//e23GFq.', '1', NULL, NULL, 0, NULL, '2016-07-07 18:55:31'),
(0000000265, 0000000001, 0000000005, NULL, '$2a$07$jpdeveloperstringforsOk0vkvMOVVB8r722xvEQLXl//e23GFq.', '1', NULL, NULL, 0, NULL, '2016-07-07 18:55:33'),
(0000000266, 0000000001, 0000000005, NULL, '$2a$07$jpdeveloperstringforsOk0vkvMOVVB8r722xvEQLXl//e23GFq.', '1', NULL, NULL, 0, NULL, '2016-07-07 18:55:35'),
(0000000267, 0000000001, 0000000005, NULL, '$2a$07$jpdeveloperstringforsOk0vkvMOVVB8r722xvEQLXl//e23GFq.', '1', NULL, NULL, 0, NULL, '2016-07-07 18:55:37'),
(0000000268, 0000000001, 0000000005, NULL, '$2a$07$jpdeveloperstringforsOk0vkvMOVVB8r722xvEQLXl//e23GFq.', '1', NULL, NULL, 0, NULL, '2016-07-07 18:55:39'),
(0000000269, 0000000001, 0000000005, NULL, '$2a$07$jpdeveloperstringforsOk0vkvMOVVB8r722xvEQLXl//e23GFq.', '1', NULL, NULL, 0, NULL, '2016-07-07 18:55:43'),
(0000000270, 0000000001, 0000000005, NULL, '$2a$07$jpdeveloperstringforsOk0vkvMOVVB8r722xvEQLXl//e23GFq.', '1', NULL, NULL, 0, NULL, '2016-07-07 18:55:45'),
(0000000271, 0000000001, NULL, NULL, '$2a$07$jpdeveloperstringforsOk0vkvMOVVB8r722xvEQLXl//e23GFq.', '2', NULL, NULL, 0, NULL, '2016-07-07 18:55:47'),
(0000000272, 0000000001, NULL, NULL, '$2a$07$jpdeveloperstringforsOk0vkvMOVVB8r722xvEQLXl//e23GFq.', '2', NULL, NULL, 0, NULL, '2016-07-07 18:55:49'),
(0000000273, 0000000001, NULL, NULL, '$2a$07$jpdeveloperstringforsOk0vkvMOVVB8r722xvEQLXl//e23GFq.', '2', NULL, NULL, 0, NULL, '2016-07-07 18:55:54'),
(0000000274, 0000000001, NULL, NULL, '$2a$07$jpdeveloperstringforsOk0vkvMOVVB8r722xvEQLXl//e23GFq.', '2', NULL, NULL, 0, NULL, '2016-07-07 18:55:56'),
(0000000275, 0000000001, NULL, NULL, '$2a$07$jpdeveloperstringforsOk0vkvMOVVB8r722xvEQLXl//e23GFq.', '2', NULL, NULL, 0, NULL, '2016-07-07 18:55:58'),
(0000000276, 0000000001, NULL, NULL, '$2a$07$jpdeveloperstringforsOk0vkvMOVVB8r722xvEQLXl//e23GFq.', '2', NULL, NULL, 0, NULL, '2016-07-07 18:56:01'),
(0000000277, 0000000001, NULL, NULL, '$2a$07$jpdeveloperstringforsOk0vkvMOVVB8r722xvEQLXl//e23GFq.', '2', NULL, NULL, 0, NULL, '2016-07-07 18:56:03'),
(0000000278, 0000000001, NULL, NULL, '$2a$07$jpdeveloperstringforsOk0vkvMOVVB8r722xvEQLXl//e23GFq.', '2', NULL, NULL, 0, NULL, '2016-07-07 18:56:05'),
(0000000279, 0000000001, NULL, NULL, '$2a$07$jpdeveloperstringforsOk0vkvMOVVB8r722xvEQLXl//e23GFq.', '2', NULL, NULL, 0, NULL, '2016-07-07 18:56:07'),
(0000000280, 0000000001, NULL, NULL, '$2a$07$jpdeveloperstringforsOk0vkvMOVVB8r722xvEQLXl//e23GFq.', '2', NULL, NULL, 0, NULL, '2016-07-07 18:56:10'),
(0000000281, 0000000001, NULL, NULL, '$2a$07$jpdeveloperstringforsOk0vkvMOVVB8r722xvEQLXl//e23GFq.', '2', NULL, NULL, 0, NULL, '2016-07-07 18:56:12'),
(0000000282, 0000000001, NULL, NULL, '$2a$07$jpdeveloperstringforsOk0vkvMOVVB8r722xvEQLXl//e23GFq.', '2', NULL, NULL, 0, NULL, '2016-07-07 18:56:14'),
(0000000283, 0000000001, NULL, NULL, '$2a$07$jpdeveloperstringforsOk0vkvMOVVB8r722xvEQLXl//e23GFq.', '2', NULL, NULL, 0, NULL, '2016-07-07 18:56:16'),
(0000000284, 0000000001, NULL, NULL, '$2a$07$jpdeveloperstringforsOk0vkvMOVVB8r722xvEQLXl//e23GFq.', '2', NULL, NULL, 0, NULL, '2016-07-07 18:56:30'),
(0000000285, 0000000001, NULL, NULL, '$2a$07$jpdeveloperstringforsOk0vkvMOVVB8r722xvEQLXl//e23GFq.', '2', NULL, NULL, 0, NULL, '2016-07-07 18:56:31'),
(0000000286, 0000000001, NULL, NULL, '$2a$07$jpdeveloperstringforsOk0vkvMOVVB8r722xvEQLXl//e23GFq.', '2', NULL, NULL, 0, NULL, '2016-07-07 18:56:33'),
(0000000287, 0000000001, NULL, NULL, '$2a$07$jpdeveloperstringforsOk0vkvMOVVB8r722xvEQLXl//e23GFq.', '2', NULL, NULL, 0, NULL, '2016-07-07 18:56:35'),
(0000000288, 0000000001, NULL, NULL, '$2a$07$jpdeveloperstringforsOk0vkvMOVVB8r722xvEQLXl//e23GFq.', '2', NULL, NULL, 0, NULL, '2016-07-07 18:56:37'),
(0000000289, 0000000001, NULL, NULL, '$2a$07$jpdeveloperstringforsOk0vkvMOVVB8r722xvEQLXl//e23GFq.', '2', NULL, NULL, 0, NULL, '2016-07-07 18:56:39'),
(0000000290, 0000000001, NULL, NULL, '$2a$07$jpdeveloperstringforsOk0vkvMOVVB8r722xvEQLXl//e23GFq.', '2', NULL, NULL, 0, NULL, '2016-07-07 18:56:41'),
(0000000291, 0000000001, NULL, NULL, '$2a$07$jpdeveloperstringforsOk0vkvMOVVB8r722xvEQLXl//e23GFq.', '3', NULL, NULL, 0, NULL, '2016-07-07 18:56:54'),
(0000000292, 0000000001, NULL, NULL, '$2a$07$jpdeveloperstringforsOk0vkvMOVVB8r722xvEQLXl//e23GFq.', '3', NULL, NULL, 0, NULL, '2016-07-07 19:22:53'),
(0000000293, 0000000001, NULL, NULL, '$2a$07$jpdeveloperstringforsOk0vkvMOVVB8r722xvEQLXl//e23GFq.', '3', NULL, NULL, 0, NULL, '2016-07-07 19:22:56'),
(0000000294, 0000000001, NULL, NULL, '$2a$07$jpdeveloperstringforsOk0vkvMOVVB8r722xvEQLXl//e23GFq.', '3', NULL, NULL, 0, NULL, '2016-07-07 19:22:58'),
(0000000295, 0000000001, NULL, NULL, '$2a$07$jpdeveloperstringforsOk0vkvMOVVB8r722xvEQLXl//e23GFq.', '3', NULL, NULL, 0, NULL, '2016-07-07 19:23:00'),
(0000000296, 0000000001, NULL, NULL, '$2a$07$jpdeveloperstringforsOk0vkvMOVVB8r722xvEQLXl//e23GFq.', '3', NULL, NULL, 0, NULL, '2016-07-07 19:23:01'),
(0000000297, 0000000001, NULL, NULL, '$2a$07$jpdeveloperstringforsOk0vkvMOVVB8r722xvEQLXl//e23GFq.', '3', NULL, NULL, 0, NULL, '2016-07-07 19:23:03'),
(0000000298, 0000000001, NULL, NULL, '$2a$07$jpdeveloperstringforsOk0vkvMOVVB8r722xvEQLXl//e23GFq.', '3', NULL, NULL, 0, NULL, '2016-07-07 19:23:05'),
(0000000299, 0000000001, NULL, NULL, '$2a$07$jpdeveloperstringforsOk0vkvMOVVB8r722xvEQLXl//e23GFq.', '3', NULL, NULL, 0, NULL, '2016-07-07 19:23:07'),
(0000000300, 0000000001, NULL, NULL, '$2a$07$jpdeveloperstringforsOk0vkvMOVVB8r722xvEQLXl//e23GFq.', '3', NULL, NULL, 0, NULL, '2016-07-07 19:23:09'),
(0000000301, 0000000001, NULL, NULL, '$2a$07$jpdeveloperstringforsOk0vkvMOVVB8r722xvEQLXl//e23GFq.', '3', NULL, NULL, 0, NULL, '2016-07-07 19:23:11'),
(0000000302, 0000000001, NULL, NULL, '$2a$07$jpdeveloperstringforsOk0vkvMOVVB8r722xvEQLXl//e23GFq.', '3', NULL, NULL, 0, NULL, '2016-07-07 19:24:14'),
(0000000303, 0000000001, NULL, NULL, '$2a$07$jpdeveloperstringforsOk0vkvMOVVB8r722xvEQLXl//e23GFq.', '3', NULL, NULL, 0, NULL, '2016-07-07 19:24:17'),
(0000000304, 0000000001, NULL, NULL, '$2a$07$jpdeveloperstringforsOk0vkvMOVVB8r722xvEQLXl//e23GFq.', '3', NULL, NULL, 0, NULL, '2016-07-07 19:25:05'),
(0000000305, 0000000001, NULL, NULL, '$2a$07$jpdeveloperstringforsOk0vkvMOVVB8r722xvEQLXl//e23GFq.', '3', NULL, NULL, 0, NULL, '2016-07-07 19:25:07'),
(0000000306, 0000000001, NULL, NULL, '$2a$07$jpdeveloperstringforsOk0vkvMOVVB8r722xvEQLXl//e23GFq.', '3', NULL, NULL, 0, NULL, '2016-07-07 19:25:09'),
(0000000307, 0000000001, NULL, NULL, '$2a$07$jpdeveloperstringforsOk0vkvMOVVB8r722xvEQLXl//e23GFq.', '3', NULL, NULL, 0, NULL, '2016-07-07 19:25:10'),
(0000000308, 0000000001, NULL, NULL, '$2a$07$jpdeveloperstringforsOk0vkvMOVVB8r722xvEQLXl//e23GFq.', '3', NULL, NULL, 0, NULL, '2016-07-07 19:25:12'),
(0000000309, 0000000001, NULL, NULL, '$2a$07$jpdeveloperstringforsOk0vkvMOVVB8r722xvEQLXl//e23GFq.', '3', NULL, NULL, 0, NULL, '2016-07-07 19:25:21'),
(0000000310, 0000000001, NULL, NULL, '$2a$07$jpdeveloperstringforsOk0vkvMOVVB8r722xvEQLXl//e23GFq.', '3', NULL, NULL, 0, NULL, '2016-07-07 19:25:23');

-- --------------------------------------------------------

--
-- Estructura de tabla para la tabla `bannos_tipo`
--

CREATE TABLE IF NOT EXISTS `bannos_tipo` (
  `bti_id_pk` int(10) unsigned zerofill NOT NULL AUTO_INCREMENT,
  `bti_sucursal_fk` int(10) unsigned zerofill DEFAULT NULL,
  `bti_producto` int(11) DEFAULT NULL COMMENT '1: baño, 2 caseta, 3 ducha, 4 baño externo, 5 lavamanos (de acuerdo a tipo producto)',
  `bti_nombre` varchar(100) DEFAULT NULL,
  `bti_activo` int(11) DEFAULT '1' COMMENT 'inactivo: 1, activo: 0',
  PRIMARY KEY (`bti_id_pk`),
  KEY `bti_sucursal_fk` (`bti_sucursal_fk`)
) ENGINE=InnoDB  DEFAULT CHARSET=latin1 AUTO_INCREMENT=6 ;

--
-- Volcado de datos para la tabla `bannos_tipo`
--

INSERT INTO `bannos_tipo` (`bti_id_pk`, `bti_sucursal_fk`, `bti_producto`, `bti_nombre`, `bti_activo`) VALUES
(0000000004, 0000000001, 1, 'Común', 1),
(0000000005, 0000000001, 1, 'Minusvalido', 1);

-- --------------------------------------------------------

--
-- Estructura de tabla para la tabla `bitacora`
--

CREATE TABLE IF NOT EXISTS `bitacora` (
  `bit_id_pk` int(10) unsigned zerofill NOT NULL AUTO_INCREMENT,
  `bit_sucursal_fk` int(10) unsigned zerofill DEFAULT NULL,
  `bit_venta_fk` int(10) unsigned zerofill DEFAULT NULL,
  `bit_fecha` datetime DEFAULT NULL,
  `bit_descripcion` text,
  PRIMARY KEY (`bit_id_pk`),
  KEY `bit_sucursal_fk` (`bit_sucursal_fk`),
  KEY `bit_venta_fk` (`bit_venta_fk`)
) ENGINE=InnoDB  DEFAULT CHARSET=latin1 AUTO_INCREMENT=211 ;

--
-- Volcado de datos para la tabla `bitacora`
--

INSERT INTO `bitacora` (`bit_id_pk`, `bit_sucursal_fk`, `bit_venta_fk`, `bit_fecha`, `bit_descripcion`) VALUES
(0000000049, 0000000001, 0000000045, '2016-09-06 20:36:03', '<strong>Arriendo registrado</strong> al sistema por <b class="text-primary">Carolina Mundaca</b>'),
(0000000051, 0000000001, 0000000047, '2016-09-06 21:46:20', '<strong>Arriendo registrado</strong> al sistema por <b class="text-primary">TUCIUDAD Agencia</b>'),
(0000000052, 0000000001, 0000000047, '2016-09-06 21:46:31', '<strong>Modificación de ruta</strong> del día Lunes al camión HYBB13, por <b class="text-primary">TUCIUDAD Agencia</b>'),
(0000000053, 0000000001, 0000000045, '2016-09-06 21:47:00', '<strong>Modificación de ruta</strong> del día Lunes al camión HYBB13, por <b class="text-primary">TUCIUDAD Agencia</b>'),
(0000000054, 0000000001, 0000000045, '2016-09-06 21:47:00', '<strong>Modificación de ruta</strong> del día Viernes al camión DFCC36, por <b class="text-primary">TUCIUDAD Agencia</b>'),
(0000000055, 0000000001, 0000000048, '2016-09-07 14:32:21', '<strong>Arriendo registrado</strong> al sistema por <b class="text-primary">AGENCIA TUCIUDAD</b>'),
(0000000056, 0000000001, 0000000048, '2016-09-07 14:33:12', '<strong>Modificación de ruta</strong> del día Lunes al camión HYBB13, por <b class="text-primary">AGENCIA TUCIUDAD</b>'),
(0000000057, 0000000001, 0000000048, '2016-09-07 14:33:12', '<strong>Modificación de ruta</strong> del día Miercoles al camión HYBB13, por <b class="text-primary">AGENCIA TUCIUDAD</b>'),
(0000000058, 0000000001, 0000000048, '2016-09-07 14:33:12', '<strong>Modificación de ruta</strong> del día Viernes al camión DFCC36, por <b class="text-primary">AGENCIA TUCIUDAD</b>'),
(0000000059, 0000000001, 0000000049, '2016-09-08 10:42:18', '<strong>Arriendo registrado</strong> al sistema por <b class="text-primary">AGENCIA TUCIUDAD</b>'),
(0000000060, 0000000001, 0000000049, '2016-09-08 13:42:48', '<strong>Modificación de ruta</strong> del día Lunes al camión HYBB13, por <b class="text-primary">AGENCIA TUCIUDAD</b>'),
(0000000061, 0000000001, 0000000050, '2016-09-08 10:49:38', '<strong>Arriendo registrado</strong> al sistema por <b class="text-primary">AGENCIA TUCIUDAD</b>'),
(0000000062, 0000000001, 0000000050, '2016-09-08 13:50:05', '<strong>Modificación de ruta</strong> del día Lunes al camión HYBB13, por <b class="text-primary">AGENCIA TUCIUDAD</b>'),
(0000000063, 0000000001, 0000000050, '2016-09-08 13:50:05', '<strong>Modificación de ruta</strong> del día Miercoles al camión DFCC36, por <b class="text-primary">AGENCIA TUCIUDAD</b>'),
(0000000064, 0000000001, 0000000050, '2016-09-08 13:50:11', '<strong>Modificación de ruta</strong> del día Lunes al camión HYBB13, por <b class="text-primary">AGENCIA TUCIUDAD</b>'),
(0000000065, 0000000001, 0000000050, '2016-09-08 13:50:11', '<strong>Modificación de ruta</strong> del día Miercoles al camión DFCC36, por <b class="text-primary">AGENCIA TUCIUDAD</b>'),
(0000000066, 0000000001, 0000000051, '2016-09-08 10:58:19', '<strong>Arriendo registrado</strong> al sistema por <b class="text-primary">AGENCIA TUCIUDAD</b>'),
(0000000067, 0000000001, 0000000051, '2016-09-08 13:58:39', '<strong>Modificación de ruta</strong> del día Lunes al camión HYBB13, por <b class="text-primary">AGENCIA TUCIUDAD</b>'),
(0000000068, 0000000001, 0000000052, '2016-09-08 11:00:21', '<strong>Arriendo registrado</strong> al sistema por <b class="text-primary">AGENCIA TUCIUDAD</b>'),
(0000000069, 0000000001, 0000000052, '2016-09-08 14:00:35', '<strong>Modificación de ruta</strong> del día Martes al camión DFCC36, por <b class="text-primary">AGENCIA TUCIUDAD</b>'),
(0000000070, 0000000001, 0000000053, '2016-09-08 11:04:21', '<strong>Arriendo registrado</strong> al sistema por <b class="text-primary">AGENCIA TUCIUDAD</b>'),
(0000000071, 0000000001, 0000000053, '2016-09-08 14:04:30', '<strong>Modificación de ruta</strong> del día Lunes al camión HYBB13, por <b class="text-primary">AGENCIA TUCIUDAD</b>'),
(0000000072, 0000000001, 0000000054, '2016-09-08 11:16:22', '<strong>Arriendo registrado</strong> al sistema por <b class="text-primary">AGENCIA TUCIUDAD</b>'),
(0000000073, 0000000001, 0000000054, '2016-09-08 14:16:28', '<strong>Modificación de ruta</strong> del día Lunes al camión HYBB13, por <b class="text-primary">AGENCIA TUCIUDAD</b>'),
(0000000074, 0000000001, 0000000055, '2016-09-08 11:36:19', '<strong>Arriendo registrado</strong> al sistema por <b class="text-primary">AGENCIA TUCIUDAD</b>'),
(0000000075, 0000000001, 0000000055, '2016-09-08 14:36:27', '<strong>Modificación de ruta</strong> del día Lunes al camión HYBB13, por <b class="text-primary">AGENCIA TUCIUDAD</b>'),
(0000000076, 0000000001, 0000000056, '2016-09-08 11:41:16', '<strong>Arriendo registrado</strong> al sistema por <b class="text-primary">AGENCIA TUCIUDAD</b>'),
(0000000077, 0000000001, 0000000056, '2016-09-08 14:41:24', '<strong>Modificación de ruta</strong> del día Lunes al camión DFCC36, por <b class="text-primary">AGENCIA TUCIUDAD</b>'),
(0000000078, 0000000001, 0000000057, '2016-09-08 11:47:32', '<strong>Arriendo registrado</strong> al sistema por <b class="text-primary">AGENCIA TUCIUDAD</b>'),
(0000000079, 0000000001, 0000000057, '2016-09-08 14:47:40', '<strong>Modificación de ruta</strong> del día Lunes al camión DFCC36, por <b class="text-primary">AGENCIA TUCIUDAD</b>'),
(0000000080, 0000000001, 0000000058, '2016-09-08 11:50:51', '<strong>Arriendo registrado</strong> al sistema por <b class="text-primary">AGENCIA TUCIUDAD</b>'),
(0000000081, 0000000001, 0000000058, '2016-09-08 14:51:01', '<strong>Modificación de ruta</strong> del día Lunes al camión DFCC36, por <b class="text-primary">AGENCIA TUCIUDAD</b>'),
(0000000082, 0000000001, 0000000059, '2016-09-08 11:54:23', '<strong>Arriendo registrado</strong> al sistema por <b class="text-primary">AGENCIA TUCIUDAD</b>'),
(0000000083, 0000000001, 0000000059, '2016-09-08 14:54:58', '<strong>Modificación de ruta</strong> del día Lunes al camión DFCC36, por <b class="text-primary">AGENCIA TUCIUDAD</b>'),
(0000000084, 0000000001, 0000000059, '2016-09-08 14:54:58', '<strong>Modificación de ruta</strong> del día Miercoles al camión DFCC36, por <b class="text-primary">AGENCIA TUCIUDAD</b>'),
(0000000085, 0000000001, 0000000059, '2016-09-08 14:54:58', '<strong>Modificación de ruta</strong> del día Viernes al camión DFCC36, por <b class="text-primary">AGENCIA TUCIUDAD</b>'),
(0000000086, 0000000001, 0000000060, '2016-09-08 12:01:40', '<strong>Arriendo registrado</strong> al sistema por <b class="text-primary">AGENCIA TUCIUDAD</b>'),
(0000000087, 0000000001, 0000000060, '2016-09-08 15:01:48', '<strong>Modificación de ruta</strong> del día Lunes al camión HYBB13, por <b class="text-primary">AGENCIA TUCIUDAD</b>'),
(0000000088, 0000000001, 0000000061, '2016-09-08 12:03:53', '<strong>Arriendo registrado</strong> al sistema por <b class="text-primary">AGENCIA TUCIUDAD</b>'),
(0000000089, 0000000001, 0000000061, '2016-09-08 15:04:11', '<strong>Modificación de ruta</strong> del día Lunes al camión DFCC36, por <b class="text-primary">AGENCIA TUCIUDAD</b>'),
(0000000090, 0000000001, 0000000061, '2016-09-08 15:04:11', '<strong>Modificación de ruta</strong> del día Miercoles al camión DFCC36, por <b class="text-primary">AGENCIA TUCIUDAD</b>'),
(0000000091, 0000000001, 0000000061, '2016-09-08 15:04:11', '<strong>Modificación de ruta</strong> del día Viernes al camión DFCC36, por <b class="text-primary">AGENCIA TUCIUDAD</b>'),
(0000000092, 0000000001, 0000000062, '2016-09-08 12:11:12', '<strong>Arriendo registrado</strong> al sistema por <b class="text-primary">AGENCIA TUCIUDAD</b>'),
(0000000093, 0000000001, 0000000062, '2016-09-08 15:11:26', '<strong>Modificación de ruta</strong> del día Martes al camión DFCC36, por <b class="text-primary">AGENCIA TUCIUDAD</b>'),
(0000000094, 0000000001, 0000000062, '2016-09-08 15:11:26', '<strong>Modificación de ruta</strong> del día Jueves al camión DFCC36, por <b class="text-primary">AGENCIA TUCIUDAD</b>'),
(0000000095, 0000000001, 0000000063, '2016-09-08 12:14:17', '<strong>Arriendo registrado</strong> al sistema por <b class="text-primary">AGENCIA TUCIUDAD</b>'),
(0000000096, 0000000001, 0000000063, '2016-09-08 15:14:37', '<strong>Modificación de ruta</strong> del día Martes al camión HYBB13, por <b class="text-primary">AGENCIA TUCIUDAD</b>'),
(0000000097, 0000000001, 0000000063, '2016-09-08 15:14:37', '<strong>Modificación de ruta</strong> del día Jueves al camión DFCC36, por <b class="text-primary">AGENCIA TUCIUDAD</b>'),
(0000000098, 0000000001, 0000000064, '2016-09-08 12:21:05', '<strong>Arriendo registrado</strong> al sistema por <b class="text-primary">AGENCIA TUCIUDAD</b>'),
(0000000099, 0000000001, 0000000064, '2016-09-08 15:21:20', '<strong>Modificación de ruta</strong> del día Martes al camión DFCC36, por <b class="text-primary">AGENCIA TUCIUDAD</b>'),
(0000000100, 0000000001, 0000000065, '2016-09-08 12:28:40', '<strong>Arriendo registrado</strong> al sistema por <b class="text-primary">AGENCIA TUCIUDAD</b>'),
(0000000101, 0000000001, 0000000065, '2016-09-08 15:28:55', '<strong>Modificación de ruta</strong> del día Martes al camión DFCC36, por <b class="text-primary">AGENCIA TUCIUDAD</b>'),
(0000000102, 0000000001, 0000000065, '2016-09-08 15:28:55', '<strong>Modificación de ruta</strong> del día Jueves al camión HYBB13, por <b class="text-primary">AGENCIA TUCIUDAD</b>'),
(0000000103, 0000000001, 0000000066, '2016-09-08 12:40:33', '<strong>Arriendo registrado</strong> al sistema por <b class="text-primary">AGENCIA TUCIUDAD</b>'),
(0000000104, 0000000001, 0000000066, '2016-09-08 12:40:33', '<strong>Arriendo registrado</strong> al sistema por <b class="text-primary">AGENCIA TUCIUDAD</b>'),
(0000000105, 0000000001, 0000000066, '2016-09-08 15:41:17', '<strong>Modificación de ruta</strong> del día Martes al camión DFCC36, por <b class="text-primary">AGENCIA TUCIUDAD</b>'),
(0000000106, 0000000001, 0000000066, '2016-09-08 15:41:17', '<strong>Modificación de ruta</strong> del día Jueves al camión DFCC36, por <b class="text-primary">AGENCIA TUCIUDAD</b>'),
(0000000107, 0000000001, 0000000066, '2016-09-08 15:41:17', '<strong>Modificación de ruta</strong> del día Martes al camión HYBB13, por <b class="text-primary">AGENCIA TUCIUDAD</b>'),
(0000000108, 0000000001, 0000000066, '2016-09-08 15:41:17', '<strong>Modificación de ruta</strong> del día Jueves al camión HYBB13, por <b class="text-primary">AGENCIA TUCIUDAD</b>'),
(0000000109, 0000000001, 0000000067, '2016-09-08 12:46:37', '<strong>Arriendo registrado</strong> al sistema por <b class="text-primary">AGENCIA TUCIUDAD</b>'),
(0000000110, 0000000001, 0000000067, '2016-09-08 12:46:37', '<strong>Arriendo registrado</strong> al sistema por <b class="text-primary">AGENCIA TUCIUDAD</b>'),
(0000000111, 0000000001, 0000000067, '2016-09-08 15:47:39', '<strong>Modificación de ruta</strong> del día Lunes al camión HYBB13, por <b class="text-primary">AGENCIA TUCIUDAD</b>'),
(0000000112, 0000000001, 0000000067, '2016-09-08 15:47:39', '<strong>Modificación de ruta</strong> del día Miercoles al camión HYBB13, por <b class="text-primary">AGENCIA TUCIUDAD</b>'),
(0000000113, 0000000001, 0000000067, '2016-09-08 15:47:39', '<strong>Modificación de ruta</strong> del día Lunes al camión HYBB13, por <b class="text-primary">AGENCIA TUCIUDAD</b>'),
(0000000114, 0000000001, 0000000067, '2016-09-08 15:47:39', '<strong>Modificación de ruta</strong> del día Miercoles al camión HYBB13, por <b class="text-primary">AGENCIA TUCIUDAD</b>'),
(0000000115, 0000000001, 0000000068, '2016-09-08 12:51:12', '<strong>Arriendo registrado</strong> al sistema por <b class="text-primary">AGENCIA TUCIUDAD</b>'),
(0000000116, 0000000001, 0000000068, '2016-09-08 15:51:40', '<strong>Modificación de ruta</strong> del día Martes al camión HYBB13, por <b class="text-primary">AGENCIA TUCIUDAD</b>'),
(0000000117, 0000000001, 0000000068, '2016-09-08 15:51:40', '<strong>Modificación de ruta</strong> del día Jueves al camión DFCC36, por <b class="text-primary">AGENCIA TUCIUDAD</b>'),
(0000000118, 0000000001, 0000000068, '2016-09-08 15:51:41', '<strong>Modificación de ruta</strong> del día Sabado al camión HYBB13, por <b class="text-primary">AGENCIA TUCIUDAD</b>'),
(0000000119, 0000000001, 0000000069, '2016-09-08 12:54:40', '<strong>Arriendo registrado</strong> al sistema por <b class="text-primary">AGENCIA TUCIUDAD</b>'),
(0000000120, 0000000001, 0000000069, '2016-09-08 15:55:19', '<strong>Modificación de ruta</strong> del día Martes al camión HYBB13, por <b class="text-primary">AGENCIA TUCIUDAD</b>'),
(0000000121, 0000000001, 0000000069, '2016-09-08 15:55:19', '<strong>Modificación de ruta</strong> del día Viernes al camión DFCC36, por <b class="text-primary">AGENCIA TUCIUDAD</b>'),
(0000000122, 0000000001, 0000000070, '2016-09-08 15:43:53', '<strong>Arriendo registrado</strong> al sistema por <b class="text-primary">AGENCIA TUCIUDAD</b>'),
(0000000123, 0000000001, 0000000070, '2016-09-08 18:44:04', '<strong>Modificación de ruta</strong> del día Martes al camión DFCC36, por <b class="text-primary">AGENCIA TUCIUDAD</b>'),
(0000000124, 0000000001, 0000000071, '2016-09-08 15:58:28', '<strong>Arriendo registrado</strong> al sistema por <b class="text-primary">AGENCIA TUCIUDAD</b>'),
(0000000125, 0000000001, 0000000071, '2016-09-08 18:58:42', '<strong>Modificación de ruta</strong> del día Martes al camión HYBB13, por <b class="text-primary">AGENCIA TUCIUDAD</b>'),
(0000000126, 0000000001, 0000000072, '2016-09-08 16:02:57', '<strong>Arriendo registrado</strong> al sistema por <b class="text-primary">AGENCIA TUCIUDAD</b>'),
(0000000127, 0000000001, 0000000072, '2016-09-08 19:05:54', '<strong>Modificación de ruta</strong> del día Martes al camión DFCC36, por <b class="text-primary">AGENCIA TUCIUDAD</b>'),
(0000000128, 0000000001, 0000000072, '2016-09-08 19:05:54', '<strong>Modificación de ruta</strong> del día Jueves al camión HYBB13, por <b class="text-primary">AGENCIA TUCIUDAD</b>'),
(0000000129, 0000000001, 0000000073, '2016-09-08 16:17:32', '<strong>Arriendo registrado</strong> al sistema por <b class="text-primary">AGENCIA TUCIUDAD</b>'),
(0000000130, 0000000001, 0000000073, '2016-09-08 19:18:02', '<strong>Modificación de ruta</strong> del día Martes al camión DFCC36, por <b class="text-primary">AGENCIA TUCIUDAD</b>'),
(0000000131, 0000000001, 0000000073, '2016-09-08 19:18:02', '<strong>Modificación de ruta</strong> del día Viernes al camión DFCC36, por <b class="text-primary">AGENCIA TUCIUDAD</b>'),
(0000000132, 0000000001, 0000000074, '2016-09-08 16:24:03', '<strong>Arriendo registrado</strong> al sistema por <b class="text-primary">AGENCIA TUCIUDAD</b>'),
(0000000133, 0000000001, 0000000074, '2016-09-08 19:24:51', '<strong>Modificación de ruta</strong> del día Martes al camión DFCC36, por <b class="text-primary">AGENCIA TUCIUDAD</b>'),
(0000000134, 0000000001, 0000000074, '2016-09-08 19:24:51', '<strong>Modificación de ruta</strong> del día Viernes al camión HYBB13, por <b class="text-primary">AGENCIA TUCIUDAD</b>'),
(0000000138, 0000000001, 0000000076, '2016-09-08 16:49:30', '<strong>Arriendo registrado</strong> al sistema por <b class="text-primary">AGENCIA TUCIUDAD</b>'),
(0000000139, 0000000001, 0000000076, '2016-09-08 19:51:07', '<strong>Modificación de ruta</strong> del día Miercoles al camión DFCC36, por <b class="text-primary">AGENCIA TUCIUDAD</b>'),
(0000000140, 0000000001, 0000000076, '2016-09-08 19:51:07', '<strong>Modificación de ruta</strong> del día Viernes al camión DFCC36, por <b class="text-primary">AGENCIA TUCIUDAD</b>'),
(0000000141, 0000000001, 0000000077, '2016-09-08 17:04:31', '<strong>Arriendo registrado</strong> al sistema por <b class="text-primary">AGENCIA TUCIUDAD</b>'),
(0000000142, 0000000001, 0000000077, '2016-09-08 20:08:50', '<strong>Modificación de ruta</strong> del día Miercoles al camión HYBB13, por <b class="text-primary">AGENCIA TUCIUDAD</b>'),
(0000000143, 0000000001, 0000000078, '2016-09-08 17:12:34', '<strong>Arriendo registrado</strong> al sistema por <b class="text-primary">AGENCIA TUCIUDAD</b>'),
(0000000144, 0000000001, 0000000078, '2016-09-08 20:12:42', '<strong>Modificación de ruta</strong> del día Miercoles al camión HYBB13, por <b class="text-primary">AGENCIA TUCIUDAD</b>'),
(0000000145, 0000000001, 0000000079, '2016-09-08 17:16:46', '<strong>Arriendo registrado</strong> al sistema por <b class="text-primary">AGENCIA TUCIUDAD</b>'),
(0000000146, 0000000001, 0000000079, '2016-09-08 17:16:46', '<strong>Arriendo registrado</strong> al sistema por <b class="text-primary">AGENCIA TUCIUDAD</b>'),
(0000000147, 0000000001, 0000000079, '2016-09-08 20:16:57', '<strong>Modificación de ruta</strong> del día Miercoles al camión HYBB13, por <b class="text-primary">AGENCIA TUCIUDAD</b>'),
(0000000148, 0000000001, 0000000079, '2016-09-08 20:16:57', '<strong>Modificación de ruta</strong> del día Miercoles al camión HYBB13, por <b class="text-primary">AGENCIA TUCIUDAD</b>'),
(0000000149, 0000000001, 0000000080, '2016-09-08 17:19:09', '<strong>Arriendo registrado</strong> al sistema por <b class="text-primary">AGENCIA TUCIUDAD</b>'),
(0000000150, 0000000001, 0000000080, '2016-09-08 20:19:17', '<strong>Modificación de ruta</strong> del día Miercoles al camión DFCC36, por <b class="text-primary">AGENCIA TUCIUDAD</b>'),
(0000000151, 0000000001, 0000000081, '2016-09-08 17:22:20', '<strong>Arriendo registrado</strong> al sistema por <b class="text-primary">AGENCIA TUCIUDAD</b>'),
(0000000152, 0000000001, 0000000081, '2016-09-08 20:22:32', '<strong>Modificación de ruta</strong> del día Miercoles al camión HYBB13, por <b class="text-primary">AGENCIA TUCIUDAD</b>'),
(0000000153, 0000000001, 0000000082, '2016-09-08 17:25:09', '<strong>Arriendo registrado</strong> al sistema por <b class="text-primary">AGENCIA TUCIUDAD</b>'),
(0000000154, 0000000001, 0000000082, '2016-09-08 20:25:26', '<strong>Modificación de ruta</strong> del día Miercoles al camión HYBB13, por <b class="text-primary">AGENCIA TUCIUDAD</b>'),
(0000000155, 0000000001, 0000000082, '2016-09-08 20:25:26', '<strong>Modificación de ruta</strong> del día Viernes al camión DFCC36, por <b class="text-primary">AGENCIA TUCIUDAD</b>'),
(0000000156, 0000000001, 0000000083, '2016-09-08 17:28:13', '<strong>Arriendo registrado</strong> al sistema por <b class="text-primary">AGENCIA TUCIUDAD</b>'),
(0000000157, 0000000001, 0000000083, '2016-09-08 20:29:01', '<strong>Modificación de ruta</strong> del día Miercoles al camión DFCC36, por <b class="text-primary">AGENCIA TUCIUDAD</b>'),
(0000000158, 0000000001, 0000000084, '2016-09-08 17:30:41', '<strong>Arriendo registrado</strong> al sistema por <b class="text-primary">AGENCIA TUCIUDAD</b>'),
(0000000159, 0000000001, 0000000084, '2016-09-08 20:30:59', '<strong>Modificación de ruta</strong> del día Jueves al camión HYBB13, por <b class="text-primary">AGENCIA TUCIUDAD</b>'),
(0000000160, 0000000001, 0000000085, '2016-09-08 17:32:09', '<strong>Arriendo registrado</strong> al sistema por <b class="text-primary">AGENCIA TUCIUDAD</b>'),
(0000000161, 0000000001, 0000000085, '2016-09-08 20:32:56', '<strong>Modificación de ruta</strong> del día Jueves al camión DFCC36, por <b class="text-primary">AGENCIA TUCIUDAD</b>'),
(0000000162, 0000000001, 0000000086, '2016-09-08 17:34:33', '<strong>Arriendo registrado</strong> al sistema por <b class="text-primary">AGENCIA TUCIUDAD</b>'),
(0000000163, 0000000001, 0000000086, '2016-09-08 20:34:44', '<strong>Modificación de ruta</strong> del día Jueves al camión DFCC36, por <b class="text-primary">AGENCIA TUCIUDAD</b>'),
(0000000164, 0000000001, 0000000087, '2016-09-08 17:38:30', '<strong>Arriendo registrado</strong> al sistema por <b class="text-primary">AGENCIA TUCIUDAD</b>'),
(0000000165, 0000000001, 0000000087, '2016-09-08 20:38:48', '<strong>Modificación de ruta</strong> del día Jueves al camión HYBB13, por <b class="text-primary">AGENCIA TUCIUDAD</b>'),
(0000000166, 0000000001, 0000000088, '2016-09-08 17:40:07', '<strong>Arriendo registrado</strong> al sistema por <b class="text-primary">AGENCIA TUCIUDAD</b>'),
(0000000167, 0000000001, 0000000088, '2016-09-08 20:40:18', '<strong>Modificación de ruta</strong> del día Viernes al camión DFCC36, por <b class="text-primary">AGENCIA TUCIUDAD</b>'),
(0000000168, 0000000001, 0000000089, '2016-09-08 17:44:01', '<strong>Arriendo registrado</strong> al sistema por <b class="text-primary">AGENCIA TUCIUDAD</b>'),
(0000000169, 0000000001, 0000000089, '2016-09-08 20:44:12', '<strong>Modificación de ruta</strong> del día Viernes al camión DFCC36, por <b class="text-primary">AGENCIA TUCIUDAD</b>'),
(0000000170, 0000000001, 0000000090, '2016-09-08 17:47:20', '<strong>Arriendo registrado</strong> al sistema por <b class="text-primary">AGENCIA TUCIUDAD</b>'),
(0000000171, 0000000001, 0000000090, '2016-09-08 20:47:32', '<strong>Modificación de ruta</strong> del día Jueves al camión HYBB13, por <b class="text-primary">AGENCIA TUCIUDAD</b>'),
(0000000172, 0000000001, 0000000091, '2016-09-08 17:50:18', '<strong>Arriendo registrado</strong> al sistema por <b class="text-primary">AGENCIA TUCIUDAD</b>'),
(0000000173, 0000000001, 0000000091, '2016-09-08 20:50:29', '<strong>Modificación de ruta</strong> del día Viernes al camión HYBB13, por <b class="text-primary">AGENCIA TUCIUDAD</b>'),
(0000000174, 0000000001, 0000000092, '2016-09-08 17:52:12', '<strong>Arriendo registrado</strong> al sistema por <b class="text-primary">AGENCIA TUCIUDAD</b>'),
(0000000175, 0000000001, 0000000092, '2016-09-08 20:52:24', '<strong>Modificación de ruta</strong> del día Viernes al camión HYBB13, por <b class="text-primary">AGENCIA TUCIUDAD</b>'),
(0000000176, 0000000001, 0000000063, '2016-09-08 20:54:53', '<strong>Modificación de ruta</strong> del día Martes al camión HYBB13, por <b class="text-primary">AGENCIA TUCIUDAD</b>'),
(0000000177, 0000000001, 0000000063, '2016-09-08 20:54:53', '<strong>Modificación de ruta</strong> del día Jueves al camión DFCC36, por <b class="text-primary">AGENCIA TUCIUDAD</b>'),
(0000000178, 0000000001, 0000000093, '2016-09-08 17:56:44', '<strong>Arriendo registrado</strong> al sistema por <b class="text-primary">AGENCIA TUCIUDAD</b>'),
(0000000179, 0000000001, 0000000093, '2016-09-08 20:56:50', '<strong>Modificación de ruta</strong> del día Sabado al camión HYBB13, por <b class="text-primary">AGENCIA TUCIUDAD</b>'),
(0000000180, 0000000001, 0000000094, '2016-09-09 16:50:40', '<strong>Arriendo registrado</strong> al sistema por <b class="text-primary">AGENCIA TUCIUDAD</b>'),
(0000000181, 0000000001, 0000000094, '2016-09-09 19:54:45', '<strong>Modificación de ruta</strong> del día Miercoles al camión HYBB13, por <b class="text-primary">AGENCIA TUCIUDAD</b>'),
(0000000182, 0000000001, 0000000094, '2016-09-09 19:54:45', '<strong>Modificación de ruta</strong> del día Viernes al camión HYBB13, por <b class="text-primary">AGENCIA TUCIUDAD</b>'),
(0000000183, 0000000001, 0000000094, '2016-09-09 19:54:45', '<strong>Modificación de ruta</strong> del día Miercoles al camión HYBB13, por <b class="text-primary">AGENCIA TUCIUDAD</b>'),
(0000000184, 0000000001, 0000000094, '2016-09-09 19:54:45', '<strong>Modificación de ruta</strong> del día Viernes al camión HYBB13, por <b class="text-primary">AGENCIA TUCIUDAD</b>'),
(0000000185, 0000000001, 0000000094, '2016-09-09 19:54:45', '<strong>Modificación de ruta</strong> del día Miercoles al camión HYBB13, por <b class="text-primary">AGENCIA TUCIUDAD</b>'),
(0000000186, 0000000001, 0000000094, '2016-09-09 19:54:45', '<strong>Modificación de ruta</strong> del día Viernes al camión HYBB13, por <b class="text-primary">AGENCIA TUCIUDAD</b>'),
(0000000187, 0000000001, 0000000095, '2016-09-09 18:12:09', '<strong>Arriendo registrado</strong> al sistema por <b class="text-primary">AGENCIA TUCIUDAD</b>'),
(0000000188, 0000000001, 0000000095, '2016-09-09 21:13:49', '<strong>Modificación de ruta</strong> del día Lunes al camión DFCC36, por <b class="text-primary">AGENCIA TUCIUDAD</b>'),
(0000000189, 0000000001, 0000000095, '2016-09-09 21:13:49', '<strong>Modificación de ruta</strong> del día Martes al camión DFCC36, por <b class="text-primary">AGENCIA TUCIUDAD</b>'),
(0000000190, 0000000001, 0000000095, '2016-09-09 21:13:49', '<strong>Modificación de ruta</strong> del día Miercoles al camión DFCC36, por <b class="text-primary">AGENCIA TUCIUDAD</b>'),
(0000000191, 0000000001, 0000000095, '2016-09-09 21:13:49', '<strong>Modificación de ruta</strong> del día Viernes al camión DFCC36, por <b class="text-primary">AGENCIA TUCIUDAD</b>'),
(0000000192, 0000000001, 0000000095, '2016-09-09 21:13:49', '<strong>Modificación de ruta</strong> del día Sabado al camión HYBB13, por <b class="text-primary">AGENCIA TUCIUDAD</b>'),
(0000000193, 0000000001, 0000000095, '2016-09-09 21:13:49', '<strong>Modificación de ruta</strong> del día Domingo al camión HYBB13, por <b class="text-primary">AGENCIA TUCIUDAD</b>'),
(0000000194, 0000000001, 0000000095, '2016-09-09 21:13:49', '<strong>Modificación de ruta</strong> del día Lunes al camión HYBB13, por <b class="text-primary">AGENCIA TUCIUDAD</b>'),
(0000000195, 0000000001, 0000000095, '2016-09-09 21:13:49', '<strong>Modificación de ruta</strong> del día Martes al camión DFCC36, por <b class="text-primary">AGENCIA TUCIUDAD</b>'),
(0000000196, 0000000001, 0000000096, '2016-09-12 17:42:02', '<strong>Arriendo registrado</strong> al sistema por <b class="text-primary">AGENCIA TUCIUDAD</b>'),
(0000000197, 0000000001, 0000000097, '2016-09-12 17:42:03', '<strong>Arriendo registrado</strong> al sistema por <b class="text-primary">AGENCIA TUCIUDAD</b>'),
(0000000198, 0000000001, 0000000096, '2016-09-12 20:46:11', '<strong>Modificación de ruta</strong> del día Martes al camión HYBB13, por <b class="text-primary">AGENCIA TUCIUDAD</b>'),
(0000000199, 0000000001, 0000000096, '2016-09-12 20:46:11', '<strong>Modificación de ruta</strong> del día Jueves al camión HYBB13, por <b class="text-primary">AGENCIA TUCIUDAD</b>'),
(0000000200, 0000000001, 0000000096, '2016-09-12 20:46:11', '<strong>Modificación de ruta</strong> del día Martes al camión HYBB13, por <b class="text-primary">AGENCIA TUCIUDAD</b>'),
(0000000201, 0000000001, 0000000096, '2016-09-12 20:46:11', '<strong>Modificación de ruta</strong> del día Jueves al camión HYBB13, por <b class="text-primary">AGENCIA TUCIUDAD</b>'),
(0000000202, 0000000001, 0000000096, '2016-09-12 20:46:11', '<strong>Modificación de ruta</strong> del día Martes al camión HYBB13, por <b class="text-primary">AGENCIA TUCIUDAD</b>'),
(0000000203, 0000000001, 0000000096, '2016-09-12 20:46:11', '<strong>Modificación de ruta</strong> del día Jueves al camión HYBB13, por <b class="text-primary">AGENCIA TUCIUDAD</b>'),
(0000000204, 0000000001, 0000000096, '2016-09-12 20:46:12', '<strong>Modificación de ruta</strong> del día Martes al camión HYBB13, por <b class="text-primary">AGENCIA TUCIUDAD</b>'),
(0000000205, 0000000001, 0000000096, '2016-09-12 20:46:12', '<strong>Modificación de ruta</strong> del día Jueves al camión HYBB13, por <b class="text-primary">AGENCIA TUCIUDAD</b>'),
(0000000206, 0000000001, 0000000098, '2016-09-15 12:05:17', '<strong>Arriendo registrado</strong> al sistema por <b class="text-primary">Carolina Mundaca</b>'),
(0000000207, 0000000001, 0000000098, '2016-09-15 20:23:00', '<strong>Modificación de 1 productos</strong> (B0000029, ) al arriendo, por <b class="text-primary">AGENCIA TUCIUDAD</b>'),
(0000000208, 0000000001, 0000000094, '2016-09-15 20:24:07', '<strong>Modificación de 2 productos</strong> (B0000023, B0000025, ) al arriendo, por <b class="text-primary">AGENCIA TUCIUDAD</b>'),
(0000000209, 0000000001, 0000000099, '2016-09-16 12:35:41', '<strong>Arriendo registrado</strong> al sistema por <b class="text-primary">AGENCIA TUCIUDAD</b>'),
(0000000210, 0000000001, 0000000099, '2016-09-16 15:41:37', '<strong>Modificación de 18 productos</strong> (B0000001, B0000002, B0000003, B0000004, B0000005, B0000006, B0000007, B0000008, B0000009, B0000010, B0000011, B0000012, B0000013, B0000014, B0000015, B0000016, B0000017, B0000050, ) al arriendo, por <b class="text-primary">AGENCIA TUCIUDAD</b>');

-- --------------------------------------------------------

--
-- Estructura de tabla para la tabla `camion`
--

CREATE TABLE IF NOT EXISTS `camion` (
  `cam_id_pk` int(10) unsigned zerofill NOT NULL AUTO_INCREMENT,
  `cam_usuario_fk` int(10) unsigned zerofill DEFAULT NULL COMMENT 'chofer del camion',
  `cam_sucursal_fk` int(10) unsigned zerofill DEFAULT NULL,
  `cam_patente` varchar(20) DEFAULT NULL,
  `cam_activo` int(11) DEFAULT NULL COMMENT 'deshabilitado:0, habilitado:1',
  `cam_fecharegistro` datetime DEFAULT NULL,
  `cam_comentario` text,
  PRIMARY KEY (`cam_id_pk`),
  KEY `cam_usuario_fk` (`cam_usuario_fk`),
  KEY `cam_sucursal_fk` (`cam_sucursal_fk`)
) ENGINE=InnoDB  DEFAULT CHARSET=latin1 AUTO_INCREMENT=4 ;

--
-- Volcado de datos para la tabla `camion`
--

INSERT INTO `camion` (`cam_id_pk`, `cam_usuario_fk`, `cam_sucursal_fk`, `cam_patente`, `cam_activo`, `cam_fecharegistro`, `cam_comentario`) VALUES
(0000000001, 0000000006, 0000000001, 'WD6728', 1, '2016-09-06 12:10:00', NULL),
(0000000002, 0000000007, 0000000001, 'DFCC36', 1, '2016-09-06 12:13:00', NULL),
(0000000003, 0000000008, 0000000001, 'HYBB13', 1, '2016-09-06 12:17:00', NULL);

-- --------------------------------------------------------

--
-- Estructura de tabla para la tabla `cliente`
--

CREATE TABLE IF NOT EXISTS `cliente` (
  `cli_id_pk` int(10) unsigned zerofill NOT NULL AUTO_INCREMENT,
  `cli_sucursal_fk` int(10) unsigned zerofill DEFAULT NULL,
  `cli_comuna_fk` int(10) unsigned zerofill DEFAULT NULL,
  `cli_usuario_fk` int(10) unsigned zerofill DEFAULT NULL,
  `cli_nombre` varchar(100) DEFAULT NULL,
  `cli_rut` varchar(30) DEFAULT NULL,
  `cli_giro` varchar(100) DEFAULT NULL,
  `cli_fecharegistro` datetime DEFAULT NULL,
  `cli_direccion` varchar(100) DEFAULT NULL,
  `cli_comentario` text,
  PRIMARY KEY (`cli_id_pk`),
  KEY `cli_sucursal_fk` (`cli_sucursal_fk`),
  KEY `cli_comuna_fk` (`cli_comuna_fk`),
  KEY `cli_usuario_fk` (`cli_usuario_fk`)
) ENGINE=InnoDB  DEFAULT CHARSET=latin1 AUTO_INCREMENT=58 ;

--
-- Volcado de datos para la tabla `cliente`
--

INSERT INTO `cliente` (`cli_id_pk`, `cli_sucursal_fk`, `cli_comuna_fk`, `cli_usuario_fk`, `cli_nombre`, `cli_rut`, `cli_giro`, `cli_fecharegistro`, `cli_direccion`, `cli_comentario`) VALUES
(0000000001, 0000000001, 0000000165, 0000000001, 'AGRICOLA GANADERA Y FORESTAL CANTARRANA', '89493000-4', 'AGRICOLA', '2016-09-08 12:54:40', 'FDO. SAN JOSE DE PAILLIHUE ', NULL),
(0000000002, 0000000001, 0000000165, 0000000001, 'CONSTRUCTORA SAC LTDA.', '76464306-2', 'CONSTRUCTORA', '2016-08-31 13:11:26', 'ALMAGRO #1634', NULL),
(0000000003, 0000000001, 0000000165, 0000000001, 'ALFREDO LEIVA VALLEJOS', '15629309-1', NULL, '2016-08-31 13:14:38', 'COMPAÑÍA #104', 'FACEBOOK'),
(0000000004, 0000000001, 0000000165, 0000000001, 'INGENIERÍA Y DESARROLLO TECNOLÓGICO LTDA.', '52003762-4', NULL, '2016-08-31 13:21:56', 'AVDA. LAS INDUSTRIAS #8075', 'AVDA. LAS INDUSTRIAS EPYSA'),
(0000000005, 0000000001, 0000000165, 0000000001, 'CONSTRUCTORA EL MAITEN EIRL', '76309499-5', 'CONSTRUCTORA', '2016-09-08 12:21:05', 'LOS CAQUIES #145, VILLA LAS QUINTAS', 'LA CASA DE TODOS'),
(0000000006, 0000000001, 0000000170, 0000000001, 'BIOMASA CHILE S.A.', '76368230-7', NULL, '2016-08-31 14:03:08', 'KM. 9 CAMINO A NACIMIENTO', 'BIOMASA LAS MAICAS, PARAGUAY.'),
(0000000007, 0000000001, 0000000165, 0000000001, 'ILUSTRE MUNICIPALIDAD DE LOS ANGELES', '69170100-K', NULL, '2016-09-16 12:35:41', 'CAUPOLICAN #399, 2º PISO', 'CARRO FERIA'),
(0000000008, 0000000001, 0000000165, 0000000001, 'CATARI CHILE LTDA.', '76150978-0', NULL, '2016-09-08 17:52:09', 'AVDA. ALEMANIA #355, 2º PISO', 'CATARI 7 RÍOS'),
(0000000009, 0000000001, 0000000165, 0000000001, 'ABENGOA CHILE', '96521440-2', NULL, '2016-09-08 12:11:12', 'LAS ARAUCARIAS # 9130', 'CHARRUA'),
(0000000010, 0000000001, 0000000165, 0000000001, 'CLARO VICUÑA VALENZUELA S.A.', '80207900-1', NULL, '2016-08-31 14:27:21', 'CLARO VICUÑA S/N', 'CLARO VICUÑA BAÑOS'),
(0000000011, 0000000001, 0000000319, 0000000001, 'B.BOSH S.A.', '84716400-K', 'CONSTRUCTORA', '2016-09-08 17:34:33', 'AVDA. AMERICO VESPUCIO #2150. QUILICURA', NULL),
(0000000012, 0000000001, 0000000303, 0000000001, 'CONSTRUCTORA CAROLINA RIQUELME ACEVEDO EIRL', '76190857-K', 'CONSTRUCTORA', '2016-09-08 17:50:18', 'SANTA ANSELMA #49. LA CISTERNA', NULL),
(0000000013, 0000000001, 0000000317, 0000000001, 'EBCO S.A.', '96844950-8', 'CONSTRUCTORA', '2016-09-08 12:40:33', 'AVDA. SANTA MARIA #2450. PROVIDENCIA', NULL),
(0000000014, 0000000001, 0000000165, 0000000001, 'CONSTRUCTORA SANTA SUSANA SPA ', '76473263-4', 'CONSTRUCTORA', '2016-09-08 17:12:34', 'MENDOZA #7722, OFICINA Nº 2.', NULL),
(0000000015, 0000000001, 0000000320, 0000000001, 'CONVERTEC S.A.', '77225180-7', NULL, '2016-08-31 15:16:35', 'GRAL. BRAYER #1730', NULL),
(0000000016, 0000000001, 0000000312, 0000000001, 'CONSTRUCTORA CRUZ DEL NORTE Y CÍA. LTDA.', '76256150-6', 'CONSTRUCTORA', '2016-09-12 17:42:03', 'OBISPO ARTURO ESPINOZA #3233. MACUL', 'CRUZ DEL NORTE'),
(0000000017, 0000000001, 0000000165, 0000000001, 'ECOSERGO SPA', '77318900-5', NULL, '2016-09-08 17:32:09', 'AVDA. MARÍA DOLORES #2001', NULL),
(0000000018, 0000000001, 0000000301, 0000000001, 'ENERGÍA RÍO CLARO S.A. ', '76101744-6', NULL, '2016-08-31 19:42:40', 'AVDA. EL PARQUE #5339, OF. 409', NULL),
(0000000019, 0000000001, 0000000165, 0000000001, 'CONSTRUCCIÓN Y SERVICIOS', '76353448-0', NULL, '2016-09-08 17:28:13', 'LOTE 19 CAM. CANTARRANA ', NULL),
(0000000020, 0000000001, 0000000179, 0000000001, 'FIGUZ S.A.', '77617000-3', NULL, '2016-09-09 16:50:40', 'LOS ROBLES #552', NULL),
(0000000021, 0000000001, 0000000165, 0000000001, 'FORESTAL MININCO S.A.', '91440000-7', 'FORESTAL', '2016-08-31 20:03:30', 'AVDA. ALEMANIA 751', NULL),
(0000000022, 0000000001, 0000000165, 0000000001, 'FRANKLIN SALAS SANDOVAL', '14299626-K', NULL, '2016-09-08 11:04:21', 'OROMPELLO # 1892', NULL),
(0000000023, 0000000001, 0000000165, 0000000001, 'SOCIEDAD AGRICOLA MAQUENA SPA', '76267264-2', NULL, '2016-08-31 20:09:17', 'CAM. MARÍA DOLORES', 'FUNDO MACKENA'),
(0000000024, 0000000001, 0000000165, 0000000001, 'CALLAQUI S.A.', '76257118-8', NULL, '2016-08-31 20:11:34', 'HIJUELA LAS VIÑAS A2', 'GREENVIC'),
(0000000025, 0000000001, 0000000308, 0000000001, 'COBRA CHILE SERVICIOS S.A.', '76872560-8', NULL, '2016-09-08 11:54:23', 'LOS MILITARES #5885, PISO 10', 'GRUPO COBRA'),
(0000000026, 0000000001, 0000000317, 0000000001, 'AGRICOLA HACIENDA CANTERA S.A.', '86353500-K', 'AGRICOLA', '2016-09-08 16:24:02', 'HERNANDO DE AGUIRRE #430', 'HACIENDA CANTERAS'),
(0000000027, 0000000001, 0000000295, 0000000001, 'HORTIFRUT S.A.', '96896990-0', 'HORTIFRUTICOLA', '2016-09-08 12:03:53', 'AVDA. EL CONDOR # 600, PISO 3 Y 4', 'HORTIFRUT'),
(0000000028, 0000000001, 0000000165, 0000000001, 'AGRICOLA SANTA BARBARA DE LLANO BLANCO LTDA.', '89897800-1', 'AGRICOLA', '2016-09-08 17:19:09', 'FUNDO HUERTO LA PERLA', 'HUERTO LA PERLA'),
(0000000029, 0000000001, 0000000165, 0000000001, 'SOC. COM. E ING. GESTION IND. INGHER LTDA.', '76745040-0', NULL, '2016-09-08 17:22:20', 'AVDA. PRAT #460B', 'INGHER'),
(0000000030, 0000000001, 0000000165, 0000000001, 'INMOBILIARIA ALFA LIMITADA', '76477598-8', 'INMONBILIARIA', '2016-09-08 15:43:52', 'SERVIDUMBRE DE PASO # 2184', NULL),
(0000000031, 0000000001, 0000000165, 0000000001, 'OBRAS CIVILES GABRIEL HIPOLITO ROA QUEZADA EIRL', '76405014-2', NULL, '2016-09-08 17:47:20', 'HIJUELA LOS CERRILLOS LOTE A', 'HIPOLITO ROA'),
(0000000032, 0000000001, 0000000165, 0000000001, 'MECHARV S.A.', '96960670-4', NULL, '2016-09-08 17:16:46', 'LONGITUDINAL SUR KM. 500, LOS TILOS', NULL),
(0000000033, 0000000001, 0000000146, 0000000001, 'MISAEL FLORES LARA', '6477388-7', NULL, '2016-08-31 20:42:48', 'ONGOLMO #2155, LOCAL 1', 'MISAEL DUCHAS'),
(0000000034, 0000000001, 0000000188, 0000000001, 'ORAFTI CHILE S.A.', '77894990-3', NULL, '2016-09-08 17:04:31', 'RUTA 5 SUR KM. 445', NULL),
(0000000035, 0000000001, 0000000165, 0000000001, 'TRANSPORTE PATRICIO GUTIERREZ V EIRL', '76628930-4', NULL, '2016-08-31 20:48:38', 'AVDA. LAS INDUSTRIAS #4995', 'PATRICIO FLETES'),
(0000000036, 0000000001, 0000000165, 0000000001, 'PLANASA CHILE SPA', '76104353-6', NULL, '2016-09-08 17:56:44', 'FUNDO LAS TEJAS LOTE A S/N', 'PLANASA'),
(0000000037, 0000000001, 0000000165, 0000000001, 'PROMASA S.A.', '96540490-2', 'FORESTAL', '2016-09-06 21:46:20', 'AVDA. LAS INDUSTRIAS PEDRO STRAK', NULL),
(0000000038, 0000000001, 0000000147, 0000000001, 'SOCIEDAD LATSAGUE SAAVEDRA LTDA.', '77295580-4', NULL, '2016-08-31 21:22:29', 'RUTA 160 KM. 15.5. ', 'PUENTE PERALES'),
(0000000039, 0000000001, 0000000165, 0000000001, 'SOCIEDAD CONSTRUCTORA REVING LIMITADA ', '76479839-2', 'CONSTRUCTORA', '2016-09-08 12:46:37', 'AVDA. PRAT #620, OF. 506', NULL),
(0000000040, 0000000001, 0000000179, 0000000001, 'CONSTRUCTORA RODRIGO PUNTES HUEPE EIRL', '76176482-9', 'CONSTRUCTORA', '2016-09-08 16:49:30', 'CALLE ESTADIO #731', 'RODRIGO PUENTES, REVISAR NOMBRE EMPRESA'),
(0000000041, 0000000001, 0000000308, 0000000001, 'SCOTTA CHILE S.A.', '76138911-4', NULL, '2016-09-08 11:41:16', 'AVDA. VITACURA #2969, OF. 901', NULL),
(0000000042, 0000000001, 0000000153, 0000000001, 'SEINCO LTDA.', '76472720-7', NULL, '2016-09-08 17:30:41', 'WILLIAM WALD # 3020', NULL),
(0000000043, 0000000001, 0000000232, 0000000001, 'SERVICIOS E INGENIERIA LTDA.', '77869650-9', NULL, '2016-09-08 17:44:01', 'AVDA. PICARTE #3644', 'REDTEL VALDIVIA. REVISAR CIUDAD DE CLIENTE'),
(0000000044, 0000000001, 0000000165, 0000000001, 'VERONICA MODINGER EHRENFELD', '5079944-1', NULL, '2016-09-08 17:40:07', 'FUNDO EL MIRADOR SUR CASILLA 7', NULL),
(0000000045, 0000000001, 0000000169, 0000000001, 'CARLOS BADILLA ROCHA', '11407600-7', NULL, '2016-08-31 22:02:02', 'CALLE MISION #798', NULL),
(0000000046, 0000000001, 0000000165, 0000000001, 'COMERCIAL GREENVIC S.A.', '78335990-1', NULL, '2016-09-07 14:32:21', 'AVDA APOQUINDO N° 4775 OF. 1601', NULL),
(0000000047, 0000000001, 0000000207, 0000000001, 'CONSTRUCTORA EL BOSQUE LTDA.', '76019383-6', 'CONSTRUCTORA', '2016-09-08 11:00:21', 'VICUÑA MACKENNA N° 580', NULL),
(0000000048, 0000000001, 0000000165, 0000000001, 'SOCIEDAD COMERCIALIZADORA ', '76474438-1', 'TRANSPORTE', '2016-09-08 10:49:38', 'SOR VICENTA N° 2664', NULL),
(0000000049, 0000000001, 0000000165, 0000000001, 'RICARDO HERNAN BEROIZA TRONCOSO', '15207258-9', NULL, '2016-09-08 11:36:19', 'GRANJA LA PRIMAVERA KM. 1.5  CAMINO NACIMIENTO', NULL),
(0000000050, 0000000001, 0000000317, 0000000001, 'ARRIGONI INGENIERIA Y CONSTRUCCION S.A', '76091747-8', NULL, '2016-09-08 11:50:51', 'REYES LAVALLE N° 3340 OF. 3', NULL),
(0000000051, 0000000001, 0000000165, 0000000001, 'ARIDOS SGA LIMITADA', '76344138-5', NULL, '2016-09-08 12:01:40', 'OHIGGINS N° 291', NULL),
(0000000052, 0000000001, 0000000295, 0000000001, 'PACRIALGO S.A.', '96764220-7', NULL, '2016-09-08 12:51:12', 'ELIODORO YAÑEZ N° 2905 PROVIDENCIA', NULL),
(0000000053, 0000000001, 0000000146, 0000000001, 'CLARO VICUÑA VALENZUELA S.A', '86435900-0', NULL, '2016-09-08 16:02:56', 'CAMINO ANTIGUO A BULNES N° 3320,SECTOR PALOMARES', NULL),
(0000000054, 0000000001, 0000000092, 0000000001, 'AGRICOLA HGE SPA ', '76474099-8', NULL, '2016-09-08 16:17:32', 'FUNDO SANTA MARGARITA S/N', NULL),
(0000000055, 0000000001, 0000000317, 0000000001, 'VIÑA SUTIL S.A.', '99504740-3', NULL, '2016-09-08 17:25:09', 'AVDA 11 DE SEPTIEMBRE Nª 1860 OFICINA 92', NULL),
(0000000056, 0000000001, 0000000165, 0000000001, 'SOCIEDAD COMERCIAL SANDOVAL & CIFUENTES LIMITADA.', '76934310-5', NULL, '2016-09-08 17:38:30', 'CALLE MALALCAHUELLO # 116, VILLA EL REFUGIO ETAPA II', NULL),
(0000000057, 0000000001, 0000000165, 0000000003, 'LUIS IVÁN GONZALEZ MUÑOZ', '9228164-7', 'PARTICULAR ', '2016-09-15 12:05:17', 'CAMINO LAJA PUENTE PERALES K. 20 SECTOR CANCHA RALLADA', NULL);

-- --------------------------------------------------------

--
-- Estructura de tabla para la tabla `comuna`
--

CREATE TABLE IF NOT EXISTS `comuna` (
  `com_id_pk` int(10) unsigned zerofill NOT NULL,
  `com_provincia_fk` int(10) unsigned zerofill NOT NULL,
  `com_nombre` varchar(100) DEFAULT NULL,
  PRIMARY KEY (`com_id_pk`),
  KEY `com_provincia_fk` (`com_provincia_fk`)
) ENGINE=InnoDB DEFAULT CHARSET=latin1;

--
-- Volcado de datos para la tabla `comuna`
--

INSERT INTO `comuna` (`com_id_pk`, `com_provincia_fk`, `com_nombre`) VALUES
(0000000001, 0000000001, 'ARICA'),
(0000000002, 0000000001, 'CAMARONES'),
(0000000003, 0000000002, 'PUTRE'),
(0000000004, 0000000002, 'GENERAL LAGOS'),
(0000000005, 0000000003, 'IQUIQUE'),
(0000000006, 0000000003, 'ALTO HOSPICIO'),
(0000000007, 0000000004, 'POZO ALMONTE'),
(0000000008, 0000000004, 'CAMIÑA'),
(0000000009, 0000000004, 'COLCHANE'),
(0000000010, 0000000004, 'HUARA'),
(0000000011, 0000000004, 'PICA'),
(0000000012, 0000000005, 'ANTOFAGASTA'),
(0000000013, 0000000005, 'MEJILLONES'),
(0000000014, 0000000005, 'SIERRA GORDA'),
(0000000015, 0000000005, 'TALTAL'),
(0000000016, 0000000006, 'CALAMA'),
(0000000017, 0000000006, 'OLLAGÜE'),
(0000000018, 0000000006, 'SAN PEDRO DE ATACAMA'),
(0000000019, 0000000007, 'TOCOPILLA'),
(0000000020, 0000000007, 'MARÍA ELENA'),
(0000000021, 0000000008, 'COPIAPÓ'),
(0000000022, 0000000008, 'CALDERA'),
(0000000023, 0000000008, 'TIERRA AMARILLA'),
(0000000024, 0000000009, 'CHAÑARAL'),
(0000000025, 0000000009, 'DIEGO DE ALMAGRO'),
(0000000026, 0000000010, 'VALLENAR'),
(0000000027, 0000000010, 'ALTO DEL CARMEN'),
(0000000028, 0000000010, 'FREIRINA'),
(0000000029, 0000000010, 'HUASCO'),
(0000000030, 0000000011, 'LA SERENA'),
(0000000031, 0000000011, 'COQUIMBO'),
(0000000032, 0000000011, 'ANDACOLLO'),
(0000000033, 0000000011, 'LA HIGUERA'),
(0000000034, 0000000011, 'PAIGUANO'),
(0000000035, 0000000011, 'VICUÑA'),
(0000000036, 0000000012, 'ILLAPEL'),
(0000000037, 0000000012, 'CANELA'),
(0000000038, 0000000012, 'LOS VILOS'),
(0000000039, 0000000012, 'SALAMANCA'),
(0000000040, 0000000013, 'OVALLE'),
(0000000041, 0000000013, 'COMBARBALÁ'),
(0000000042, 0000000013, 'MONTE PATRIA'),
(0000000043, 0000000013, 'PUNITAQUI'),
(0000000044, 0000000013, 'RÍO HURTADO'),
(0000000045, 0000000014, 'VALPARAÍSO'),
(0000000046, 0000000014, 'CASABLANCA'),
(0000000047, 0000000014, 'CONCÓN'),
(0000000048, 0000000014, 'JUAN FERNÁNDEZ'),
(0000000049, 0000000014, 'PUCHUNCAVÍ'),
(0000000050, 0000000014, 'QUINTERO'),
(0000000051, 0000000014, 'VIÑA DEL MAR'),
(0000000052, 0000000015, 'ISLA DE PASCUA'),
(0000000053, 0000000016, 'LOS ANDES'),
(0000000054, 0000000016, 'CALLE LARGA'),
(0000000055, 0000000016, 'RINCONADA'),
(0000000056, 0000000016, 'SAN ESTEBAN'),
(0000000057, 0000000017, 'LA LIGUA'),
(0000000058, 0000000017, 'CABILDO'),
(0000000059, 0000000017, 'PAPUDO'),
(0000000060, 0000000017, 'PETORCA'),
(0000000061, 0000000017, 'ZAPALLAR'),
(0000000062, 0000000018, 'QUILLOTA'),
(0000000063, 0000000018, 'CALERA'),
(0000000064, 0000000018, 'HIJUELAS'),
(0000000065, 0000000018, 'LA CRUZ'),
(0000000066, 0000000018, 'NOGALES'),
(0000000067, 0000000019, 'SAN ANTONIO'),
(0000000068, 0000000019, 'ALGARROBO'),
(0000000069, 0000000019, 'CARTAGENA'),
(0000000070, 0000000019, 'EL QUISCO'),
(0000000071, 0000000019, 'EL TABO'),
(0000000072, 0000000019, 'SANTO DOMINGO'),
(0000000073, 0000000020, 'SAN FELIPE'),
(0000000074, 0000000020, 'CATEMU'),
(0000000075, 0000000020, 'LLAILLAY'),
(0000000076, 0000000020, 'PANQUEHUE'),
(0000000077, 0000000020, 'PUTAENDO'),
(0000000078, 0000000020, 'SANTA MARÍA'),
(0000000079, 0000000021, 'LIMACHE'),
(0000000080, 0000000021, 'QUILPUÉ'),
(0000000081, 0000000021, 'VILLA ALEMANA'),
(0000000082, 0000000021, 'OLMUÉ'),
(0000000083, 0000000022, 'RANCAGUA'),
(0000000084, 0000000022, 'CODEGUA'),
(0000000085, 0000000022, 'COINCO'),
(0000000086, 0000000022, 'COLTAUCO'),
(0000000087, 0000000022, 'DOÑIHUE'),
(0000000088, 0000000022, 'GRANEROS'),
(0000000089, 0000000022, 'LAS CABRAS'),
(0000000090, 0000000022, 'MACHALÍ'),
(0000000091, 0000000022, 'MALLOA'),
(0000000092, 0000000022, 'MOSTAZAL'),
(0000000093, 0000000022, 'OLIVAR'),
(0000000094, 0000000022, 'PEUMO'),
(0000000095, 0000000022, 'PICHIDEGUA'),
(0000000096, 0000000022, 'QUINTA DE TILCOCO'),
(0000000097, 0000000022, 'RENGO'),
(0000000098, 0000000022, 'REQUÍNOA'),
(0000000099, 0000000022, 'SAN VICENTE'),
(0000000100, 0000000023, 'PICHILEMU'),
(0000000101, 0000000023, 'LA ESTRELLA'),
(0000000102, 0000000023, 'LITUECHE'),
(0000000103, 0000000023, 'MARCHIHUE'),
(0000000104, 0000000023, 'NAVIDAD'),
(0000000105, 0000000023, 'PAREDONES'),
(0000000106, 0000000024, 'SAN FERNANDO'),
(0000000107, 0000000024, 'CHÉPICA'),
(0000000108, 0000000024, 'CHIMBARONGO'),
(0000000109, 0000000024, 'LOLOL'),
(0000000110, 0000000024, 'NANCAGUA'),
(0000000111, 0000000024, 'PALMILLA'),
(0000000112, 0000000024, 'PERALILLO'),
(0000000113, 0000000024, 'PLACILLA'),
(0000000114, 0000000024, 'PUMANQUE'),
(0000000115, 0000000024, 'SANTA CRUZ'),
(0000000116, 0000000025, 'TALCA'),
(0000000117, 0000000025, 'CONSTITUCIÓN'),
(0000000118, 0000000025, 'CUREPTO'),
(0000000119, 0000000025, 'EMPEDRADO'),
(0000000120, 0000000025, 'MAULE'),
(0000000121, 0000000025, 'PELARCO'),
(0000000122, 0000000025, 'PENCAHUE'),
(0000000123, 0000000025, 'RÍO CLARO'),
(0000000124, 0000000025, 'SAN CLEMENTE'),
(0000000125, 0000000025, 'SAN RAFAEL'),
(0000000126, 0000000026, 'CAUQUENES'),
(0000000127, 0000000026, 'CHANCO'),
(0000000128, 0000000026, 'PELLUHUE'),
(0000000129, 0000000027, 'CURICÓ'),
(0000000130, 0000000027, 'HUALAÑÉ'),
(0000000131, 0000000027, 'LICANTÉN'),
(0000000132, 0000000027, 'MOLINA'),
(0000000133, 0000000027, 'RAUCO'),
(0000000134, 0000000027, 'ROMERAL'),
(0000000135, 0000000027, 'SAGRADA FAMILIA'),
(0000000136, 0000000027, 'TENO'),
(0000000137, 0000000027, 'VICHUQUÉN'),
(0000000138, 0000000028, 'LINARES'),
(0000000139, 0000000028, 'COLBÚN'),
(0000000140, 0000000028, 'LONGAVÍ'),
(0000000141, 0000000028, 'PARRAL'),
(0000000142, 0000000028, 'RETIRO'),
(0000000143, 0000000028, 'SAN JAVIER'),
(0000000144, 0000000028, 'VILLA ALEGRE'),
(0000000145, 0000000028, 'YERBAS BUENAS'),
(0000000146, 0000000029, 'CONCEPCIÓN'),
(0000000147, 0000000029, 'CORONEL'),
(0000000148, 0000000029, 'CHIGUAYANTE'),
(0000000149, 0000000029, 'FLORIDA'),
(0000000150, 0000000029, 'HUALQUI'),
(0000000151, 0000000029, 'LOTA'),
(0000000152, 0000000029, 'PENCO'),
(0000000153, 0000000029, 'SAN PEDRO DE LA PAZ'),
(0000000154, 0000000029, 'SANTA JUANA'),
(0000000155, 0000000029, 'TALCAHUANO'),
(0000000156, 0000000029, 'TOMÉ'),
(0000000157, 0000000029, 'HUALPÉN'),
(0000000158, 0000000030, 'LEBU'),
(0000000159, 0000000030, 'ARAUCO'),
(0000000160, 0000000030, 'CAÑETE'),
(0000000161, 0000000030, 'CONTULMO'),
(0000000162, 0000000030, 'CURANILAHUE'),
(0000000163, 0000000030, 'LOS ALAMOS'),
(0000000164, 0000000030, 'TIRÚA'),
(0000000165, 0000000031, 'LOS ANGELES'),
(0000000166, 0000000031, 'ANTUCO'),
(0000000167, 0000000031, 'CABRERO'),
(0000000168, 0000000031, 'LAJA'),
(0000000169, 0000000031, 'MULCHÉN'),
(0000000170, 0000000031, 'NACIMIENTO'),
(0000000171, 0000000031, 'NEGRETE'),
(0000000172, 0000000031, 'QUILACO'),
(0000000173, 0000000031, 'QUILLECO'),
(0000000174, 0000000031, 'SAN ROSENDO'),
(0000000175, 0000000031, 'SANTA BÁRBARA'),
(0000000176, 0000000031, 'TUCAPEL'),
(0000000177, 0000000031, 'YUMBEL'),
(0000000178, 0000000031, 'ALTO BIOBÍO'),
(0000000179, 0000000032, 'CHILLÁN'),
(0000000180, 0000000032, 'BULNES'),
(0000000181, 0000000032, 'COBQUECURA'),
(0000000182, 0000000032, 'COELEMU'),
(0000000183, 0000000032, 'COIHUECO'),
(0000000184, 0000000032, 'CHILLÁN VIEJO'),
(0000000185, 0000000032, 'EL CARMEN'),
(0000000186, 0000000032, 'NINHUE'),
(0000000187, 0000000032, 'ÑIQUÉN'),
(0000000188, 0000000032, 'PEMUCO'),
(0000000189, 0000000032, 'PINTO'),
(0000000190, 0000000032, 'PORTEZUELO'),
(0000000191, 0000000032, 'QUILLÓN'),
(0000000192, 0000000032, 'QUIRIHUE'),
(0000000193, 0000000032, 'RÁNQUIL'),
(0000000194, 0000000032, 'SAN CARLOS'),
(0000000195, 0000000032, 'SAN FABIÁN'),
(0000000196, 0000000032, 'SAN IGNACIO'),
(0000000197, 0000000032, 'SAN NICOLÁS'),
(0000000198, 0000000032, 'TREGUACO'),
(0000000199, 0000000032, 'YUNGAY'),
(0000000200, 0000000033, 'TEMUCO'),
(0000000201, 0000000033, 'CARAHUE'),
(0000000202, 0000000033, 'CUNCO'),
(0000000203, 0000000033, 'CURARREHUE'),
(0000000204, 0000000033, 'FREIRE'),
(0000000205, 0000000033, 'GALVARINO'),
(0000000206, 0000000033, 'GORBEA'),
(0000000207, 0000000033, 'LAUTARO'),
(0000000208, 0000000033, 'LONCOCHE'),
(0000000209, 0000000033, 'MELIPEUCO'),
(0000000210, 0000000033, 'NUEVA IMPERIAL'),
(0000000211, 0000000033, 'PADRE LAS CASAS'),
(0000000212, 0000000033, 'PERQUENCO'),
(0000000213, 0000000033, 'PITRUFQUÉN'),
(0000000214, 0000000033, 'PUCÓN'),
(0000000215, 0000000033, 'SAAVEDRA'),
(0000000216, 0000000033, 'TEODORO SCHMIDT'),
(0000000217, 0000000033, 'TOLTÉN'),
(0000000218, 0000000033, 'VILCÚN'),
(0000000219, 0000000033, 'VILLARRICA'),
(0000000220, 0000000033, 'CHOLCHOL'),
(0000000221, 0000000034, 'ANGOL'),
(0000000222, 0000000034, 'COLLIPULLI'),
(0000000223, 0000000034, 'CURACAUTÍN'),
(0000000224, 0000000034, 'ERCILLA'),
(0000000225, 0000000034, 'LONQUIMAY'),
(0000000226, 0000000034, 'LOS SAUCES'),
(0000000227, 0000000034, 'LUMACO'),
(0000000228, 0000000034, 'PURÉN'),
(0000000229, 0000000034, 'RENAICO'),
(0000000230, 0000000034, 'TRAIGUÉN'),
(0000000231, 0000000034, 'VICTORIA'),
(0000000232, 0000000035, 'VALDIVIA'),
(0000000233, 0000000035, 'CORRAL'),
(0000000234, 0000000035, 'LANCO'),
(0000000235, 0000000035, 'LOS LAGOS'),
(0000000236, 0000000035, 'MÁFIL'),
(0000000237, 0000000035, 'MARIQUINA'),
(0000000238, 0000000035, 'PAILLACO'),
(0000000239, 0000000035, 'PANGUIPULLI'),
(0000000240, 0000000036, 'LA UNIÓN'),
(0000000241, 0000000036, 'FUTRONO'),
(0000000242, 0000000036, 'LAGO RANCO'),
(0000000243, 0000000036, 'RÍO BUENO'),
(0000000244, 0000000037, 'PUERTO MONTT'),
(0000000245, 0000000037, 'CALBUCO'),
(0000000246, 0000000037, 'COCHAMÓ'),
(0000000247, 0000000037, 'FRESIA'),
(0000000248, 0000000037, 'FRUTILLAR'),
(0000000249, 0000000037, 'LOS MUERMOS'),
(0000000250, 0000000037, 'LLANQUIHUE'),
(0000000251, 0000000037, 'MAULLÍN'),
(0000000252, 0000000037, 'PUERTO VARAS'),
(0000000253, 0000000038, 'CASTRO'),
(0000000254, 0000000038, 'ANCUD'),
(0000000255, 0000000038, 'CHONCHI'),
(0000000256, 0000000038, 'CURACO DE VÉLEZ'),
(0000000257, 0000000038, 'DALCAHUE'),
(0000000258, 0000000038, 'PUQUELDÓN'),
(0000000259, 0000000038, 'QUEILÉN'),
(0000000260, 0000000038, 'QUELLÓN'),
(0000000261, 0000000038, 'QUEMCHI'),
(0000000262, 0000000038, 'QUINCHAO'),
(0000000263, 0000000039, 'OSORNO'),
(0000000264, 0000000039, 'PUERTO OCTAY'),
(0000000265, 0000000039, 'PURRANQUE'),
(0000000266, 0000000039, 'PUYEHUE'),
(0000000267, 0000000039, 'RÍO NEGRO'),
(0000000268, 0000000039, 'SAN JUAN DE LA COSTA'),
(0000000269, 0000000039, 'SAN PABLO'),
(0000000270, 0000000040, 'CHAITÉN'),
(0000000271, 0000000040, 'FUTALEUFÚ'),
(0000000272, 0000000040, 'HUALAIHUÉ'),
(0000000273, 0000000040, 'PALENA'),
(0000000274, 0000000041, 'COIHAIQUE'),
(0000000275, 0000000041, 'LAGO VERDE'),
(0000000276, 0000000042, 'AISÉN'),
(0000000277, 0000000042, 'CISNES'),
(0000000278, 0000000042, 'GUAITECAS'),
(0000000279, 0000000043, 'COCHRANE'),
(0000000280, 0000000043, 'O''HIGGINS'),
(0000000281, 0000000043, 'TORTEL'),
(0000000282, 0000000044, 'CHILE CHICO'),
(0000000283, 0000000044, 'RÍO IBÁÑEZ'),
(0000000284, 0000000045, 'PUNTA ARENAS'),
(0000000285, 0000000045, 'LAGUNA BLANCA'),
(0000000286, 0000000045, 'RÍO VERDE'),
(0000000287, 0000000045, 'SAN GREGORIO'),
(0000000288, 0000000046, 'CABO DE HORNOS'),
(0000000289, 0000000046, 'ANTÁRTICA'),
(0000000290, 0000000047, 'PORVENIR'),
(0000000291, 0000000047, 'PRIMAVERA'),
(0000000292, 0000000047, 'TIMAUKEL'),
(0000000293, 0000000048, 'NATALES'),
(0000000294, 0000000048, 'TORRES DEL PAINE'),
(0000000295, 0000000049, 'SANTIAGO'),
(0000000296, 0000000049, 'CERRILLOS'),
(0000000297, 0000000049, 'CERRO NAVIA'),
(0000000298, 0000000049, 'CONCHALÍ'),
(0000000299, 0000000049, 'EL BOSQUE'),
(0000000300, 0000000049, 'ESTACIÓN CENTRAL'),
(0000000301, 0000000049, 'HUECHURABA'),
(0000000302, 0000000049, 'INDEPENDENCIA'),
(0000000303, 0000000049, 'LA CISTERNA'),
(0000000304, 0000000049, 'LA FLORIDA'),
(0000000305, 0000000049, 'LA GRANJA'),
(0000000306, 0000000049, 'LA PINTANA'),
(0000000307, 0000000049, 'LA REINA'),
(0000000308, 0000000049, 'LAS CONDES'),
(0000000309, 0000000049, 'LO BARNECHEA'),
(0000000310, 0000000049, 'LO ESPEJO'),
(0000000311, 0000000049, 'LO PRADO'),
(0000000312, 0000000049, 'MACUL'),
(0000000313, 0000000049, 'MAIPÚ'),
(0000000314, 0000000049, 'ÑUÑOA'),
(0000000315, 0000000049, 'PEDRO AGUIRRE CERDA'),
(0000000316, 0000000049, 'PEÑALOLÉN'),
(0000000317, 0000000049, 'PROVIDENCIA'),
(0000000318, 0000000049, 'PUDAHUEL'),
(0000000319, 0000000049, 'QUILICURA'),
(0000000320, 0000000049, 'QUINTA NORMAL'),
(0000000321, 0000000049, 'RECOLETA'),
(0000000322, 0000000049, 'RENCA'),
(0000000323, 0000000049, 'SAN JOAQUÍN'),
(0000000324, 0000000049, 'SAN MIGUEL'),
(0000000325, 0000000049, 'SAN RAMÓN'),
(0000000326, 0000000049, 'VITACURA'),
(0000000327, 0000000050, 'PUENTE ALTO'),
(0000000328, 0000000050, 'PIRQUE'),
(0000000329, 0000000050, 'SAN JOSÉ DE MAIPO'),
(0000000330, 0000000051, 'COLINA'),
(0000000331, 0000000051, 'LAMPA'),
(0000000332, 0000000051, 'TILTIL'),
(0000000333, 0000000052, 'SAN BERNARDO'),
(0000000334, 0000000052, 'BUIN'),
(0000000335, 0000000052, 'CALERA DE TANGO'),
(0000000336, 0000000052, 'PAINE'),
(0000000337, 0000000053, 'MELIPILLA'),
(0000000338, 0000000053, 'ALHUÉ'),
(0000000339, 0000000053, 'CURACAVÍ'),
(0000000340, 0000000053, 'MARÍA PINTO'),
(0000000341, 0000000053, 'SAN PEDRO'),
(0000000342, 0000000054, 'TALAGANTE'),
(0000000343, 0000000054, 'EL MONTE'),
(0000000344, 0000000054, 'ISLA DE MAIPO'),
(0000000345, 0000000054, 'PADRE HURTADO'),
(0000000346, 0000000054, 'PEÑAFLOR');

-- --------------------------------------------------------

--
-- Estructura de tabla para la tabla `contacto`
--

CREATE TABLE IF NOT EXISTS `contacto` (
  `con_id_pk` int(10) unsigned zerofill NOT NULL AUTO_INCREMENT,
  `con_tipo_fk` int(11) unsigned zerofill NOT NULL,
  `con_sucursal_fk` int(10) unsigned zerofill DEFAULT NULL,
  `con_usuario_fk` int(10) unsigned zerofill DEFAULT NULL,
  `con_cliente_fk` int(10) unsigned zerofill DEFAULT NULL,
  `con_detalle` varchar(50) DEFAULT NULL,
  `con_nombrepersona` varchar(100) DEFAULT NULL COMMENT 'nombre persona a contactar',
  PRIMARY KEY (`con_id_pk`),
  KEY `con_tipo_fk` (`con_tipo_fk`),
  KEY `cti_sucursal_fk` (`con_sucursal_fk`),
  KEY `cti_usuario_fk` (`con_usuario_fk`),
  KEY `cti_cliente_fk` (`con_cliente_fk`)
) ENGINE=InnoDB  DEFAULT CHARSET=latin1 AUTO_INCREMENT=160 ;

--
-- Volcado de datos para la tabla `contacto`
--

INSERT INTO `contacto` (`con_id_pk`, `con_tipo_fk`, `con_sucursal_fk`, `con_usuario_fk`, `con_cliente_fk`, `con_detalle`, `con_nombrepersona`) VALUES
(0000000001, 00000000003, NULL, 0000000001, NULL, 'contacto@tuciudad.cl', NULL),
(0000000002, 00000000001, NULL, 0000000001, NULL, '(43) 249 1161', NULL),
(0000000004, 00000000002, NULL, NULL, 0000000002, '944029476', 'ALEX PAVEZ'),
(0000000005, 00000000002, NULL, NULL, 0000000003, '982007529', 'ALFREDO LEIVA'),
(0000000006, 00000000002, NULL, NULL, 0000000004, '981370902', 'PAUL CONCHA'),
(0000000007, 00000000003, NULL, NULL, 0000000004, 'pconcha@pisocaminante.cl', 'PAUL CONCHA'),
(0000000008, 00000000003, NULL, NULL, 0000000006, 'andreahernandez@biomasachile.cl', 'ANDREA HERNANDEZ'),
(0000000015, 00000000002, NULL, NULL, 0000000010, '954201928', 'FELIPE LLANCAQUEO'),
(0000000016, 00000000003, NULL, NULL, 0000000010, 'fllancaqueo@cvv.cl', 'FELIPE LLANCAQUEO'),
(0000000023, 00000000002, NULL, NULL, 0000000015, '819943', 'MARCELO CASTRO'),
(0000000024, 00000000003, NULL, NULL, 0000000015, 'mcastro@convertec.cl', 'MARCELO CASTRO'),
(0000000029, 00000000002, NULL, NULL, 0000000018, '999181515', 'ALEJANDRA SUAZO'),
(0000000030, 00000000003, NULL, NULL, 0000000018, 'lhernandez@rioclaroforestal.cl', 'LAURA HERNANDEZ'),
(0000000033, 00000000002, NULL, NULL, 0000000021, '942760847', 'VALERIA JARA '),
(0000000034, 00000000003, NULL, NULL, 0000000021, 'vjarar@forestal.cmpc.cl', 'VALERIA JARA'),
(0000000036, 00000000001, NULL, NULL, 0000000023, '432322352', 'FERNANDA ORTEGA'),
(0000000037, 00000000003, NULL, NULL, 0000000023, 'fortega@mcondor.cl', 'FERNANDA ORTEGA'),
(0000000038, 00000000003, NULL, NULL, 0000000024, 'cquezada@greenvic.cl', 'CAMILA QUEZADA'),
(0000000051, 00000000001, NULL, NULL, 0000000033, '412185960', 'RICARDO ORTIZ'),
(0000000052, 00000000003, NULL, NULL, 0000000033, 'ricardo.omfl@gmail.com', 'RICARDO ORTIZ'),
(0000000054, 00000000003, NULL, NULL, 0000000035, 'admfletesorvicenta@gmail.com', 'MIRIAM ESTRADA'),
(0000000058, 00000000003, NULL, NULL, 0000000038, 'sebalatsague@gmail.com', 'SEBASTIAN LATSAGUE'),
(0000000070, 00000000002, NULL, NULL, 0000000045, '999875327', 'CARLOS ROCHA'),
(0000000071, 00000000003, NULL, 0000000002, NULL, 'lily.r@biosur.cl', ''),
(0000000072, 00000000003, NULL, 0000000003, NULL, 'carolina.m@biosur.cl', ''),
(0000000073, 00000000003, NULL, 0000000004, NULL, 'daniel.poblete@biosur.cl', ''),
(0000000074, 00000000003, NULL, 0000000005, NULL, 'j.oviedo@biosur.cl', ''),
(0000000075, 00000000003, NULL, 0000000006, NULL, 'carolina.m@biosur.cl', ''),
(0000000076, 00000000003, NULL, 0000000006, NULL, 'daniel.poblete@biosur.cl', ''),
(0000000077, 00000000003, NULL, 0000000007, NULL, 'lily.r@biosur.cl', ''),
(0000000078, 00000000003, NULL, 0000000007, NULL, 'carolina.m@biosur.cl', ''),
(0000000079, 00000000003, NULL, 0000000008, NULL, 'carolina.m@biosur.cl', ''),
(0000000080, 00000000003, NULL, 0000000008, NULL, 'daniel.poblete@biosur.cl', ''),
(0000000083, 00000000001, NULL, NULL, 0000000037, '432633784', 'VALERIA BIZAMA'),
(0000000084, 00000000003, NULL, NULL, 0000000037, 'vbizama@gmail.com', 'VALERIA BIZAMA'),
(0000000085, 00000000001, NULL, NULL, 0000000046, '02-27074270', ''),
(0000000087, 00000000002, NULL, NULL, 0000000048, '95663154', 'OLGA DINA '),
(0000000090, 00000000001, NULL, NULL, 0000000047, '45-2-533281', ''),
(0000000091, 00000000002, NULL, NULL, 0000000022, '977978773', 'FRANKLIN SALAS '),
(0000000094, 00000000002, NULL, NULL, 0000000049, '972185170', 'RICARDO BEROIZA'),
(0000000095, 00000000001, NULL, NULL, 0000000041, '232027360', 'VERONICA MANCILLA'),
(0000000096, 00000000003, NULL, NULL, 0000000041, 'veronica.mansilla@scotta.cl', 'VERONICA MANCILLA'),
(0000000099, 00000000001, NULL, NULL, 0000000050, '2-2-5978630', 'ALEXIS FIGUEROA '),
(0000000100, 00000000003, NULL, NULL, 0000000025, 'oguerrero@grupocobra.cl', 'OSCAR GUERRERO'),
(0000000101, 00000000001, NULL, NULL, 0000000051, '43-2-39142', ''),
(0000000102, 00000000002, NULL, NULL, 0000000051, '981299792', ''),
(0000000103, 00000000002, NULL, NULL, 0000000027, '994378365', 'MIRIAM TRONCOSO'),
(0000000104, 00000000003, NULL, NULL, 0000000027, 'mtroncoso@hotmail.com', 'MIRIAM TRONCOSO'),
(0000000105, 00000000002, NULL, NULL, 0000000009, '942314009', 'JOSÉ TOLEDO'),
(0000000106, 00000000003, NULL, NULL, 0000000009, 'jose.toledo@abengoa.com', 'JOSÉ TOLEDO'),
(0000000110, 00000000002, NULL, NULL, 0000000013, '962498813', 'BLADIMIR HERRERA'),
(0000000111, 00000000003, NULL, NULL, 0000000013, 'bladimir.herrera@ebco.cl', 'BLADIMIR HERRERA'),
(0000000112, 00000000002, NULL, NULL, 0000000039, '959190651', 'ANA GAJARDO'),
(0000000113, 00000000003, NULL, NULL, 0000000039, 'anagajardo@reving.cl', 'ANA GAJARDO'),
(0000000114, 00000000002, NULL, NULL, 0000000001, '991782040', 'ANTONELLA'),
(0000000115, 00000000002, NULL, NULL, 0000000030, '950453513', 'DANIEL INOSTROZA'),
(0000000118, 00000000001, NULL, NULL, 0000000053, '41-2-86830', ''),
(0000000119, 00000000001, NULL, NULL, 0000000054, '72-2-974535', 'BELEN VASQUEZ'),
(0000000120, 00000000003, NULL, NULL, 0000000026, 'aazocar@canteras.cl', 'ANDRÉS AZOCAR'),
(0000000122, 00000000002, NULL, NULL, 0000000040, '999623223', 'CRISTIAN TAPIA'),
(0000000123, 00000000003, NULL, NULL, 0000000040, 'ctapia@singecorp.cl', 'CRISTIAN TAPIA'),
(0000000124, 00000000003, NULL, NULL, 0000000034, 'manuel.avila@orafti.cl', 'MANUEL AVILA'),
(0000000125, 00000000002, NULL, NULL, 0000000014, '983677700', 'WILSON INOSTROZA'),
(0000000126, 00000000003, NULL, NULL, 0000000032, 'sergio.vasquez@mecharv.cl', 'SERGIO VASQUEZ'),
(0000000127, 00000000002, NULL, NULL, 0000000032, '995442859', 'SERGIO VASQUEZ'),
(0000000128, 00000000002, NULL, NULL, 0000000028, '988067753', 'ALEJANDRA VELASZQUEZ'),
(0000000129, 00000000002, NULL, NULL, 0000000029, '942200611', 'JUAN CARLOS PEREZ'),
(0000000130, 00000000003, NULL, NULL, 0000000029, 'jcperez@ingher.cl', 'JUAN CARLOS PEREZ'),
(0000000131, 00000000002, NULL, NULL, 0000000055, '9-4305658', ''),
(0000000132, 00000000002, NULL, NULL, 0000000055, '6-8371528', ''),
(0000000133, 00000000002, NULL, NULL, 0000000019, '995991472', 'FERNANDO BERRIOS'),
(0000000134, 00000000002, NULL, NULL, 0000000042, '988093706', 'ALFREDO'),
(0000000135, 00000000003, NULL, NULL, 0000000042, 'seinco.ltda@yahoo.cl', 'ALFREDO'),
(0000000136, 00000000002, NULL, NULL, 0000000017, '994394082', 'CLAUDIA SANZANA'),
(0000000137, 00000000003, NULL, NULL, 0000000017, 'empresas@ecoserggo.cl', 'CLAUDIA SANZANA'),
(0000000138, 00000000001, NULL, NULL, 0000000011, '226208886', 'MARCOS VENEGAS'),
(0000000139, 00000000003, NULL, NULL, 0000000011, 'mvenegas@bbosh.cl', 'MARCOS VENEGAS'),
(0000000140, 00000000002, NULL, NULL, 0000000056, '995431130', 'MARCOS SANDOVAL '),
(0000000141, 00000000002, NULL, NULL, 0000000044, '999194271', 'FLORIN MIRANDA'),
(0000000142, 00000000002, NULL, NULL, 0000000043, '965879270', 'LUIS CARTES'),
(0000000143, 00000000003, NULL, NULL, 0000000043, 'luis.cartes@redtel.cl', 'LUIS CARTES'),
(0000000144, 00000000003, NULL, NULL, 0000000031, 'ghargous@sutilfamilywines.cl', 'GONZALO HARGOUS'),
(0000000145, 00000000002, NULL, NULL, 0000000031, '994305656', 'GONZALO HARGOUS'),
(0000000146, 00000000002, NULL, NULL, 0000000012, '981489214', 'LUIS FERNANDOIS'),
(0000000147, 00000000002, NULL, NULL, 0000000008, '956087437', 'VERÓNICA CONDEZA'),
(0000000148, 00000000003, NULL, NULL, 0000000008, 'veronica.condeza@catari-chile.cl', 'VERÓNICA CONDEZA'),
(0000000149, 00000000002, NULL, NULL, 0000000036, '952265657', 'MARCOS'),
(0000000150, 00000000003, NULL, NULL, 0000000020, 'figuz@figuz.cl', 'BETSSY R.'),
(0000000155, 00000000002, NULL, NULL, 0000000016, '963092999', 'RAÚL MILLACOY'),
(0000000156, 00000000002, NULL, NULL, 0000000016, 'rmillacoy@cruzdelnorte.cl', 'RAÚL MILLACOY'),
(0000000157, 00000000002, NULL, NULL, 0000000057, '993379571', 'LUIS GONZALEZ'),
(0000000158, 00000000002, NULL, NULL, 0000000007, '961571434', 'EDSON PINTO'),
(0000000159, 00000000003, NULL, NULL, 0000000007, 'epleblanc@gmail.com', 'EDSON PINTO');

-- --------------------------------------------------------

--
-- Estructura de tabla para la tabla `contacto_tipo`
--

CREATE TABLE IF NOT EXISTS `contacto_tipo` (
  `cti_id_pk` int(10) unsigned zerofill NOT NULL AUTO_INCREMENT,
  `cti_nombre` varchar(50) DEFAULT NULL,
  PRIMARY KEY (`cti_id_pk`)
) ENGINE=InnoDB  DEFAULT CHARSET=latin1 AUTO_INCREMENT=4 ;

--
-- Volcado de datos para la tabla `contacto_tipo`
--

INSERT INTO `contacto_tipo` (`cti_id_pk`, `cti_nombre`) VALUES
(0000000001, 'Telefono'),
(0000000002, 'Celular'),
(0000000003, 'Correo');

-- --------------------------------------------------------

--
-- Estructura de tabla para la tabla `detalle_contrato`
--

CREATE TABLE IF NOT EXISTS `detalle_contrato` (
  `dco_id_pk` int(10) unsigned zerofill NOT NULL AUTO_INCREMENT,
  `dco_venta_fk` int(10) unsigned zerofill DEFAULT NULL,
  `dco_comuna_fk` int(10) unsigned zerofill DEFAULT NULL,
  `dco_servicio_fk` int(10) unsigned zerofill DEFAULT NULL,
  `dco_direccion` varchar(100) DEFAULT NULL,
  `dco_cbano` int(11) DEFAULT NULL COMMENT 'cantidad de baños propios',
  `dco_ccaseta` int(11) DEFAULT NULL COMMENT 'cantidad de casetas',
  `dco_cducha` int(11) DEFAULT NULL COMMENT 'cantidad de duchas',
  `dco_cexterno` int(11) DEFAULT NULL COMMENT 'cantidad de baños externos',
  `dco_clavamano` int(11) DEFAULT NULL COMMENT 'cantidad de lavamanos',
  `dco_netobanno` int(11) DEFAULT NULL,
  `dco_netocaseta` int(11) DEFAULT NULL,
  `dco_netoducha` int(11) DEFAULT NULL,
  `dco_netoexterno` int(11) DEFAULT NULL,
  `dco_precio` int(11) DEFAULT NULL,
  `dco_lat` varchar(100) DEFAULT NULL,
  `dco_lon` varchar(100) DEFAULT NULL,
  `dco_sachet` int(11) DEFAULT NULL,
  `dco_papel` int(11) DEFAULT NULL,
  `dco_activo` int(11) DEFAULT NULL,
  `dco_comentario` text,
  PRIMARY KEY (`dco_id_pk`),
  KEY `dco_venta_fk` (`dco_venta_fk`),
  KEY `dco_comuna_fk` (`dco_comuna_fk`),
  KEY `dco_servicio_fk` (`dco_servicio_fk`)
) ENGINE=InnoDB  DEFAULT CHARSET=latin1 AUTO_INCREMENT=112 ;

--
-- Volcado de datos para la tabla `detalle_contrato`
--

INSERT INTO `detalle_contrato` (`dco_id_pk`, `dco_venta_fk`, `dco_comuna_fk`, `dco_servicio_fk`, `dco_direccion`, `dco_cbano`, `dco_ccaseta`, `dco_cducha`, `dco_cexterno`, `dco_clavamano`, `dco_netobanno`, `dco_netocaseta`, `dco_netoducha`, `dco_netoexterno`, `dco_precio`, `dco_lat`, `dco_lon`, `dco_sachet`, `dco_papel`, `dco_activo`, `dco_comentario`) VALUES
(0000000045, 0000000045, 0000000165, 0000000001, 'FUNDO LA PERLA', 15, 0, 0, 0, 0, NULL, NULL, NULL, NULL, NULL, '0', '0', 15, 15, 1, NULL),
(0000000047, 0000000047, 0000000165, 0000000001, 'CAMINO MARÍA DOLORES KM 8.9', 2, 0, 0, 0, 0, NULL, NULL, NULL, NULL, NULL, '0', '0', 2, 2, 1, NULL),
(0000000048, 0000000048, 0000000165, 0000000001, 'HIJUELA LAS VIÑAS', 2, 0, 0, 0, 0, NULL, NULL, NULL, NULL, NULL, '0', '0', 2, 2, 1, NULL),
(0000000049, 0000000049, 0000000165, 0000000001, 'LA PERLA', 4, 0, 0, 0, 0, NULL, NULL, NULL, NULL, NULL, '0', '0', 4, 4, 1, NULL),
(0000000050, 0000000050, 0000000165, 0000000001, 'AVDA. LAS INDUSTRIAS', 1, 0, 0, 0, 0, NULL, NULL, NULL, NULL, NULL, '0', '0', 1, 1, 1, NULL),
(0000000051, 0000000051, 0000000165, 0000000001, 'AVDA. LOS ANGELES', 3, 0, 0, 0, 0, NULL, NULL, NULL, NULL, NULL, '0', '0', 3, 3, 1, NULL),
(0000000052, 0000000052, 0000000165, 0000000001, 'LA PERLA', 1, 0, 0, 0, 0, NULL, NULL, NULL, NULL, NULL, '0', '0', 1, 1, 1, NULL),
(0000000053, 0000000053, 0000000165, 0000000001, 'CAMINO A NACIMIENTO KM. 12', 1, 0, 0, 0, 0, NULL, NULL, NULL, NULL, NULL, '0', '0', 1, 1, 1, NULL),
(0000000054, 0000000054, 0000000165, 0000000001, 'AVDA. LAS INDUSTRIAS', 1, 0, 0, 0, 0, NULL, NULL, NULL, NULL, NULL, '0', '0', 1, 1, 1, NULL),
(0000000055, 0000000055, 0000000165, 0000000001, 'CAM. SAN ANTONIO 1', 1, 0, 0, 0, 0, NULL, NULL, NULL, NULL, NULL, '0', '0', 1, 1, 1, NULL),
(0000000056, 0000000056, 0000000165, 0000000001, 'ANGOL', 1, 0, 0, 0, 0, NULL, NULL, NULL, NULL, NULL, '0', '0', 1, 1, 1, NULL),
(0000000057, 0000000057, 0000000231, 0000000001, 'VICTORIA', 8, 0, 0, 0, 0, NULL, NULL, NULL, NULL, NULL, '0', '0', 8, 8, 1, NULL),
(0000000058, 0000000058, 0000000169, 0000000001, 'MULCHEN', 3, 0, 0, 0, 0, NULL, NULL, NULL, NULL, NULL, '0', '0', 3, 3, 1, NULL),
(0000000059, 0000000059, 0000000165, 0000000001, 'RENAICO', 1, 0, 0, 0, 0, NULL, NULL, NULL, NULL, NULL, '0', '0', 1, 1, 1, NULL),
(0000000060, 0000000060, 0000000222, 0000000001, 'COLLIPULLI', 1, 0, 0, 0, 0, NULL, NULL, NULL, NULL, NULL, '0', '0', 1, 1, 1, NULL),
(0000000061, 0000000061, 0000000165, 0000000001, 'VIRQUENCO', 16, 0, 0, 0, 0, NULL, NULL, NULL, NULL, NULL, '0', '0', 16, 16, 1, NULL),
(0000000062, 0000000062, 0000000165, 0000000001, 'CHARRUA', 9, 0, 0, 0, 0, NULL, NULL, NULL, NULL, NULL, '0', '0', 9, 9, 1, NULL),
(0000000063, 0000000063, 0000000165, 0000000001, 'LAS TEJAS', 5, 0, 0, 0, 0, NULL, NULL, NULL, NULL, NULL, '0', '0', 5, 5, 1, NULL),
(0000000064, 0000000064, 0000000165, 0000000001, 'ERCILLA', 1, 0, 0, 0, 0, NULL, NULL, NULL, NULL, NULL, '0', '0', 1, 1, 1, NULL),
(0000000065, 0000000065, 0000000165, 0000000001, 'LAS CRUCES', 2, 0, 0, 0, 0, NULL, NULL, NULL, NULL, NULL, '0', '0', 2, 2, 1, NULL),
(0000000066, 0000000066, 0000000165, 0000000001, 'LOMAS DE CURAMAVIDA', 4, 0, 0, 0, 0, NULL, NULL, NULL, NULL, NULL, '0', '0', 4, 4, 1, NULL),
(0000000067, 0000000066, 0000000165, 0000000001, 'EDIFICIO', 1, 0, 0, 0, 0, NULL, NULL, NULL, NULL, NULL, '0', '0', 1, 1, 1, NULL),
(0000000068, 0000000067, 0000000165, 0000000001, 'AVDA.LOS ANGELES', 3, 0, 0, 0, 0, NULL, NULL, NULL, NULL, NULL, '0', '0', 3, 3, 1, NULL),
(0000000069, 0000000067, 0000000165, 0000000001, 'AVDA. GABRIELA MISTRAL, HOSPITAL', 3, 0, 0, 0, 0, NULL, NULL, NULL, NULL, NULL, '0', '0', 3, 3, 1, NULL),
(0000000070, 0000000068, 0000000165, 0000000001, 'CHILLANCITO', 10, 0, 0, 0, 0, NULL, NULL, NULL, NULL, NULL, '0', '0', 10, 10, 1, NULL),
(0000000071, 0000000069, 0000000165, 0000000001, 'PATA DE GALLINA', 2, 0, 0, 0, 0, NULL, NULL, NULL, NULL, NULL, '0', '0', 2, 2, 1, NULL),
(0000000072, 0000000070, 0000000165, 0000000001, 'MENDOZA 171', 1, 0, 0, 0, 0, NULL, NULL, NULL, NULL, NULL, '0', '0', 1, 1, 1, NULL),
(0000000073, 0000000071, 0000000165, 0000000001, 'COUNTRY SANTA ELIANA', 1, 0, 0, 0, 0, NULL, NULL, NULL, NULL, NULL, '0', '0', 1, 1, 1, NULL),
(0000000074, 0000000072, 0000000165, 0000000001, 'AVDA. PADRE HURTADO', 7, 0, 0, 0, 0, NULL, NULL, NULL, NULL, NULL, '0', '0', 7, 7, 1, NULL),
(0000000075, 0000000073, 0000000165, 0000000001, 'TIJERALES', 5, 0, 0, 0, 0, NULL, NULL, NULL, NULL, NULL, '0', '0', 5, 5, 1, NULL),
(0000000076, 0000000074, 0000000165, 0000000001, 'CAMINO ANTUCO KM 25', 6, 0, 0, 0, 0, NULL, NULL, NULL, NULL, NULL, '0', '0', 6, 6, 1, NULL),
(0000000078, 0000000076, 0000000165, 0000000001, 'RENAICO', 3, 0, 0, 0, 0, NULL, NULL, NULL, NULL, NULL, '0', '0', 3, 3, 1, NULL),
(0000000079, 0000000077, 0000000165, 0000000001, 'HACIENDA CANTERAS', 1, 0, 0, 0, 0, NULL, NULL, NULL, NULL, NULL, '0', '0', 1, 1, 1, NULL),
(0000000080, 0000000078, 0000000165, 0000000001, 'HARAS LA MONTAÑA', 1, 0, 0, 0, 0, NULL, NULL, NULL, NULL, NULL, '0', '0', 1, 1, 1, NULL),
(0000000081, 0000000079, 0000000165, 0000000001, 'RUCAMANQUI', 1, 0, 0, 0, 0, NULL, NULL, NULL, NULL, NULL, '0', '0', 1, 1, 1, NULL),
(0000000082, 0000000079, 0000000165, 0000000001, 'QUILLECO', 1, 0, 0, 0, 0, NULL, NULL, NULL, NULL, NULL, '0', '0', 1, 1, 1, NULL),
(0000000083, 0000000080, 0000000165, 0000000001, 'FUNDO LA PERLA', 15, 0, 0, 0, 0, NULL, NULL, NULL, NULL, NULL, '0', '0', 15, 15, 1, NULL),
(0000000084, 0000000081, 0000000165, 0000000001, 'RUCUE', 2, 0, 0, 0, 0, NULL, NULL, NULL, NULL, NULL, '0', '0', 2, 2, 1, NULL),
(0000000085, 0000000082, 0000000165, 0000000001, 'BUREO', 2, 0, 0, 0, 0, NULL, NULL, NULL, NULL, NULL, '0', '0', 2, 2, 1, NULL),
(0000000086, 0000000083, 0000000165, 0000000001, 'BALMACEDA', 1, 0, 0, 0, 0, NULL, NULL, NULL, NULL, NULL, '0', '0', 1, 1, 1, NULL),
(0000000087, 0000000084, 0000000165, 0000000001, 'AVDA. LAS INDUSTRIAS', 1, 0, 0, 0, 0, NULL, NULL, NULL, NULL, NULL, '0', '0', 1, 1, 1, NULL),
(0000000088, 0000000085, 0000000165, 0000000001, 'CAM. MARIA DOLORES', 1, 0, 0, 0, 0, NULL, NULL, NULL, NULL, NULL, '0', '0', 1, 1, 1, NULL),
(0000000089, 0000000086, 0000000231, 0000000001, 'VICTORIA', 8, 0, 0, 0, 0, NULL, NULL, NULL, NULL, NULL, '0', '0', 8, 8, 1, NULL),
(0000000090, 0000000087, 0000000165, 0000000001, 'SANTA BARBARA', 1, 0, 0, 0, 0, NULL, NULL, NULL, NULL, NULL, '0', '0', 1, 1, 1, NULL),
(0000000091, 0000000088, 0000000165, 0000000001, 'PATA DE GALLINA', 1, 0, 0, 0, 0, NULL, NULL, NULL, NULL, NULL, '0', '0', 1, 1, 1, NULL),
(0000000092, 0000000089, 0000000165, 0000000001, 'CAMINO ANTUCO KM. 20', 1, 0, 0, 0, 0, NULL, NULL, NULL, NULL, NULL, '0', '0', 1, 1, 1, NULL),
(0000000093, 0000000090, 0000000165, 0000000001, 'COUNTRY SANTA ELIANA', 1, 0, 0, 0, 0, NULL, NULL, NULL, NULL, NULL, '0', '0', 1, 1, 1, NULL),
(0000000094, 0000000091, 0000000165, 0000000001, 'QUILLECO', 1, 0, 0, 0, 0, NULL, NULL, NULL, NULL, NULL, '0', '0', 1, 1, 1, NULL),
(0000000095, 0000000092, 0000000165, 0000000001, '7 RIOS', 1, 0, 0, 0, 0, NULL, NULL, NULL, NULL, NULL, '0', '0', 1, 1, 1, NULL),
(0000000096, 0000000093, 0000000165, 0000000001, 'LAS TEJAS', 5, 0, 0, 0, 0, NULL, NULL, NULL, NULL, NULL, '0', '0', 5, 5, 1, NULL),
(0000000097, 0000000094, 0000000165, 0000000001, 'ANTUCO', 8, 0, 0, 0, 0, 0, 0, 0, 0, NULL, '0', '0', 8, 8, 1, NULL),
(0000000098, 0000000094, 0000000165, 0000000001, 'QUILLECO', 1, 0, 0, 0, 0, 0, 0, 0, 0, NULL, '0', '0', 1, 1, 1, NULL),
(0000000099, 0000000094, 0000000165, 0000000001, 'VILLA MERCEDES', 3, 0, 0, 0, 0, 0, 0, 0, 0, NULL, '0', '0', 3, 3, 1, NULL),
(0000000100, 0000000095, 0000000165, 0000000001, 'LOS CARRERAS PAILLIHUE', 2, 0, 0, 0, 0, 0, 0, 0, 0, NULL, '0', '0', 2, 2, 1, NULL),
(0000000101, 0000000095, 0000000165, 0000000001, 'LAS TRANCAS', 2, 0, 0, 0, 0, 0, 0, 0, 0, NULL, '0', '0', 2, 2, 1, NULL),
(0000000102, 0000000096, 0000000169, 0000000001, 'LA BIFURCADA', 1, 0, 0, 0, 0, 0, 0, 0, 0, NULL, '0', '0', 1, 1, 1, NULL),
(0000000103, 0000000096, 0000000169, 0000000001, 'LA VIÑA', 1, 0, 0, 0, 0, 0, 0, 0, 0, NULL, '0', '0', 1, 1, 1, NULL),
(0000000104, 0000000096, 0000000169, 0000000001, 'ALTO LA VIÑA', 2, 0, 0, 0, 0, 0, 0, 0, 0, NULL, '0', '0', 2, 2, 1, NULL),
(0000000105, 0000000096, 0000000169, 0000000001, 'EL BRINCO', 1, 0, 0, 0, 0, 0, 0, 0, 0, NULL, '0', '0', 1, 1, 1, NULL),
(0000000106, 0000000097, 0000000169, 0000000001, 'LA BIFURCADA', 1, 0, 0, 0, 0, 0, 0, 0, 0, NULL, '0', '0', 1, 1, 1, NULL),
(0000000107, 0000000097, 0000000169, 0000000001, 'LA VIÑA', 1, 0, 0, 0, 0, 0, 0, 0, 0, NULL, '0', '0', 1, 1, 1, NULL),
(0000000108, 0000000097, 0000000169, 0000000001, 'ALTO LA VIÑA', 2, 0, 0, 0, 0, 0, 0, 0, 0, NULL, '0', '0', 2, 2, 1, NULL),
(0000000109, 0000000097, 0000000169, 0000000001, 'EL BRINCO', 1, 0, 0, 0, 0, 0, 0, 0, 0, NULL, '0', '0', 1, 1, 1, NULL),
(0000000110, 0000000098, 0000000165, 0000000001, 'CAMINO LAJA PUENTE PERALES K. 20 SECTOR CANCHA RALLADA', 2, 0, 0, 0, 0, 120000, 0, 0, 0, NULL, '0', '0', 2, 2, 1, NULL),
(0000000111, 0000000099, 0000000165, 0000000001, 'Cancha kennedy', 18, 0, 0, 0, 0, 0, 0, 0, 0, NULL, '0', '0', 18, 18, 1, NULL);

-- --------------------------------------------------------

--
-- Estructura de tabla para la tabla `detcontrato_nn_banno`
--

CREATE TABLE IF NOT EXISTS `detcontrato_nn_banno` (
  `dnnb_id_pk` int(10) unsigned zerofill NOT NULL AUTO_INCREMENT,
  `dnnb_banno_fk` int(10) unsigned zerofill DEFAULT NULL COMMENT 'para los productos excepto lavamanos',
  `dnnb_lavamano_fk` int(10) unsigned zerofill DEFAULT NULL,
  `dnnb_detcontrato_fk` int(10) unsigned zerofill DEFAULT NULL,
  `dnnb_fecharegistro` datetime DEFAULT NULL,
  `dnnb_candado` int(11) DEFAULT NULL COMMENT '0:no, 1:si',
  `dnnb_activo` int(11) DEFAULT NULL,
  PRIMARY KEY (`dnnb_id_pk`),
  KEY `dnnb_detcontrato_fk` (`dnnb_detcontrato_fk`),
  KEY `dnnb_banno_fk` (`dnnb_banno_fk`),
  KEY `dnnb_lavamano_fk` (`dnnb_lavamano_fk`)
) ENGINE=InnoDB  DEFAULT CHARSET=latin1 AUTO_INCREMENT=22 ;

--
-- Volcado de datos para la tabla `detcontrato_nn_banno`
--

INSERT INTO `detcontrato_nn_banno` (`dnnb_id_pk`, `dnnb_banno_fk`, `dnnb_lavamano_fk`, `dnnb_detcontrato_fk`, `dnnb_fecharegistro`, `dnnb_candado`, `dnnb_activo`) VALUES
(0000000004, 0000000001, NULL, 0000000111, '2016-09-16 15:41:37', NULL, 1),
(0000000005, 0000000002, NULL, 0000000111, '2016-09-16 15:41:37', NULL, 1),
(0000000006, 0000000003, NULL, 0000000111, '2016-09-16 15:41:37', NULL, 1),
(0000000007, 0000000004, NULL, 0000000111, '2016-09-16 15:41:37', NULL, 1),
(0000000008, 0000000005, NULL, 0000000111, '2016-09-16 15:41:37', NULL, 1),
(0000000009, 0000000006, NULL, 0000000111, '2016-09-16 15:41:37', NULL, 1),
(0000000010, 0000000007, NULL, 0000000111, '2016-09-16 15:41:37', NULL, 1),
(0000000011, 0000000008, NULL, 0000000111, '2016-09-16 15:41:37', NULL, 1),
(0000000012, 0000000009, NULL, 0000000111, '2016-09-16 15:41:37', NULL, 1),
(0000000013, 0000000010, NULL, 0000000111, '2016-09-16 15:41:37', NULL, 1),
(0000000014, 0000000011, NULL, 0000000111, '2016-09-16 15:41:37', NULL, 1),
(0000000015, 0000000012, NULL, 0000000111, '2016-09-16 15:41:37', NULL, 1),
(0000000016, 0000000013, NULL, 0000000111, '2016-09-16 15:41:37', NULL, 1),
(0000000017, 0000000014, NULL, 0000000111, '2016-09-16 15:41:37', NULL, 1),
(0000000018, 0000000015, NULL, 0000000111, '2016-09-16 15:41:37', NULL, 1),
(0000000019, 0000000016, NULL, 0000000111, '2016-09-16 15:41:37', NULL, 1),
(0000000020, 0000000017, NULL, 0000000111, '2016-09-16 15:41:37', NULL, 1),
(0000000021, 0000000050, NULL, 0000000111, '2016-09-16 15:41:37', NULL, 1);

-- --------------------------------------------------------

--
-- Estructura de tabla para la tabla `mantencion`
--

CREATE TABLE IF NOT EXISTS `mantencion` (
  `man_id_pk` int(10) unsigned zerofill NOT NULL AUTO_INCREMENT,
  `man_ruta_fk` int(10) unsigned zerofill DEFAULT NULL,
  `man_detallecontrato_fk` int(10) unsigned zerofill DEFAULT NULL,
  `man_nnbanno_fk` int(10) unsigned zerofill DEFAULT NULL,
  `man_usuario_fk` int(10) unsigned zerofill DEFAULT NULL COMMENT 'chofer que realizo la mantencion',
  `man_foto` varchar(200) DEFAULT NULL,
  `man_lat` varchar(50) DEFAULT NULL,
  `man_lng` varchar(50) DEFAULT NULL,
  `man_comentario` text,
  `man_realizado` int(11) DEFAULT NULL COMMENT 'no:0,si:1',
  `man_fecharegistro` datetime DEFAULT NULL,
  PRIMARY KEY (`man_id_pk`),
  KEY `man_ruta_fk` (`man_ruta_fk`),
  KEY `man_nnbanno_fk` (`man_nnbanno_fk`),
  KEY `man_usuario` (`man_usuario_fk`),
  KEY `man_detallecontrato_fk` (`man_detallecontrato_fk`)
) ENGINE=InnoDB  DEFAULT CHARSET=latin1 AUTO_INCREMENT=13 ;

-- --------------------------------------------------------

--
-- Estructura de tabla para la tabla `producto`
--

CREATE TABLE IF NOT EXISTS `producto` (
  `pro_id_pk` int(10) unsigned zerofill NOT NULL AUTO_INCREMENT,
  `pro_sucursal` int(10) unsigned zerofill DEFAULT NULL,
  `pro_nombre` varchar(100) DEFAULT NULL,
  `pro_cantidad` int(11) DEFAULT NULL,
  PRIMARY KEY (`pro_id_pk`),
  KEY `pro_sucursal` (`pro_sucursal`)
) ENGINE=InnoDB  DEFAULT CHARSET=latin1 AUTO_INCREMENT=8 ;

--
-- Volcado de datos para la tabla `producto`
--

INSERT INTO `producto` (`pro_id_pk`, `pro_sucursal`, `pro_nombre`, `pro_cantidad`) VALUES
(0000000001, 0000000001, 'Papel Higiénico', 155),
(0000000002, 0000000001, 'Sachet Azul', -233),
(0000000003, 0000000001, 'Sachet Amarillo', 900),
(0000000004, 0000000001, 'Jabón', 0),
(0000000005, 0000000001, 'Alcohol Gel', 0),
(0000000006, 0000000001, 'Toalla de Papel', 96),
(0000000007, 0000000001, 'Cloro', 12);

-- --------------------------------------------------------

--
-- Estructura de tabla para la tabla `producto_movimiento`
--

CREATE TABLE IF NOT EXISTS `producto_movimiento` (
  `pmo_id_pk` int(10) unsigned zerofill NOT NULL AUTO_INCREMENT,
  `pmo_sucursal_fk` int(10) unsigned zerofill DEFAULT NULL,
  `pmo_usuario_fk` int(10) unsigned zerofill DEFAULT NULL,
  `pmo_producto_fk` int(10) unsigned zerofill DEFAULT NULL,
  `pmo_tipo` int(11) DEFAULT NULL COMMENT '1: entrada, 2: salida',
  `pmo_cantidad` int(11) DEFAULT NULL,
  `pmo_precio` int(11) DEFAULT NULL,
  `pmo_detalle` varchar(200) DEFAULT NULL,
  `pmo_fecha` datetime DEFAULT NULL,
  PRIMARY KEY (`pmo_id_pk`),
  KEY `pmo_sucursal_fk` (`pmo_sucursal_fk`),
  KEY `pmo_usuario_fk` (`pmo_usuario_fk`),
  KEY `pmo_producto_fk` (`pmo_producto_fk`)
) ENGINE=InnoDB  DEFAULT CHARSET=latin1 AUTO_INCREMENT=190 ;

--
-- Volcado de datos para la tabla `producto_movimiento`
--

INSERT INTO `producto_movimiento` (`pmo_id_pk`, `pmo_sucursal_fk`, `pmo_usuario_fk`, `pmo_producto_fk`, `pmo_tipo`, `pmo_cantidad`, `pmo_precio`, `pmo_detalle`, `pmo_fecha`) VALUES
(0000000069, 0000000001, 0000000004, 0000000001, 2, 67, NULL, 'Salida de insumos para mantención', '2016-09-13 20:10:09'),
(0000000070, 0000000001, 0000000004, 0000000002, 2, 67, NULL, 'Salida de insumos para mantención', '2016-09-13 20:10:09'),
(0000000071, 0000000001, 0000000004, 0000000003, 2, 0, NULL, 'Salida de insumos para mantención', '2016-09-13 20:10:09'),
(0000000072, 0000000001, 0000000004, 0000000004, 2, 0, NULL, 'Salida de insumos para mantención', '2016-09-13 20:10:09'),
(0000000073, 0000000001, 0000000004, 0000000001, 2, 67, NULL, 'Salida de insumos para mantención', '2016-09-13 20:12:32'),
(0000000074, 0000000001, 0000000004, 0000000002, 2, 67, NULL, 'Salida de insumos para mantención', '2016-09-13 20:12:32'),
(0000000075, 0000000001, 0000000004, 0000000003, 2, 0, NULL, 'Salida de insumos para mantención', '2016-09-13 20:12:32'),
(0000000076, 0000000001, 0000000004, 0000000004, 2, 0, NULL, 'Salida de insumos para mantención', '2016-09-13 20:12:32'),
(0000000077, 0000000001, 0000000004, 0000000001, 2, 67, NULL, 'Salida de insumos para mantención', '2016-09-13 20:13:12'),
(0000000078, 0000000001, 0000000004, 0000000002, 2, 67, NULL, 'Salida de insumos para mantención', '2016-09-13 20:13:12'),
(0000000079, 0000000001, 0000000004, 0000000003, 2, 0, NULL, 'Salida de insumos para mantención', '2016-09-13 20:13:12'),
(0000000080, 0000000001, 0000000004, 0000000004, 2, 0, NULL, 'Salida de insumos para mantención', '2016-09-13 20:13:12'),
(0000000081, 0000000001, 0000000004, 0000000001, 2, 67, NULL, 'Salida de insumos para mantención', '2016-09-13 20:16:07'),
(0000000082, 0000000001, 0000000004, 0000000002, 2, 67, NULL, 'Salida de insumos para mantención', '2016-09-13 20:16:07'),
(0000000083, 0000000001, 0000000004, 0000000003, 2, 0, NULL, 'Salida de insumos para mantención', '2016-09-13 20:16:07'),
(0000000084, 0000000001, 0000000004, 0000000004, 2, 0, NULL, 'Salida de insumos para mantención', '2016-09-13 20:16:07'),
(0000000085, 0000000001, 0000000004, 0000000001, 2, 67, NULL, 'Salida de insumos para mantención', '2016-09-13 20:16:32'),
(0000000086, 0000000001, 0000000004, 0000000002, 2, 67, NULL, 'Salida de insumos para mantención', '2016-09-13 20:16:32'),
(0000000087, 0000000001, 0000000004, 0000000003, 2, 0, NULL, 'Salida de insumos para mantención', '2016-09-13 20:16:32'),
(0000000088, 0000000001, 0000000004, 0000000004, 2, 0, NULL, 'Salida de insumos para mantención', '2016-09-13 20:16:32'),
(0000000089, 0000000001, 0000000004, 0000000001, 2, 67, NULL, 'Salida de insumos para mantención', '2016-09-13 20:23:07'),
(0000000090, 0000000001, 0000000004, 0000000002, 2, 67, NULL, 'Salida de insumos para mantención', '2016-09-13 20:23:07'),
(0000000091, 0000000001, 0000000004, 0000000003, 2, 0, NULL, 'Salida de insumos para mantención', '2016-09-13 20:23:07'),
(0000000092, 0000000001, 0000000004, 0000000004, 2, 0, NULL, 'Salida de insumos para mantención', '2016-09-13 20:23:07'),
(0000000093, 0000000001, 0000000004, 0000000001, 2, 67, NULL, 'Salida de insumos para mantención', '2016-09-13 20:24:10'),
(0000000094, 0000000001, 0000000004, 0000000002, 2, 67, NULL, 'Salida de insumos para mantención', '2016-09-13 20:24:10'),
(0000000095, 0000000001, 0000000004, 0000000003, 2, 0, NULL, 'Salida de insumos para mantención', '2016-09-13 20:24:10'),
(0000000096, 0000000001, 0000000004, 0000000004, 2, 0, NULL, 'Salida de insumos para mantención', '2016-09-13 20:24:10'),
(0000000097, 0000000001, 0000000004, 0000000001, 2, 67, NULL, 'Salida de insumos para mantención', '2016-09-13 20:26:18'),
(0000000098, 0000000001, 0000000004, 0000000002, 2, 67, NULL, 'Salida de insumos para mantención', '2016-09-13 20:26:19'),
(0000000099, 0000000001, 0000000004, 0000000003, 2, 0, NULL, 'Salida de insumos para mantención', '2016-09-13 20:26:19'),
(0000000100, 0000000001, 0000000004, 0000000004, 2, 0, NULL, 'Salida de insumos para mantención', '2016-09-13 20:26:19'),
(0000000101, 0000000001, 0000000004, 0000000001, 2, 6, NULL, 'Salida de insumos para mantención', '2016-09-13 20:31:04'),
(0000000102, 0000000001, 0000000004, 0000000002, 2, 6, NULL, 'Salida de insumos para mantención', '2016-09-13 20:31:04'),
(0000000103, 0000000001, 0000000004, 0000000003, 2, 0, NULL, 'Salida de insumos para mantención', '2016-09-13 20:31:04'),
(0000000104, 0000000001, 0000000004, 0000000004, 2, 0, NULL, 'Salida de insumos para mantención', '2016-09-13 20:31:04'),
(0000000105, 0000000001, 0000000004, 0000000001, 1, 816, 0, '', '2016-09-14 20:28:19'),
(0000000106, 0000000001, 0000000004, 0000000002, 1, 420, 0, '', '2016-09-14 20:28:57'),
(0000000107, 0000000001, 0000000004, 0000000003, 1, 900, 0, '', '2016-09-14 20:29:24'),
(0000000108, 0000000001, 0000000004, 0000000003, 1, 900, 0, '', '2016-09-14 20:30:47'),
(0000000109, 0000000001, 0000000004, 0000000003, 1, -900, 0, '', '2016-09-14 20:31:21'),
(0000000110, 0000000001, 0000000004, 0000000006, 1, 96, 0, '', '2016-09-14 20:31:51'),
(0000000111, 0000000001, 0000000004, 0000000007, 1, 48, 0, '', '2016-09-14 20:32:52'),
(0000000112, 0000000001, 0000000004, 0000000007, 1, -48, 0, '', '2016-09-14 20:33:10'),
(0000000113, 0000000001, 0000000004, 0000000007, 1, 12, 0, '', '2016-09-14 20:33:50'),
(0000000114, 0000000001, 0000000004, 0000000001, 2, 63, NULL, 'Salida de insumos para mantención', '2016-09-14 20:40:23'),
(0000000115, 0000000001, 0000000004, 0000000002, 2, 55, NULL, 'Salida de insumos para mantención', '2016-09-14 20:40:23'),
(0000000116, 0000000001, 0000000004, 0000000003, 2, 0, NULL, 'Salida de insumos para mantención', '2016-09-14 20:40:23'),
(0000000117, 0000000001, 0000000004, 0000000004, 2, 0, NULL, 'Salida de insumos para mantención', '2016-09-14 20:40:23'),
(0000000118, 0000000001, 0000000004, 0000000001, 2, 18, NULL, 'Salida de insumos para mantención', '2016-09-14 20:55:01'),
(0000000119, 0000000001, 0000000004, 0000000002, 2, 18, NULL, 'Salida de insumos para mantención', '2016-09-14 20:55:01'),
(0000000120, 0000000001, 0000000004, 0000000003, 2, 0, NULL, 'Salida de insumos para mantención', '2016-09-14 20:55:01'),
(0000000121, 0000000001, 0000000004, 0000000004, 2, 0, NULL, 'Salida de insumos para mantención', '2016-09-14 20:55:01'),
(0000000122, 0000000001, 0000000004, 0000000001, 2, 69, NULL, 'Salida de insumos para mantención', '2016-09-15 20:47:50'),
(0000000123, 0000000001, 0000000004, 0000000002, 2, 69, NULL, 'Salida de insumos para mantención', '2016-09-15 20:47:50'),
(0000000124, 0000000001, 0000000004, 0000000003, 2, 0, NULL, 'Salida de insumos para mantención', '2016-09-15 20:47:50'),
(0000000125, 0000000001, 0000000004, 0000000004, 2, 0, NULL, 'Salida de insumos para mantención', '2016-09-15 20:47:50'),
(0000000126, 0000000001, 0000000004, 0000000001, 2, 20, NULL, 'Salida de insumos para mantención', '2016-09-15 20:51:48'),
(0000000127, 0000000001, 0000000004, 0000000002, 2, 20, NULL, 'Salida de insumos para mantención', '2016-09-15 20:51:48'),
(0000000128, 0000000001, 0000000004, 0000000003, 2, 0, NULL, 'Salida de insumos para mantención', '2016-09-15 20:51:48'),
(0000000129, 0000000001, 0000000004, 0000000004, 2, 0, NULL, 'Salida de insumos para mantención', '2016-09-15 20:51:48'),
(0000000130, 0000000001, 0000000004, 0000000001, 2, 3, NULL, 'Salida de insumos para mantención', '2016-09-15 20:57:43'),
(0000000131, 0000000001, 0000000004, 0000000002, 2, 3, NULL, 'Salida de insumos para mantención', '2016-09-15 20:57:43'),
(0000000132, 0000000001, 0000000004, 0000000003, 2, 0, NULL, 'Salida de insumos para mantención', '2016-09-15 20:57:43'),
(0000000133, 0000000001, 0000000004, 0000000004, 2, 0, NULL, 'Salida de insumos para mantención', '2016-09-15 20:57:43'),
(0000000134, 0000000001, 0000000004, 0000000001, 2, 8, NULL, 'Salida de insumos para mantención', '2016-09-16 11:21:50'),
(0000000135, 0000000001, 0000000004, 0000000002, 2, 8, NULL, 'Salida de insumos para mantención', '2016-09-16 11:21:50'),
(0000000136, 0000000001, 0000000004, 0000000003, 2, 0, NULL, 'Salida de insumos para mantención', '2016-09-16 11:21:50'),
(0000000137, 0000000001, 0000000004, 0000000004, 2, 0, NULL, 'Salida de insumos para mantención', '2016-09-16 11:21:50'),
(0000000138, 0000000001, 0000000004, 0000000001, 2, 8, NULL, 'Salida de insumos para mantención', '2016-09-16 11:22:23'),
(0000000139, 0000000001, 0000000004, 0000000002, 2, 8, NULL, 'Salida de insumos para mantención', '2016-09-16 11:22:23'),
(0000000140, 0000000001, 0000000004, 0000000003, 2, 0, NULL, 'Salida de insumos para mantención', '2016-09-16 11:22:23'),
(0000000141, 0000000001, 0000000004, 0000000004, 2, 0, NULL, 'Salida de insumos para mantención', '2016-09-16 11:22:23'),
(0000000142, 0000000001, 0000000001, 0000000001, 2, 48, NULL, 'Salida de insumos para mantención', '2016-09-16 15:55:38'),
(0000000143, 0000000001, 0000000001, 0000000002, 2, 48, NULL, 'Salida de insumos para mantención', '2016-09-16 15:55:38'),
(0000000144, 0000000001, 0000000001, 0000000003, 2, 0, NULL, 'Salida de insumos para mantención', '2016-09-16 15:55:38'),
(0000000145, 0000000001, 0000000001, 0000000004, 2, 0, NULL, 'Salida de insumos para mantención', '2016-09-16 15:55:38'),
(0000000146, 0000000001, 0000000001, 0000000001, 2, 48, NULL, 'Salida de insumos para mantención', '2016-09-16 16:00:21'),
(0000000147, 0000000001, 0000000001, 0000000002, 2, 48, NULL, 'Salida de insumos para mantención', '2016-09-16 16:00:21'),
(0000000148, 0000000001, 0000000001, 0000000003, 2, 0, NULL, 'Salida de insumos para mantención', '2016-09-16 16:00:21'),
(0000000149, 0000000001, 0000000001, 0000000004, 2, 0, NULL, 'Salida de insumos para mantención', '2016-09-16 16:00:21'),
(0000000150, 0000000001, 0000000001, 0000000001, 2, 18, NULL, 'Salida de insumos para mantención', '2016-09-16 16:02:09'),
(0000000151, 0000000001, 0000000001, 0000000002, 2, 18, NULL, 'Salida de insumos para mantención', '2016-09-16 16:02:09'),
(0000000152, 0000000001, 0000000001, 0000000003, 2, 0, NULL, 'Salida de insumos para mantención', '2016-09-16 16:02:09'),
(0000000153, 0000000001, 0000000001, 0000000004, 2, 0, NULL, 'Salida de insumos para mantención', '2016-09-16 16:02:09'),
(0000000154, 0000000001, 0000000001, 0000000001, 2, 33, NULL, 'Salida de insumos para mantención', '2016-09-16 16:09:39'),
(0000000155, 0000000001, 0000000001, 0000000002, 2, 33, NULL, 'Salida de insumos para mantención', '2016-09-16 16:09:39'),
(0000000156, 0000000001, 0000000001, 0000000003, 2, 0, NULL, 'Salida de insumos para mantención', '2016-09-16 16:09:39'),
(0000000157, 0000000001, 0000000001, 0000000004, 2, 0, NULL, 'Salida de insumos para mantención', '2016-09-16 16:09:39'),
(0000000158, 0000000001, 0000000001, 0000000001, 2, 18, NULL, 'Salida de insumos para mantención', '2016-09-16 16:12:42'),
(0000000159, 0000000001, 0000000001, 0000000002, 2, 18, NULL, 'Salida de insumos para mantención', '2016-09-16 16:12:42'),
(0000000160, 0000000001, 0000000001, 0000000003, 2, 0, NULL, 'Salida de insumos para mantención', '2016-09-16 16:12:42'),
(0000000161, 0000000001, 0000000001, 0000000004, 2, 0, NULL, 'Salida de insumos para mantención', '2016-09-16 16:12:42'),
(0000000162, 0000000001, 0000000001, 0000000001, 2, 47, NULL, 'Salida de insumos para mantención', '2016-09-16 16:20:07'),
(0000000163, 0000000001, 0000000001, 0000000002, 2, 47, NULL, 'Salida de insumos para mantención', '2016-09-16 16:20:07'),
(0000000164, 0000000001, 0000000001, 0000000003, 2, 0, NULL, 'Salida de insumos para mantención', '2016-09-16 16:20:07'),
(0000000165, 0000000001, 0000000001, 0000000004, 2, 0, NULL, 'Salida de insumos para mantención', '2016-09-16 16:20:07'),
(0000000166, 0000000001, 0000000001, 0000000001, 2, 3, NULL, 'Salida de insumos para mantención', '2016-09-16 18:07:03'),
(0000000167, 0000000001, 0000000001, 0000000002, 2, 3, NULL, 'Salida de insumos para mantención', '2016-09-16 18:07:03'),
(0000000168, 0000000001, 0000000001, 0000000003, 2, 0, NULL, 'Salida de insumos para mantención', '2016-09-16 18:07:03'),
(0000000169, 0000000001, 0000000001, 0000000004, 2, 0, NULL, 'Salida de insumos para mantención', '2016-09-16 18:07:03'),
(0000000170, 0000000001, 0000000004, 0000000001, 2, 63, NULL, 'Salida de insumos para mantención', '2016-09-17 13:47:59'),
(0000000171, 0000000001, 0000000004, 0000000002, 2, 63, NULL, 'Salida de insumos para mantención', '2016-09-17 13:47:59'),
(0000000172, 0000000001, 0000000004, 0000000003, 2, 0, NULL, 'Salida de insumos para mantención', '2016-09-17 13:47:59'),
(0000000173, 0000000001, 0000000004, 0000000004, 2, 0, NULL, 'Salida de insumos para mantención', '2016-09-17 13:47:59'),
(0000000174, 0000000001, 0000000004, 0000000001, 2, 58, NULL, 'Salida de insumos para mantención', '2016-09-17 14:18:05'),
(0000000175, 0000000001, 0000000004, 0000000002, 2, 58, NULL, 'Salida de insumos para mantención', '2016-09-17 14:18:05'),
(0000000176, 0000000001, 0000000004, 0000000003, 2, 0, NULL, 'Salida de insumos para mantención', '2016-09-17 14:18:05'),
(0000000177, 0000000001, 0000000004, 0000000004, 2, 0, NULL, 'Salida de insumos para mantención', '2016-09-17 14:18:05'),
(0000000178, 0000000001, 0000000004, 0000000001, 2, 67, NULL, 'Salida de insumos para mantención', '2016-09-20 18:38:36'),
(0000000179, 0000000001, 0000000004, 0000000002, 2, 67, NULL, 'Salida de insumos para mantención', '2016-09-20 18:38:36'),
(0000000180, 0000000001, 0000000004, 0000000003, 2, 0, NULL, 'Salida de insumos para mantención', '2016-09-20 18:38:36'),
(0000000181, 0000000001, 0000000004, 0000000004, 2, 0, NULL, 'Salida de insumos para mantención', '2016-09-20 18:38:36'),
(0000000182, 0000000001, 0000000004, 0000000001, 2, 67, NULL, 'Salida de insumos para mantención', '2016-09-20 20:50:16'),
(0000000183, 0000000001, 0000000004, 0000000002, 2, 67, NULL, 'Salida de insumos para mantención', '2016-09-20 20:50:16'),
(0000000184, 0000000001, 0000000004, 0000000003, 2, 0, NULL, 'Salida de insumos para mantención', '2016-09-20 20:50:16'),
(0000000185, 0000000001, 0000000004, 0000000004, 2, 0, NULL, 'Salida de insumos para mantención', '2016-09-20 20:50:16'),
(0000000186, 0000000001, 0000000004, 0000000001, 2, 2, NULL, 'Salida de insumos para mantención', '2016-09-20 20:53:54'),
(0000000187, 0000000001, 0000000004, 0000000002, 2, 2, NULL, 'Salida de insumos para mantención', '2016-09-20 20:53:54'),
(0000000188, 0000000001, 0000000004, 0000000003, 2, 0, NULL, 'Salida de insumos para mantención', '2016-09-20 20:53:54'),
(0000000189, 0000000001, 0000000004, 0000000004, 2, 0, NULL, 'Salida de insumos para mantención', '2016-09-20 20:53:54');

-- --------------------------------------------------------

--
-- Estructura de tabla para la tabla `provincia`
--

CREATE TABLE IF NOT EXISTS `provincia` (
  `pro_id_pk` int(10) unsigned zerofill NOT NULL AUTO_INCREMENT,
  `pro_region_fk` int(10) unsigned zerofill DEFAULT NULL,
  `pro_nombre` varchar(100) DEFAULT NULL,
  `pro_cantcomunas` int(11) DEFAULT NULL,
  PRIMARY KEY (`pro_id_pk`),
  KEY `pro_region_fk` (`pro_region_fk`)
) ENGINE=InnoDB  DEFAULT CHARSET=latin1 AUTO_INCREMENT=55 ;

--
-- Volcado de datos para la tabla `provincia`
--

INSERT INTO `provincia` (`pro_id_pk`, `pro_region_fk`, `pro_nombre`, `pro_cantcomunas`) VALUES
(0000000001, 0000000001, 'ARICA', 2),
(0000000002, 0000000001, 'PARINACOTA', 2),
(0000000003, 0000000002, 'IQUIQUE', 2),
(0000000004, 0000000002, 'TAMARUGAL', 5),
(0000000005, 0000000003, 'ANTOFAGASTA', 4),
(0000000006, 0000000003, 'EL LOA', 3),
(0000000007, 0000000003, 'TOCOPILLA', 2),
(0000000008, 0000000004, 'COPIAPÓ', 3),
(0000000009, 0000000004, 'CHAÑARAL', 2),
(0000000010, 0000000004, 'HUASCO', 4),
(0000000011, 0000000005, 'ELQUI', 6),
(0000000012, 0000000005, 'CHOAPA', 4),
(0000000013, 0000000005, 'LIMARÍ', 5),
(0000000014, 0000000006, 'VALPARAÍSO', 7),
(0000000015, 0000000006, 'ISLA DE PASCUA', 1),
(0000000016, 0000000006, 'LOS ANDES', 4),
(0000000017, 0000000006, 'PETORCA', 5),
(0000000018, 0000000006, 'QUILLOTA', 5),
(0000000019, 0000000006, 'SAN ANTONIO', 6),
(0000000020, 0000000006, 'SAN FELIPE DE ACONCAGUA', 6),
(0000000021, 0000000006, 'MARGA MARGA', 4),
(0000000022, 0000000007, 'CACHAPOAL', 17),
(0000000023, 0000000007, 'CARDENAL CARO', 6),
(0000000024, 0000000007, 'COLCHAGUA', 10),
(0000000025, 0000000008, 'TALCA', 10),
(0000000026, 0000000008, 'CAUQUENES', 3),
(0000000027, 0000000008, 'CURICÓ', 9),
(0000000028, 0000000008, 'LINARES', 8),
(0000000029, 0000000009, 'CONCEPCIÓN', 12),
(0000000030, 0000000009, 'ARAUCO', 7),
(0000000031, 0000000009, 'BIOBÍO', 14),
(0000000032, 0000000009, 'ÑUBLE', 21),
(0000000033, 0000000010, 'CAUTÍN', 21),
(0000000034, 0000000010, 'MALLECO', 11),
(0000000035, 0000000011, 'VALDIVIA', 8),
(0000000036, 0000000011, 'RANCO', 4),
(0000000037, 0000000012, 'LLANQUIHUE', 9),
(0000000038, 0000000012, 'CHILOÉ', 10),
(0000000039, 0000000012, 'OSORNO', 7),
(0000000040, 0000000012, 'PALENA', 4),
(0000000041, 0000000013, 'COIHAIQUE', 2),
(0000000042, 0000000013, 'AISÉN', 3),
(0000000043, 0000000013, 'CAPITÁN PRAT', 3),
(0000000044, 0000000013, 'GENERAL CARRERA', 2),
(0000000045, 0000000014, 'MAGALLANES', 4),
(0000000046, 0000000014, 'ANTÁRTICA CHILENA', 2),
(0000000047, 0000000014, 'TIERRA DEL FUEGO', 3),
(0000000048, 0000000014, 'ULTIMA ESPERANZA', 2),
(0000000049, 0000000015, 'SANTIAGO', 32),
(0000000050, 0000000015, 'CORDILLERA', 3),
(0000000051, 0000000015, 'CHACABUCO', 3),
(0000000052, 0000000015, 'MAIPO', 4),
(0000000053, 0000000015, 'MELIPILLA', 5),
(0000000054, 0000000015, 'TALAGANTE', 5);

-- --------------------------------------------------------

--
-- Estructura de tabla para la tabla `region`
--

CREATE TABLE IF NOT EXISTS `region` (
  `reg_id_pk` int(10) unsigned zerofill NOT NULL AUTO_INCREMENT,
  `reg_nombre` varchar(100) DEFAULT NULL,
  `reg_romano` varchar(10) DEFAULT NULL,
  `reg_cantprovincias` int(11) DEFAULT NULL,
  `reg_cantcomunas` int(11) DEFAULT NULL,
  PRIMARY KEY (`reg_id_pk`)
) ENGINE=InnoDB  DEFAULT CHARSET=latin1 AUTO_INCREMENT=16 ;

--
-- Volcado de datos para la tabla `region`
--

INSERT INTO `region` (`reg_id_pk`, `reg_nombre`, `reg_romano`, `reg_cantprovincias`, `reg_cantcomunas`) VALUES
(0000000001, 'ARICA Y PARINACOTA', 'XV', 2, 4),
(0000000002, 'TARAPACÁ', 'I', 2, 7),
(0000000003, 'ANTOFAGASTA', 'II', 3, 9),
(0000000004, 'ATACAMA ', 'III', 3, 9),
(0000000005, 'COQUIMBO ', 'IV', 3, 15),
(0000000006, 'VALPARAÍSO ', 'V', 8, 38),
(0000000007, 'DEL LIBERTADOR GRAL. BERNARDO O''HIGGINS ', 'VI', 3, 33),
(0000000008, 'DEL MAULE', 'VII', 4, 30),
(0000000009, 'DEL BIOBÍO ', 'VIII', 4, 54),
(0000000010, 'DE LA ARAUCANÍA', 'IX', 2, 32),
(0000000011, 'DE LOS RÍOS', 'XIV', 2, 12),
(0000000012, 'DE LOS LAGOS', 'X', 4, 30),
(0000000013, 'AISÉN DEL GRAL. CARLOS IBAÑEZ DEL CAMPO ', 'XI', 4, 10),
(0000000014, 'MAGALLANES Y DE LA ANTÁRTICA CHILENA', 'XII', 4, 11),
(0000000015, 'METROPOLITANA DE SANTIAGO', 'RM', 6, 52);

-- --------------------------------------------------------

--
-- Estructura de tabla para la tabla `ruta`
--

CREATE TABLE IF NOT EXISTS `ruta` (
  `rut_id_pk` int(10) unsigned zerofill NOT NULL AUTO_INCREMENT,
  `rut_detallecontrato_fk` int(10) unsigned zerofill DEFAULT NULL,
  `rut_camion_fk` int(10) unsigned zerofill DEFAULT NULL,
  `rut_dia` int(11) DEFAULT NULL COMMENT '1 - 7: lunes - domingo',
  `rut_solicitado` int(11) DEFAULT NULL COMMENT '1 si se solicito para un dia especifico',
  `rut_activo` int(11) DEFAULT NULL COMMENT 'deshabilitado:0, habilitado:1',
  `rut_fecharegistro` datetime DEFAULT NULL,
  `rut_orden` int(11) NOT NULL DEFAULT '0',
  PRIMARY KEY (`rut_id_pk`),
  KEY `man_camion_fk` (`rut_camion_fk`),
  KEY `man_detallecontrato_fk` (`rut_detallecontrato_fk`)
) ENGINE=InnoDB  DEFAULT CHARSET=latin1 AUTO_INCREMENT=159 ;

--
-- Volcado de datos para la tabla `ruta`
--

INSERT INTO `ruta` (`rut_id_pk`, `rut_detallecontrato_fk`, `rut_camion_fk`, `rut_dia`, `rut_solicitado`, `rut_activo`, `rut_fecharegistro`, `rut_orden`) VALUES
(0000000046, 0000000045, 0000000003, 1, NULL, 1, '2016-09-06 20:36:03', 0),
(0000000047, 0000000045, 0000000002, 5, NULL, 1, '2016-09-06 20:36:03', 0),
(0000000050, 0000000047, 0000000003, 1, NULL, 1, '2016-09-06 21:46:20', 0),
(0000000051, 0000000048, 0000000003, 1, NULL, 1, '2016-09-07 14:32:21', 0),
(0000000052, 0000000048, 0000000003, 3, NULL, 1, '2016-09-07 14:32:21', 0),
(0000000053, 0000000048, 0000000002, 5, NULL, 1, '2016-09-07 14:32:21', 0),
(0000000054, 0000000049, 0000000003, 1, NULL, 1, '2016-09-08 10:42:18', 0),
(0000000055, 0000000050, 0000000003, 1, NULL, 1, '2016-09-08 10:49:38', 0),
(0000000056, 0000000050, 0000000002, 3, NULL, 1, '2016-09-08 10:49:38', 0),
(0000000057, 0000000051, 0000000003, 1, NULL, 0, '2016-09-08 10:58:19', 0),
(0000000058, 0000000052, 0000000002, 2, NULL, 1, '2016-09-08 11:00:21', 0),
(0000000059, 0000000053, 0000000003, 1, NULL, 1, '2016-09-08 11:04:21', 0),
(0000000060, 0000000054, 0000000003, 1, NULL, 1, '2016-09-08 11:16:22', 0),
(0000000061, 0000000055, 0000000003, 1, NULL, 1, '2016-09-08 11:36:19', 0),
(0000000062, 0000000056, 0000000002, 1, NULL, 1, '2016-09-08 11:41:16', 0),
(0000000063, 0000000057, 0000000002, 1, NULL, 1, '2016-09-08 11:47:32', 0),
(0000000064, 0000000058, 0000000002, 1, NULL, 1, '2016-09-08 11:50:51', 0),
(0000000065, 0000000059, 0000000002, 1, NULL, 1, '2016-09-08 11:54:23', 0),
(0000000066, 0000000059, 0000000002, 3, NULL, 1, '2016-09-08 11:54:23', 0),
(0000000067, 0000000059, 0000000002, 5, NULL, 1, '2016-09-08 11:54:23', 0),
(0000000068, 0000000060, 0000000003, 1, NULL, 1, '2016-09-08 12:01:40', 0),
(0000000069, 0000000061, 0000000002, 1, NULL, 1, '2016-09-08 12:03:53', 0),
(0000000070, 0000000061, 0000000002, 3, NULL, 1, '2016-09-08 12:03:53', 0),
(0000000071, 0000000061, 0000000002, 5, NULL, 1, '2016-09-08 12:03:53', 0),
(0000000072, 0000000062, 0000000002, 2, NULL, 1, '2016-09-08 12:11:12', 0),
(0000000073, 0000000062, 0000000002, 4, NULL, 1, '2016-09-08 12:11:12', 0),
(0000000074, 0000000063, 0000000003, 2, NULL, 1, '2016-09-08 12:14:17', 0),
(0000000075, 0000000063, 0000000002, 4, NULL, 1, '2016-09-08 12:14:17', 0),
(0000000076, 0000000064, 0000000002, 2, NULL, 1, '2016-09-08 12:21:05', 0),
(0000000077, 0000000065, 0000000002, 2, NULL, 1, '2016-09-08 12:28:40', 0),
(0000000078, 0000000065, 0000000003, 4, NULL, 1, '2016-09-08 12:28:40', 0),
(0000000079, 0000000066, 0000000002, 2, NULL, 1, '2016-09-08 12:40:33', 0),
(0000000080, 0000000066, 0000000002, 4, NULL, 1, '2016-09-08 12:40:33', 0),
(0000000081, 0000000067, 0000000003, 2, NULL, 1, '2016-09-08 12:40:33', 0),
(0000000082, 0000000067, 0000000003, 4, NULL, 1, '2016-09-08 12:40:33', 0),
(0000000083, 0000000068, 0000000003, 1, NULL, 1, '2016-09-08 12:46:37', 0),
(0000000084, 0000000068, 0000000003, 3, NULL, 1, '2016-09-08 12:46:37', 0),
(0000000085, 0000000069, 0000000003, 1, NULL, 1, '2016-09-08 12:46:37', 0),
(0000000086, 0000000069, 0000000003, 3, NULL, 1, '2016-09-08 12:46:37', 0),
(0000000087, 0000000070, 0000000003, 2, NULL, 1, '2016-09-08 12:51:12', 0),
(0000000088, 0000000070, 0000000002, 4, NULL, 1, '2016-09-08 12:51:12', 0),
(0000000089, 0000000070, 0000000003, 6, NULL, 1, '2016-09-08 12:51:12', 0),
(0000000090, 0000000071, 0000000003, 2, NULL, 1, '2016-09-08 12:54:40', 0),
(0000000091, 0000000071, 0000000002, 5, NULL, 1, '2016-09-08 12:54:40', 0),
(0000000092, 0000000072, 0000000002, 2, NULL, 1, '2016-09-08 15:43:52', 0),
(0000000093, 0000000073, 0000000003, 2, NULL, 1, '2016-09-08 15:58:28', 0),
(0000000094, 0000000074, 0000000002, 2, NULL, 1, '2016-09-08 16:02:57', 0),
(0000000095, 0000000074, 0000000003, 4, NULL, 1, '2016-09-08 16:02:57', 0),
(0000000096, 0000000075, 0000000002, 2, NULL, 1, '2016-09-08 16:17:32', 0),
(0000000097, 0000000075, 0000000002, 5, NULL, 1, '2016-09-08 16:17:32', 0),
(0000000098, 0000000076, 0000000002, 2, NULL, 1, '2016-09-08 16:24:03', 0),
(0000000099, 0000000076, 0000000003, 5, NULL, 1, '2016-09-08 16:24:03', 0),
(0000000102, 0000000078, 0000000002, 3, NULL, 1, '2016-09-08 16:49:30', 0),
(0000000103, 0000000078, 0000000002, 5, NULL, 1, '2016-09-08 16:49:30', 0),
(0000000104, 0000000079, 0000000003, 3, NULL, 1, '2016-09-08 17:04:31', 0),
(0000000105, 0000000080, 0000000003, 3, NULL, 1, '2016-09-08 17:12:34', 0),
(0000000106, 0000000081, 0000000003, 3, NULL, 1, '2016-09-08 17:16:46', 0),
(0000000107, 0000000082, 0000000003, 3, NULL, 1, '2016-09-08 17:16:46', 0),
(0000000108, 0000000083, 0000000002, 3, NULL, 1, '2016-09-08 17:19:09', 0),
(0000000109, 0000000084, 0000000003, 3, NULL, 1, '2016-09-08 17:22:20', 0),
(0000000110, 0000000085, 0000000003, 3, NULL, 1, '2016-09-08 17:25:09', 0),
(0000000111, 0000000085, 0000000002, 5, NULL, 1, '2016-09-08 17:25:09', 0),
(0000000112, 0000000086, 0000000002, 3, NULL, 1, '2016-09-08 17:28:13', 0),
(0000000113, 0000000087, 0000000003, 4, NULL, 1, '2016-09-08 17:30:41', 0),
(0000000114, 0000000088, 0000000002, 4, NULL, 1, '2016-09-08 17:32:09', 0),
(0000000115, 0000000089, 0000000002, 4, NULL, 1, '2016-09-08 17:34:33', 0),
(0000000116, 0000000090, 0000000003, 4, NULL, 1, '2016-09-08 17:38:30', 0),
(0000000117, 0000000091, 0000000002, 5, NULL, 1, '2016-09-08 17:40:07', 0),
(0000000118, 0000000092, 0000000002, 5, NULL, 1, '2016-09-08 17:44:01', 0),
(0000000119, 0000000093, 0000000003, 4, NULL, 1, '2016-09-08 17:47:20', 0),
(0000000120, 0000000094, 0000000003, 5, NULL, 1, '2016-09-08 17:50:18', 0),
(0000000121, 0000000095, 0000000003, 5, NULL, 1, '2016-09-08 17:52:12', 0),
(0000000122, 0000000096, 0000000003, 6, NULL, 1, '2016-09-08 17:56:44', 0),
(0000000123, 0000000097, 0000000003, 3, NULL, 1, '2016-09-09 16:50:40', 0),
(0000000124, 0000000097, 0000000003, 5, NULL, 1, '2016-09-09 16:50:40', 0),
(0000000125, 0000000098, 0000000003, 3, NULL, 1, '2016-09-09 16:50:40', 0),
(0000000126, 0000000098, 0000000003, 5, NULL, 1, '2016-09-09 16:50:40', 0),
(0000000127, 0000000099, 0000000003, 3, NULL, 1, '2016-09-09 16:50:40', 0),
(0000000128, 0000000099, 0000000003, 5, NULL, 1, '2016-09-09 16:50:40', 0),
(0000000129, 0000000100, 0000000002, 1, NULL, 1, '2016-09-09 18:12:09', 0),
(0000000130, 0000000100, 0000000002, 2, NULL, 1, '2016-09-09 18:12:09', 0),
(0000000131, 0000000100, 0000000002, 3, NULL, 1, '2016-09-09 18:12:09', 0),
(0000000132, 0000000100, 0000000002, 5, NULL, 1, '2016-09-09 18:12:09', 0),
(0000000133, 0000000100, 0000000003, 6, NULL, 1, '2016-09-09 18:12:09', 0),
(0000000134, 0000000100, 0000000003, 7, NULL, 1, '2016-09-09 18:12:09', 0),
(0000000135, 0000000101, 0000000003, 1, NULL, 1, '2016-09-09 18:12:09', 0),
(0000000136, 0000000101, 0000000002, 2, NULL, 1, '2016-09-09 18:12:09', 0),
(0000000137, 0000000102, 0000000003, 2, NULL, 1, '2016-09-12 17:42:02', 0),
(0000000138, 0000000102, 0000000003, 4, NULL, 1, '2016-09-12 17:42:02', 0),
(0000000139, 0000000103, 0000000003, 2, NULL, 1, '2016-09-12 17:42:02', 0),
(0000000140, 0000000103, 0000000003, 4, NULL, 1, '2016-09-12 17:42:02', 0),
(0000000141, 0000000104, 0000000003, 2, NULL, 1, '2016-09-12 17:42:02', 0),
(0000000142, 0000000104, 0000000003, 4, NULL, 1, '2016-09-12 17:42:02', 0),
(0000000143, 0000000105, 0000000003, 2, NULL, 1, '2016-09-12 17:42:02', 0),
(0000000144, 0000000105, 0000000003, 4, NULL, 1, '2016-09-12 17:42:02', 0),
(0000000145, 0000000106, NULL, 2, NULL, 0, '2016-09-12 17:42:03', 0),
(0000000146, 0000000106, NULL, 4, NULL, 0, '2016-09-12 17:42:03', 0),
(0000000147, 0000000107, NULL, 2, NULL, 0, '2016-09-12 17:42:03', 0),
(0000000148, 0000000107, NULL, 4, NULL, 0, '2016-09-12 17:42:03', 0),
(0000000149, 0000000108, NULL, 2, NULL, 0, '2016-09-12 17:42:03', 0),
(0000000150, 0000000108, NULL, 4, NULL, 0, '2016-09-12 17:42:03', 0),
(0000000151, 0000000109, NULL, 2, NULL, 0, '2016-09-12 17:42:03', 0),
(0000000152, 0000000109, NULL, 4, NULL, 0, '2016-09-12 17:42:03', 0),
(0000000153, 0000000110, NULL, 6, NULL, 1, '2016-09-15 12:05:17', 0),
(0000000154, 0000000110, NULL, 7, NULL, 1, '2016-09-15 12:05:17', 0),
(0000000155, 0000000111, NULL, 1, NULL, 1, '2016-09-16 12:35:41', 0),
(0000000156, 0000000111, NULL, 5, NULL, 1, '2016-09-16 12:35:41', 0),
(0000000157, 0000000111, NULL, 6, NULL, 1, '2016-09-16 12:35:41', 0),
(0000000158, 0000000111, NULL, 7, NULL, 1, '2016-09-16 12:35:41', 0);

-- --------------------------------------------------------

--
-- Estructura de tabla para la tabla `servicio`
--

CREATE TABLE IF NOT EXISTS `servicio` (
  `ser_id_pk` int(10) unsigned zerofill NOT NULL AUTO_INCREMENT,
  `ser_nombre` varchar(100) DEFAULT NULL,
  `ser_abrebiado` varchar(10) DEFAULT NULL,
  `ser_precio` int(11) DEFAULT NULL,
  `ser_comentario` text,
  `ser_fecharegistro` datetime NOT NULL,
  PRIMARY KEY (`ser_id_pk`)
) ENGINE=InnoDB  DEFAULT CHARSET=latin1 AUTO_INCREMENT=2 ;

--
-- Volcado de datos para la tabla `servicio`
--

INSERT INTO `servicio` (`ser_id_pk`, `ser_nombre`, `ser_abrebiado`, `ser_precio`, `ser_comentario`, `ser_fecharegistro`) VALUES
(0000000001, 'ARRIENDO BAÑOS QUÍMICOS', 'A.B.Q', NULL, NULL, '2016-06-14 00:00:00');

-- --------------------------------------------------------

--
-- Estructura de tabla para la tabla `sucursal`
--

CREATE TABLE IF NOT EXISTS `sucursal` (
  `suc_id_pk` int(10) unsigned zerofill NOT NULL AUTO_INCREMENT,
  `suc_usuario_fk` int(11) unsigned zerofill DEFAULT NULL COMMENT 'creado por',
  `suc_comuna_fk` int(11) unsigned zerofill DEFAULT NULL,
  `suc_nombre` varchar(200) DEFAULT NULL,
  `suc_nombrecomercial` varchar(200) DEFAULT NULL,
  `suc_giro` varchar(100) DEFAULT NULL,
  `suc_direccion` varchar(200) DEFAULT NULL,
  `suc_rut` varchar(20) DEFAULT NULL,
  `suc_fecharegistro` datetime DEFAULT NULL COMMENT 'fecha de registro de sucursal',
  `suc_configuracion` text COMMENT 'parametros de configuracion (json)',
  `suc_comentario` text,
  PRIMARY KEY (`suc_id_pk`),
  KEY `suc_comuna_fk` (`suc_comuna_fk`),
  KEY `suc_usuario_fk` (`suc_usuario_fk`)
) ENGINE=InnoDB  DEFAULT CHARSET=latin1 AUTO_INCREMENT=2 ;

--
-- Volcado de datos para la tabla `sucursal`
--

INSERT INTO `sucursal` (`suc_id_pk`, `suc_usuario_fk`, `suc_comuna_fk`, `suc_nombre`, `suc_nombrecomercial`, `suc_giro`, `suc_direccion`, `suc_rut`, `suc_fecharegistro`, `suc_configuracion`, `suc_comentario`) VALUES
(0000000001, 00000000001, 00000000165, 'Los Ángeles', NULL, NULL, 'Camino Maria Dolores K.M. 6.9', NULL, '2016-08-08 18:21:07', '{}', NULL);

-- --------------------------------------------------------

--
-- Estructura de tabla para la tabla `usuario`
--

CREATE TABLE IF NOT EXISTS `usuario` (
  `usu_id_pk` int(10) unsigned zerofill NOT NULL AUTO_INCREMENT,
  `usu_comuna_fk` int(10) unsigned zerofill DEFAULT NULL,
  `usu_nombre` varchar(100) DEFAULT NULL,
  `usu_apellido` varchar(100) DEFAULT NULL,
  `usu_rut` varchar(20) DEFAULT NULL,
  `usu_direccion` varchar(200) DEFAULT NULL,
  `usu_clave` varchar(200) DEFAULT NULL,
  `usu_configuracion` text COMMENT 'parametros de configuracion (json)',
  `usu_vinculado` int(1) DEFAULT '1' COMMENT 'desvinculado: 0, vinculado: 1, pendiente: 2',
  `usu_recuperarclave` varchar(200) DEFAULT NULL COMMENT 'token de reciperacion de clave',
  `usu_cookie` varchar(100) DEFAULT NULL,
  `usu_tipo` int(11) DEFAULT '2' COMMENT 'desarrollador: 0, administrador: 1, ejecutivo: 2, chofer: 3',
  `usu_fecharegistro` datetime DEFAULT NULL,
  `usu_comentario` text,
  PRIMARY KEY (`usu_id_pk`),
  KEY `usu_comuna_fk` (`usu_comuna_fk`)
) ENGINE=InnoDB  DEFAULT CHARSET=latin1 AUTO_INCREMENT=9 ;

--
-- Volcado de datos para la tabla `usuario`
--

INSERT INTO `usuario` (`usu_id_pk`, `usu_comuna_fk`, `usu_nombre`, `usu_apellido`, `usu_rut`, `usu_direccion`, `usu_clave`, `usu_configuracion`, `usu_vinculado`, `usu_recuperarclave`, `usu_cookie`, `usu_tipo`, `usu_fecharegistro`, `usu_comentario`) VALUES
(0000000001, 0000000165, 'AGENCIA', 'TUCIUDAD', '14350983-4', 'Pasaje 3 sur, 749, Parque Lauquen', '$6$rounds=5000$usesomesillystri$svDGVxf0k/88d8wuCMBgu7qEG1edJ/B8NhhswgMEtrROOo7Zt3fonOkuFol5fmcr8pXS97o4iuKw4vY6DohY4/', '{"permisos":{"Usuarios":true,"Clientes":true,"Sucursales":true,"Arriendos":true,"Bodega":true,"Mantenciones":true}}', 1, NULL, NULL, 0, '2016-08-08 18:24:25', NULL),
(0000000002, 0000000165, 'Lilian', 'Rodriguez', '11242856-9', 'Camino María Dolores Km 6.9', '$6$rounds=5000$usesomesillystri$9RMtq4iKCAkAkdcXsKPlyJqDNKa4WeTZ/SEexnis778NW9saRe1y1SUtbCYwZmSxXuxfm9dwMwBZpCAX39BQF1', '{"permisos":{"Clientes":true,"Arriendos":true,"Mantenciones":true}}', 1, NULL, NULL, 2, '2016-09-06 13:55:49', NULL),
(0000000003, 0000000165, 'Carolina', 'Mundaca', '14134341-6', 'Camino María Dolores Km 6.9', '$6$rounds=5000$usesomesillystri$8eFkH5fOIGCcy.ytJyyZ0ZysVEGTU327VvX3IjI8vmbS/CDMmw6A3kO8hu343DxmHXSfW63na6l3vTfzQ72aQ0', '{"permisos":{"Clientes":true,"Arriendos":true,"Mantenciones":true}}', 1, NULL, NULL, 2, '2016-09-06 13:57:35', NULL),
(0000000004, 0000000165, 'Daniel', 'Poblete', '18700374-1', 'Camino María Dolores Km 6.9', '$6$rounds=5000$usesomesillystri$h2N33/XdHebjcg0plqKVtmL22i3EOC185/XKSXRxOOmvTuBtkkyZpYSPHu/ipmNWy3x2Kchsq.2IE2ukjkjCO0', '{"permisos":{"Bodega":true,"Arriendos":true,"Mantenciones":true}}', 1, NULL, NULL, 2, '2016-09-06 13:59:03', NULL),
(0000000005, 0000000165, 'John', 'Oviedo', '8616994-0', 'Camino María Dolores Km 6.9', '$6$rounds=5000$usesomesillystri$d5FKa1ytOjiJC/rR2uzRL/TZ2hGmCCncwbQpOf.6H895shLajWHXPHpltu.4u.hVCG6/WzVscQICreJrTbig2.', '{"permisos":{"Usuarios":true,"Clientes":true,"Sucursales":true,"Arriendos":true,"Bodega":true,"Mantenciones":true}}', 1, NULL, NULL, 1, '2016-09-06 14:01:01', NULL),
(0000000006, 0000000165, 'Misael', 'Burgos', '11243405-4', 'Camino María Dolores Km 6.9', '$6$rounds=5000$usesomesillystri$CvOSqZWSiFPkdqCMMFvg5RfSQcMf.C2ElAFyonvaFHnw/aRDMXf/Jq/BzVZGUKotKuIdebLAkAQBXcL4Zjx.C/', '{"permisos":{}}', 1, NULL, NULL, 3, '2016-09-06 14:58:34', NULL),
(0000000007, 0000000165, 'Franciso', 'Arancibia', '17006157-8', 'Camino María Dolores Km 6.9', '$6$rounds=5000$usesomesillystri$ZpZo3t.XWBCmXJrkNtzYSLd6LGIUNul55gDuEpn9Apsn9MSPCPV9BjYT/xw6PSWe1dRY80PLLxNdZCRzDeCHI.', '{"permisos":{}}', 1, NULL, NULL, 3, '2016-09-06 15:01:22', NULL),
(0000000008, 0000000165, 'David', 'Lopez', '16451181-2', 'Camino María Dolores Km 6.9', '$6$rounds=5000$usesomesillystri$Awgd/1/QAvyAQgMQiBsOittYHi38rVotIQTD8CfJK.sDbsVSxRBrte3Qe8V37UD/CwdPwFMBWwsuAZCC8/b1S1', '{"permisos":{}}', 1, NULL, NULL, 3, '2016-09-06 15:03:22', NULL);

-- --------------------------------------------------------

--
-- Estructura de tabla para la tabla `usuario_log`
--

CREATE TABLE IF NOT EXISTS `usuario_log` (
  `ulo_id_pk` int(10) unsigned zerofill NOT NULL AUTO_INCREMENT,
  `ulo_sucursal_fk` int(10) unsigned zerofill NOT NULL,
  `ulo_usuario_fk` int(10) unsigned zerofill NOT NULL,
  `ulo_descripcion` text,
  `ulo_fecha` datetime DEFAULT NULL,
  `ulo_comentario` text,
  PRIMARY KEY (`ulo_id_pk`),
  KEY `ulo_sucursal_fk` (`ulo_sucursal_fk`),
  KEY `ulo_usuario_fk` (`ulo_usuario_fk`)
) ENGINE=InnoDB  DEFAULT CHARSET=latin1 AUTO_INCREMENT=211 ;

--
-- Volcado de datos para la tabla `usuario_log`
--

INSERT INTO `usuario_log` (`ulo_id_pk`, `ulo_sucursal_fk`, `ulo_usuario_fk`, `ulo_descripcion`, `ulo_fecha`, `ulo_comentario`) VALUES
(0000000001, 0000000001, 0000000001, '<strong>Registro de nuevo arriendo</strong> al sistema para <b class="text-system">AGRICOLA GANADERA Y FORESTAL CANTARRANA</b> (Arriendo N° 1)', '2016-08-31 12:53:33', NULL),
(0000000002, 0000000001, 0000000001, '<strong>Registro de nuevo arriendo</strong> al sistema para <b class="text-system">CONSTRUCTORA SAC LTDA.</b> (Arriendo N° 2)', '2016-08-31 13:11:27', NULL),
(0000000003, 0000000001, 0000000001, '<strong>Registro de nuevo arriendo</strong> al sistema para <b class="text-system">ALFREDO LEIVA VALLEJOS</b> (Arriendo N° 3)', '2016-08-31 13:14:38', NULL),
(0000000004, 0000000001, 0000000001, '<strong>Registro de nuevo arriendo</strong> al sistema para <b class="text-system">INGENIERÍA Y DESARROLLO TECNOLÓGICO LTDA.</b> (Arriendo N° 4)', '2016-08-31 13:21:56', NULL),
(0000000005, 0000000001, 0000000001, '<strong>Registro de nuevo arriendo</strong> al sistema para <b class="text-system">BIOMASA CHILE S.A.</b> (Arriendo N° 5)', '2016-08-31 14:03:08', NULL),
(0000000006, 0000000001, 0000000001, '<strong>Registro de nuevo arriendo</strong> al sistema para <b class="text-system">ILUSTRE MUNICIPALIDAD DE LOS ANGELES</b> (Arriendo N° 6)', '2016-08-31 14:07:07', NULL),
(0000000007, 0000000001, 0000000001, '<strong>Registro de nuevo arriendo</strong> al sistema para <b class="text-system">CATARI CHILE LTDA.</b> (Arriendo N° 7)', '2016-08-31 14:12:29', NULL),
(0000000008, 0000000001, 0000000001, '<strong>Registro de nuevo arriendo</strong> al sistema para <b class="text-system">ABENGOA CHILE</b> (Arriendo N° 8)', '2016-08-31 14:17:55', NULL),
(0000000009, 0000000001, 0000000001, '<strong>Registro de nuevo arriendo</strong> al sistema para <b class="text-system">CLARO VICUÑA VALENZUELA S.A.</b> (Arriendo N° 9)', '2016-08-31 14:27:21', NULL),
(0000000010, 0000000001, 0000000001, '<strong>Registro de nuevo arriendo</strong> al sistema para <b class="text-system">B.BOSH S.A.</b> (Arriendo N° 10)', '2016-08-31 14:47:12', NULL),
(0000000011, 0000000001, 0000000001, '<strong>Registro de nuevo arriendo</strong> al sistema para <b class="text-system">CONSTRUCTORA CAROLINA RIQUELME ACEVEDO EIRL</b> (Arriendo N° 11)', '2016-08-31 14:52:42', NULL),
(0000000012, 0000000001, 0000000001, '<strong>Registro de nuevo arriendo</strong> al sistema para <b class="text-system">EBCO S.A.</b> (Arriendo N° 12)', '2016-08-31 14:59:40', NULL),
(0000000013, 0000000001, 0000000001, '<strong>Registro de nuevo arriendo</strong> al sistema para <b class="text-system">CONSTRUCTORA SANTA SUSANA SPA </b> (Arriendo N° 13)', '2016-08-31 15:11:39', NULL),
(0000000014, 0000000001, 0000000001, '<strong>Registro de nuevo arriendo</strong> al sistema para <b class="text-system">CONVERTEC S.A.</b> (Arriendo N° 14)', '2016-08-31 15:16:35', NULL),
(0000000015, 0000000001, 0000000001, '<strong>Registro de nuevo arriendo</strong> al sistema para <b class="text-system">CONSTRUCTORA CRUZ DEL NORTE Y CÍA. LTDA.</b> (Arriendo N° 15)', '2016-08-31 15:21:19', NULL),
(0000000016, 0000000001, 0000000001, '<strong>Registro de nuevo arriendo</strong> al sistema para <b class="text-system">ECOSERGO SPA</b> (Arriendo N° 16)', '2016-08-31 15:51:34', NULL),
(0000000017, 0000000001, 0000000001, '<strong>Registro de nuevo arriendo</strong> al sistema para <b class="text-system">ENERGÍA RÍO CLARO S.A. </b> (Arriendo N° 17)', '2016-08-31 19:42:40', NULL),
(0000000018, 0000000001, 0000000001, '<strong>Registro de nuevo arriendo</strong> al sistema para <b class="text-system">CONSTRUCCIÓN Y SERVICIOS</b> (Arriendo N° 18)', '2016-08-31 19:47:38', NULL),
(0000000019, 0000000001, 0000000001, '<strong>Registro de nuevo arriendo</strong> al sistema para <b class="text-system">FIGUZ S.A.</b> (Arriendo N° 19)', '2016-08-31 19:52:33', NULL),
(0000000020, 0000000001, 0000000001, '<strong>Registro de nuevo arriendo</strong> al sistema para <b class="text-system">FORESTAL MININCO S.A.</b> (Arriendo N° 20)', '2016-08-31 20:03:30', NULL),
(0000000021, 0000000001, 0000000001, '<strong>Registro de nuevo arriendo</strong> al sistema para <b class="text-system">FRANKLIN SALAS SANDOVAL</b> (Arriendo N° 21)', '2016-08-31 20:06:08', NULL),
(0000000022, 0000000001, 0000000001, '<strong>Registro de nuevo arriendo</strong> al sistema para <b class="text-system">SOCIEDAD AGRICOLA MAQUENA SPA</b> (Arriendo N° 22)', '2016-08-31 20:09:17', NULL),
(0000000023, 0000000001, 0000000001, '<strong>Registro de nuevo arriendo</strong> al sistema para <b class="text-system">CALLAQUI S.A.</b> (Arriendo N° 23)', '2016-08-31 20:11:34', NULL),
(0000000024, 0000000001, 0000000001, '<strong>Registro de nuevo arriendo</strong> al sistema para <b class="text-system">COBRA CHILE SERVICIOS S.A.</b> (Arriendo N° 24)', '2016-08-31 20:14:52', NULL),
(0000000025, 0000000001, 0000000001, '<strong>Registro de nuevo arriendo</strong> al sistema para <b class="text-system">AGRICOLA HACIENDA CANTERA S.A.</b> (Arriendo N° 25)', '2016-08-31 20:18:34', NULL),
(0000000026, 0000000001, 0000000001, '<strong>Registro de nuevo arriendo</strong> al sistema para <b class="text-system">HORTIFRUT S.A.</b> (Arriendo N° 26)', '2016-08-31 20:21:31', NULL),
(0000000027, 0000000001, 0000000001, '<strong>Registro de nuevo arriendo</strong> al sistema para <b class="text-system">AGRICOLA SANTA BARBARA DE LLANO BLANCO LTDA.</b> (Arriendo N° 27)', '2016-08-31 20:24:11', NULL),
(0000000028, 0000000001, 0000000001, '<strong>Registro de nuevo arriendo</strong> al sistema para <b class="text-system">SOC. COM. E ING. GESTION IND. INGHER LTDA.</b> (Arriendo N° 28)', '2016-08-31 20:29:37', NULL),
(0000000029, 0000000001, 0000000001, '<strong>Registro de nuevo arriendo</strong> al sistema para <b class="text-system">INMOBILIARIA ALFA LIMITADA</b> (Arriendo N° 29)', '2016-08-31 20:32:13', NULL),
(0000000030, 0000000001, 0000000001, '<strong>Registro de nuevo arriendo</strong> al sistema para <b class="text-system">OBRAS CIVILES GABRIEL HIPOLITO ROA QUEZADA EIRL</b> (Arriendo N° 30)', '2016-08-31 20:36:10', NULL),
(0000000031, 0000000001, 0000000001, '<strong>Registro de nuevo arriendo</strong> al sistema para <b class="text-system">MECHARV S.A.</b> (Arriendo N° 31)', '2016-08-31 20:39:21', NULL),
(0000000032, 0000000001, 0000000001, '<strong>Registro de nuevo arriendo</strong> al sistema para <b class="text-system">MISAEL FLORES LARA</b> (Arriendo N° 32)', '2016-08-31 20:42:48', NULL),
(0000000033, 0000000001, 0000000001, '<strong>Registro de nuevo arriendo</strong> al sistema para <b class="text-system">ORAFTI CHILE S.A.</b> (Arriendo N° 33)', '2016-08-31 20:45:16', NULL),
(0000000034, 0000000001, 0000000001, '<strong>Registro de nuevo arriendo</strong> al sistema para <b class="text-system">TRANSPORTE PATRICIO GUTIERREZ V EIRL</b> (Arriendo N° 34)', '2016-08-31 20:48:38', NULL),
(0000000035, 0000000001, 0000000001, '<strong>Registro de nuevo arriendo</strong> al sistema para <b class="text-system">PLANASA CHILE SPA</b> (Arriendo N° 35)', '2016-08-31 21:15:48', NULL),
(0000000036, 0000000001, 0000000001, '<strong>Registro de nuevo arriendo</strong> al sistema para <b class="text-system">PROMASA S.A.</b> (Arriendo N° 36)', '2016-08-31 21:19:02', NULL),
(0000000037, 0000000001, 0000000001, '<strong>Registro de nuevo arriendo</strong> al sistema para <b class="text-system">SOCIEDAD LATSAGUE SAAVEDRA LTDA.</b> (Arriendo N° 37)', '2016-08-31 21:22:29', NULL),
(0000000038, 0000000001, 0000000001, '<strong>Registro de nuevo arriendo</strong> al sistema para <b class="text-system">SOCIEDAD CONSTRUCTORA REVING LIMITADA </b> (Arriendo N° 38)', '2016-08-31 21:27:05', NULL),
(0000000039, 0000000001, 0000000001, '<strong>Registro de nuevo arriendo</strong> al sistema para <b class="text-system">CONSTRUCTORA RODRIGO PUNTES HUEPE EIRL</b> (Arriendo N° 39)', '2016-08-31 21:32:00', NULL),
(0000000040, 0000000001, 0000000001, '<strong>Registro de nuevo arriendo</strong> al sistema para <b class="text-system">SCOTTA CHILE S.A.</b> (Arriendo N° 40)', '2016-08-31 21:35:11', NULL),
(0000000041, 0000000001, 0000000001, '<strong>Registro de nuevo arriendo</strong> al sistema para <b class="text-system">SEINCO LTDA.</b> (Arriendo N° 41)', '2016-08-31 21:38:18', NULL),
(0000000042, 0000000001, 0000000001, '<strong>Registro de nuevo arriendo</strong> al sistema para <b class="text-system">SERVICIOS E INGENIERIA LTDA.</b> (Arriendo N° 42)', '2016-08-31 21:56:24', NULL),
(0000000043, 0000000001, 0000000001, '<strong>Registro de nuevo arriendo</strong> al sistema para <b class="text-system">VERONICA MODINGER EHRENFELD</b> (Arriendo N° 43)', '2016-08-31 21:58:55', NULL),
(0000000044, 0000000001, 0000000001, '<strong>Registro de nuevo arriendo</strong> al sistema para <b class="text-system">CARLOS BADILLA ROCHA</b> (Arriendo N° 44)', '2016-08-31 22:02:02', NULL),
(0000000045, 0000000001, 0000000001, '<strong>Modificación de ruta</strong> del día Viernes al camión DFCC36 al arriendo de <b class="text-system">AGRICOLA GANADERA Y FORESTAL CANTARRANA</b> (Arriendo N° 1)', '2016-09-06 15:31:06', NULL),
(0000000046, 0000000001, 0000000001, '<strong>Modificación de ruta</strong> del día Martes al camión HYBB13 al arriendo de <b class="text-system">AGRICOLA GANADERA Y FORESTAL CANTARRANA</b> (Arriendo N° 1)', '2016-09-06 15:31:06', NULL),
(0000000047, 0000000001, 0000000001, '<strong>Modificación de ruta</strong> del día Viernes al camión HYBB13 al arriendo de <b class="text-system">CATARI CHILE LTDA.</b> (Arriendo N° 7)', '2016-09-06 15:53:10', NULL),
(0000000048, 0000000001, 0000000001, '<strong>Modificación de ruta</strong> del día Lunes al camión HYBB13 al arriendo de <b class="text-system">PROMASA S.A.</b> (Arriendo N° 36)', '2016-09-06 15:56:49', NULL),
(0000000049, 0000000001, 0000000003, '<strong>Registro de nuevo arriendo</strong> al sistema para <b class="text-system">AGRICOLA SANTA BARBARA DE LLANO BLANCO LTDA.</b> (Arriendo N° 45)', '2016-09-06 20:36:03', NULL),
(0000000051, 0000000001, 0000000001, '<strong>Registro de nuevo arriendo</strong> al sistema para <b class="text-system">PROMASA S.A.</b> (Arriendo N° 47)', '2016-09-06 21:46:20', NULL),
(0000000052, 0000000001, 0000000001, '<strong>Modificación de ruta</strong> del día Lunes al camión HYBB13 al arriendo de <b class="text-system">PROMASA S.A.</b> (Arriendo N° 47)', '2016-09-06 21:46:31', NULL),
(0000000053, 0000000001, 0000000001, '<strong>Modificación de ruta</strong> del día Lunes al camión HYBB13 al arriendo de <b class="text-system">AGRICOLA SANTA BARBARA DE LLANO BLANCO LTDA.</b> (Arriendo N° 45)', '2016-09-06 21:47:00', NULL),
(0000000054, 0000000001, 0000000001, '<strong>Modificación de ruta</strong> del día Viernes al camión DFCC36 al arriendo de <b class="text-system">AGRICOLA SANTA BARBARA DE LLANO BLANCO LTDA.</b> (Arriendo N° 45)', '2016-09-06 21:47:00', NULL),
(0000000055, 0000000001, 0000000001, '<strong>Registro de nuevo arriendo</strong> al sistema para <b class="text-system">COMERCIAL GREENVIC S.A.</b> (Arriendo N° 48)', '2016-09-07 14:32:21', NULL),
(0000000056, 0000000001, 0000000001, '<strong>Modificación de ruta</strong> del día Lunes al camión HYBB13 al arriendo de <b class="text-system">COMERCIAL GREENVIC S.A.</b> (Arriendo N° 48)', '2016-09-07 14:33:12', NULL),
(0000000057, 0000000001, 0000000001, '<strong>Modificación de ruta</strong> del día Miercoles al camión HYBB13 al arriendo de <b class="text-system">COMERCIAL GREENVIC S.A.</b> (Arriendo N° 48)', '2016-09-07 14:33:12', NULL),
(0000000058, 0000000001, 0000000001, '<strong>Modificación de ruta</strong> del día Viernes al camión DFCC36 al arriendo de <b class="text-system">COMERCIAL GREENVIC S.A.</b> (Arriendo N° 48)', '2016-09-07 14:33:12', NULL),
(0000000059, 0000000001, 0000000001, '<strong>Registro de nuevo arriendo</strong> al sistema para <b class="text-system">CONSTRUCTORA EL BOSQUE LTDA.</b> (Arriendo N° 49)', '2016-09-08 10:42:18', NULL),
(0000000060, 0000000001, 0000000001, '<strong>Modificación de ruta</strong> del día Lunes al camión HYBB13 al arriendo de <b class="text-system">CONSTRUCTORA EL BOSQUE LTDA.</b> (Arriendo N° 49)', '2016-09-08 13:42:48', NULL),
(0000000061, 0000000001, 0000000001, '<strong>Registro de nuevo arriendo</strong> al sistema para <b class="text-system">SOCIEDAD COMERCIALIZADORA </b> (Arriendo N° 50)', '2016-09-08 10:49:38', NULL),
(0000000062, 0000000001, 0000000001, '<strong>Modificación de ruta</strong> del día Lunes al camión HYBB13 al arriendo de <b class="text-system">SOCIEDAD COMERCIALIZADORA </b> (Arriendo N° 50)', '2016-09-08 13:50:05', NULL),
(0000000063, 0000000001, 0000000001, '<strong>Modificación de ruta</strong> del día Miercoles al camión DFCC36 al arriendo de <b class="text-system">SOCIEDAD COMERCIALIZADORA </b> (Arriendo N° 50)', '2016-09-08 13:50:05', NULL),
(0000000064, 0000000001, 0000000001, '<strong>Modificación de ruta</strong> del día Lunes al camión HYBB13 al arriendo de <b class="text-system">SOCIEDAD COMERCIALIZADORA </b> (Arriendo N° 50)', '2016-09-08 13:50:11', NULL),
(0000000065, 0000000001, 0000000001, '<strong>Modificación de ruta</strong> del día Miercoles al camión DFCC36 al arriendo de <b class="text-system">SOCIEDAD COMERCIALIZADORA </b> (Arriendo N° 50)', '2016-09-08 13:50:11', NULL),
(0000000066, 0000000001, 0000000001, '<strong>Registro de nuevo arriendo</strong> al sistema para <b class="text-system">SOCIEDAD CONSTRUCTORA REVING LIMITADA </b> (Arriendo N° 51)', '2016-09-08 10:58:19', NULL),
(0000000067, 0000000001, 0000000001, '<strong>Modificación de ruta</strong> del día Lunes al camión HYBB13 al arriendo de <b class="text-system">SOCIEDAD CONSTRUCTORA REVING LIMITADA </b> (Arriendo N° 51)', '2016-09-08 13:58:39', NULL),
(0000000068, 0000000001, 0000000001, '<strong>Registro de nuevo arriendo</strong> al sistema para <b class="text-system">CONSTRUCTORA EL BOSQUE LTDA.</b> (Arriendo N° 52)', '2016-09-08 11:00:21', NULL),
(0000000069, 0000000001, 0000000001, '<strong>Modificación de ruta</strong> del día Martes al camión DFCC36 al arriendo de <b class="text-system">CONSTRUCTORA EL BOSQUE LTDA.</b> (Arriendo N° 52)', '2016-09-08 14:00:35', NULL),
(0000000070, 0000000001, 0000000001, '<strong>Registro de nuevo arriendo</strong> al sistema para <b class="text-system">FRANKLIN SALAS SANDOVAL</b> (Arriendo N° 53)', '2016-09-08 11:04:21', NULL),
(0000000071, 0000000001, 0000000001, '<strong>Modificación de ruta</strong> del día Lunes al camión HYBB13 al arriendo de <b class="text-system">FRANKLIN SALAS SANDOVAL</b> (Arriendo N° 53)', '2016-09-08 14:04:30', NULL),
(0000000072, 0000000001, 0000000001, '<strong>Registro de nuevo arriendo</strong> al sistema para <b class="text-system">SEINCO LTDA.</b> (Arriendo N° 54)', '2016-09-08 11:16:22', NULL),
(0000000073, 0000000001, 0000000001, '<strong>Modificación de ruta</strong> del día Lunes al camión HYBB13 al arriendo de <b class="text-system">SEINCO LTDA.</b> (Arriendo N° 54)', '2016-09-08 14:16:28', NULL),
(0000000074, 0000000001, 0000000001, '<strong>Registro de nuevo arriendo</strong> al sistema para <b class="text-system">RICARDO HERNAN BEROIZA TRONCOSO</b> (Arriendo N° 55)', '2016-09-08 11:36:19', NULL),
(0000000075, 0000000001, 0000000001, '<strong>Modificación de ruta</strong> del día Lunes al camión HYBB13 al arriendo de <b class="text-system">RICARDO HERNAN BEROIZA TRONCOSO</b> (Arriendo N° 55)', '2016-09-08 14:36:27', NULL),
(0000000076, 0000000001, 0000000001, '<strong>Registro de nuevo arriendo</strong> al sistema para <b class="text-system">SCOTTA CHILE S.A.</b> (Arriendo N° 56)', '2016-09-08 11:41:16', NULL),
(0000000077, 0000000001, 0000000001, '<strong>Modificación de ruta</strong> del día Lunes al camión DFCC36 al arriendo de <b class="text-system">SCOTTA CHILE S.A.</b> (Arriendo N° 56)', '2016-09-08 14:41:24', NULL),
(0000000078, 0000000001, 0000000001, '<strong>Registro de nuevo arriendo</strong> al sistema para <b class="text-system">B.BOSH S.A.</b> (Arriendo N° 57)', '2016-09-08 11:47:32', NULL),
(0000000079, 0000000001, 0000000001, '<strong>Modificación de ruta</strong> del día Lunes al camión DFCC36 al arriendo de <b class="text-system">B.BOSH S.A.</b> (Arriendo N° 57)', '2016-09-08 14:47:40', NULL),
(0000000080, 0000000001, 0000000001, '<strong>Registro de nuevo arriendo</strong> al sistema para <b class="text-system">ARRIGONI INGENIERIA Y CONSTRUCCION S.A</b> (Arriendo N° 58)', '2016-09-08 11:50:51', NULL),
(0000000081, 0000000001, 0000000001, '<strong>Modificación de ruta</strong> del día Lunes al camión DFCC36 al arriendo de <b class="text-system">ARRIGONI INGENIERIA Y CONSTRUCCION S.A</b> (Arriendo N° 58)', '2016-09-08 14:51:01', NULL),
(0000000082, 0000000001, 0000000001, '<strong>Registro de nuevo arriendo</strong> al sistema para <b class="text-system">COBRA CHILE SERVICIOS S.A.</b> (Arriendo N° 59)', '2016-09-08 11:54:23', NULL),
(0000000083, 0000000001, 0000000001, '<strong>Modificación de ruta</strong> del día Lunes al camión DFCC36 al arriendo de <b class="text-system">COBRA CHILE SERVICIOS S.A.</b> (Arriendo N° 59)', '2016-09-08 14:54:58', NULL),
(0000000084, 0000000001, 0000000001, '<strong>Modificación de ruta</strong> del día Miercoles al camión DFCC36 al arriendo de <b class="text-system">COBRA CHILE SERVICIOS S.A.</b> (Arriendo N° 59)', '2016-09-08 14:54:58', NULL),
(0000000085, 0000000001, 0000000001, '<strong>Modificación de ruta</strong> del día Viernes al camión DFCC36 al arriendo de <b class="text-system">COBRA CHILE SERVICIOS S.A.</b> (Arriendo N° 59)', '2016-09-08 14:54:58', NULL),
(0000000086, 0000000001, 0000000001, '<strong>Registro de nuevo arriendo</strong> al sistema para <b class="text-system">ARIDOS SGA LIMITADA</b> (Arriendo N° 60)', '2016-09-08 12:01:40', NULL),
(0000000087, 0000000001, 0000000001, '<strong>Modificación de ruta</strong> del día Lunes al camión HYBB13 al arriendo de <b class="text-system">ARIDOS SGA LIMITADA</b> (Arriendo N° 60)', '2016-09-08 15:01:48', NULL),
(0000000088, 0000000001, 0000000001, '<strong>Registro de nuevo arriendo</strong> al sistema para <b class="text-system">HORTIFRUT S.A.</b> (Arriendo N° 61)', '2016-09-08 12:03:53', NULL),
(0000000089, 0000000001, 0000000001, '<strong>Modificación de ruta</strong> del día Lunes al camión DFCC36 al arriendo de <b class="text-system">HORTIFRUT S.A.</b> (Arriendo N° 61)', '2016-09-08 15:04:11', NULL),
(0000000090, 0000000001, 0000000001, '<strong>Modificación de ruta</strong> del día Miercoles al camión DFCC36 al arriendo de <b class="text-system">HORTIFRUT S.A.</b> (Arriendo N° 61)', '2016-09-08 15:04:11', NULL),
(0000000091, 0000000001, 0000000001, '<strong>Modificación de ruta</strong> del día Viernes al camión DFCC36 al arriendo de <b class="text-system">HORTIFRUT S.A.</b> (Arriendo N° 61)', '2016-09-08 15:04:11', NULL),
(0000000092, 0000000001, 0000000001, '<strong>Registro de nuevo arriendo</strong> al sistema para <b class="text-system">ABENGOA CHILE</b> (Arriendo N° 62)', '2016-09-08 12:11:12', NULL),
(0000000093, 0000000001, 0000000001, '<strong>Modificación de ruta</strong> del día Martes al camión DFCC36 al arriendo de <b class="text-system">ABENGOA CHILE</b> (Arriendo N° 62)', '2016-09-08 15:11:26', NULL),
(0000000094, 0000000001, 0000000001, '<strong>Modificación de ruta</strong> del día Jueves al camión DFCC36 al arriendo de <b class="text-system">ABENGOA CHILE</b> (Arriendo N° 62)', '2016-09-08 15:11:26', NULL),
(0000000095, 0000000001, 0000000001, '<strong>Registro de nuevo arriendo</strong> al sistema para <b class="text-system">PLANASA CHILE SPA</b> (Arriendo N° 63)', '2016-09-08 12:14:17', NULL),
(0000000096, 0000000001, 0000000001, '<strong>Modificación de ruta</strong> del día Martes al camión HYBB13 al arriendo de <b class="text-system">PLANASA CHILE SPA</b> (Arriendo N° 63)', '2016-09-08 15:14:37', NULL),
(0000000097, 0000000001, 0000000001, '<strong>Modificación de ruta</strong> del día Jueves al camión DFCC36 al arriendo de <b class="text-system">PLANASA CHILE SPA</b> (Arriendo N° 63)', '2016-09-08 15:14:37', NULL),
(0000000098, 0000000001, 0000000001, '<strong>Registro de nuevo arriendo</strong> al sistema para <b class="text-system">CONSTRUCTORA EL MAITEN EIRL</b> (Arriendo N° 64)', '2016-09-08 12:21:05', NULL),
(0000000099, 0000000001, 0000000001, '<strong>Modificación de ruta</strong> del día Martes al camión DFCC36 al arriendo de <b class="text-system">CONSTRUCTORA EL MAITEN EIRL</b> (Arriendo N° 64)', '2016-09-08 15:21:20', NULL),
(0000000100, 0000000001, 0000000001, '<strong>Registro de nuevo arriendo</strong> al sistema para <b class="text-system">EBCO S.A.</b> (Arriendo N° 65)', '2016-09-08 12:28:40', NULL),
(0000000101, 0000000001, 0000000001, '<strong>Modificación de ruta</strong> del día Martes al camión DFCC36 al arriendo de <b class="text-system">EBCO S.A.</b> (Arriendo N° 65)', '2016-09-08 15:28:55', NULL),
(0000000102, 0000000001, 0000000001, '<strong>Modificación de ruta</strong> del día Jueves al camión HYBB13 al arriendo de <b class="text-system">EBCO S.A.</b> (Arriendo N° 65)', '2016-09-08 15:28:55', NULL),
(0000000103, 0000000001, 0000000001, '<strong>Registro de nuevo arriendo</strong> al sistema para <b class="text-system">EBCO S.A.</b> (Arriendo N° 66)', '2016-09-08 12:40:33', NULL),
(0000000104, 0000000001, 0000000001, '<strong>Registro de nuevo arriendo</strong> al sistema para <b class="text-system">EBCO S.A.</b> (Arriendo N° 66)', '2016-09-08 12:40:33', NULL),
(0000000105, 0000000001, 0000000001, '<strong>Modificación de ruta</strong> del día Martes al camión DFCC36 al arriendo de <b class="text-system">EBCO S.A.</b> (Arriendo N° 66)', '2016-09-08 15:41:17', NULL),
(0000000106, 0000000001, 0000000001, '<strong>Modificación de ruta</strong> del día Jueves al camión DFCC36 al arriendo de <b class="text-system">EBCO S.A.</b> (Arriendo N° 66)', '2016-09-08 15:41:17', NULL),
(0000000107, 0000000001, 0000000001, '<strong>Modificación de ruta</strong> del día Martes al camión HYBB13 al arriendo de <b class="text-system">EBCO S.A.</b> (Arriendo N° 66)', '2016-09-08 15:41:17', NULL),
(0000000108, 0000000001, 0000000001, '<strong>Modificación de ruta</strong> del día Jueves al camión HYBB13 al arriendo de <b class="text-system">EBCO S.A.</b> (Arriendo N° 66)', '2016-09-08 15:41:17', NULL),
(0000000109, 0000000001, 0000000001, '<strong>Registro de nuevo arriendo</strong> al sistema para <b class="text-system">SOCIEDAD CONSTRUCTORA REVING LIMITADA </b> (Arriendo N° 67)', '2016-09-08 12:46:37', NULL),
(0000000110, 0000000001, 0000000001, '<strong>Registro de nuevo arriendo</strong> al sistema para <b class="text-system">SOCIEDAD CONSTRUCTORA REVING LIMITADA </b> (Arriendo N° 67)', '2016-09-08 12:46:37', NULL),
(0000000111, 0000000001, 0000000001, '<strong>Modificación de ruta</strong> del día Lunes al camión HYBB13 al arriendo de <b class="text-system">SOCIEDAD CONSTRUCTORA REVING LIMITADA </b> (Arriendo N° 67)', '2016-09-08 15:47:39', NULL),
(0000000112, 0000000001, 0000000001, '<strong>Modificación de ruta</strong> del día Miercoles al camión HYBB13 al arriendo de <b class="text-system">SOCIEDAD CONSTRUCTORA REVING LIMITADA </b> (Arriendo N° 67)', '2016-09-08 15:47:39', NULL),
(0000000113, 0000000001, 0000000001, '<strong>Modificación de ruta</strong> del día Lunes al camión HYBB13 al arriendo de <b class="text-system">SOCIEDAD CONSTRUCTORA REVING LIMITADA </b> (Arriendo N° 67)', '2016-09-08 15:47:39', NULL),
(0000000114, 0000000001, 0000000001, '<strong>Modificación de ruta</strong> del día Miercoles al camión HYBB13 al arriendo de <b class="text-system">SOCIEDAD CONSTRUCTORA REVING LIMITADA </b> (Arriendo N° 67)', '2016-09-08 15:47:39', NULL),
(0000000115, 0000000001, 0000000001, '<strong>Registro de nuevo arriendo</strong> al sistema para <b class="text-system">PACRIALGO S.A.</b> (Arriendo N° 68)', '2016-09-08 12:51:12', NULL),
(0000000116, 0000000001, 0000000001, '<strong>Modificación de ruta</strong> del día Martes al camión HYBB13 al arriendo de <b class="text-system">PACRIALGO S.A.</b> (Arriendo N° 68)', '2016-09-08 15:51:40', NULL),
(0000000117, 0000000001, 0000000001, '<strong>Modificación de ruta</strong> del día Jueves al camión DFCC36 al arriendo de <b class="text-system">PACRIALGO S.A.</b> (Arriendo N° 68)', '2016-09-08 15:51:40', NULL),
(0000000118, 0000000001, 0000000001, '<strong>Modificación de ruta</strong> del día Sabado al camión HYBB13 al arriendo de <b class="text-system">PACRIALGO S.A.</b> (Arriendo N° 68)', '2016-09-08 15:51:41', NULL),
(0000000119, 0000000001, 0000000001, '<strong>Registro de nuevo arriendo</strong> al sistema para <b class="text-system">AGRICOLA GANADERA Y FORESTAL CANTARRANA</b> (Arriendo N° 69)', '2016-09-08 12:54:40', NULL),
(0000000120, 0000000001, 0000000001, '<strong>Modificación de ruta</strong> del día Martes al camión HYBB13 al arriendo de <b class="text-system">AGRICOLA GANADERA Y FORESTAL CANTARRANA</b> (Arriendo N° 69)', '2016-09-08 15:55:19', NULL),
(0000000121, 0000000001, 0000000001, '<strong>Modificación de ruta</strong> del día Viernes al camión DFCC36 al arriendo de <b class="text-system">AGRICOLA GANADERA Y FORESTAL CANTARRANA</b> (Arriendo N° 69)', '2016-09-08 15:55:19', NULL),
(0000000122, 0000000001, 0000000001, '<strong>Registro de nuevo arriendo</strong> al sistema para <b class="text-system">INMOBILIARIA ALFA LIMITADA</b> (Arriendo N° 70)', '2016-09-08 15:43:53', NULL),
(0000000123, 0000000001, 0000000001, '<strong>Modificación de ruta</strong> del día Martes al camión DFCC36 al arriendo de <b class="text-system">INMOBILIARIA ALFA LIMITADA</b> (Arriendo N° 70)', '2016-09-08 18:44:04', NULL),
(0000000124, 0000000001, 0000000001, '<strong>Registro de nuevo arriendo</strong> al sistema para <b class="text-system">OBRAS CIVILES GABRIEL HIPOLITO ROA QUEZADA EIRL</b> (Arriendo N° 71)', '2016-09-08 15:58:28', NULL),
(0000000125, 0000000001, 0000000001, '<strong>Modificación de ruta</strong> del día Martes al camión HYBB13 al arriendo de <b class="text-system">OBRAS CIVILES GABRIEL HIPOLITO ROA QUEZADA EIRL</b> (Arriendo N° 71)', '2016-09-08 18:58:42', NULL),
(0000000126, 0000000001, 0000000001, '<strong>Registro de nuevo arriendo</strong> al sistema para <b class="text-system">ESPEC ASF BITUMIX CVV LTDA.</b> (Arriendo N° 72)', '2016-09-08 16:02:57', NULL),
(0000000127, 0000000001, 0000000001, '<strong>Modificación de ruta</strong> del día Martes al camión DFCC36 al arriendo de <b class="text-system">ESPEC ASF BITUMIX CVV LTDA.</b> (Arriendo N° 72)', '2016-09-08 19:05:54', NULL),
(0000000128, 0000000001, 0000000001, '<strong>Modificación de ruta</strong> del día Jueves al camión HYBB13 al arriendo de <b class="text-system">ESPEC ASF BITUMIX CVV LTDA.</b> (Arriendo N° 72)', '2016-09-08 19:05:54', NULL),
(0000000129, 0000000001, 0000000001, '<strong>Registro de nuevo arriendo</strong> al sistema para <b class="text-system">AGRICOLA HGE SPA </b> (Arriendo N° 73)', '2016-09-08 16:17:32', NULL),
(0000000130, 0000000001, 0000000001, '<strong>Modificación de ruta</strong> del día Martes al camión DFCC36 al arriendo de <b class="text-system">AGRICOLA HGE SPA </b> (Arriendo N° 73)', '2016-09-08 19:18:02', NULL),
(0000000131, 0000000001, 0000000001, '<strong>Modificación de ruta</strong> del día Viernes al camión DFCC36 al arriendo de <b class="text-system">AGRICOLA HGE SPA </b> (Arriendo N° 73)', '2016-09-08 19:18:02', NULL),
(0000000132, 0000000001, 0000000001, '<strong>Registro de nuevo arriendo</strong> al sistema para <b class="text-system">AGRICOLA HACIENDA CANTERA S.A.</b> (Arriendo N° 74)', '2016-09-08 16:24:03', NULL),
(0000000133, 0000000001, 0000000001, '<strong>Modificación de ruta</strong> del día Martes al camión DFCC36 al arriendo de <b class="text-system">AGRICOLA HACIENDA CANTERA S.A.</b> (Arriendo N° 74)', '2016-09-08 19:24:51', NULL),
(0000000134, 0000000001, 0000000001, '<strong>Modificación de ruta</strong> del día Viernes al camión HYBB13 al arriendo de <b class="text-system">AGRICOLA HACIENDA CANTERA S.A.</b> (Arriendo N° 74)', '2016-09-08 19:24:51', NULL),
(0000000135, 0000000001, 0000000001, '<strong>Registro de nuevo arriendo</strong> al sistema para <b class="text-system">FIGUZ S.A.</b> (Arriendo N° 75)', '2016-09-08 16:42:23', NULL),
(0000000136, 0000000001, 0000000001, '<strong>Modificación de ruta</strong> del día Miercoles al camión HYBB13 al arriendo de <b class="text-system">FIGUZ S.A.</b> (Arriendo N° 75)', '2016-09-08 19:42:54', NULL),
(0000000137, 0000000001, 0000000001, '<strong>Modificación de ruta</strong> del día Viernes al camión HYBB13 al arriendo de <b class="text-system">FIGUZ S.A.</b> (Arriendo N° 75)', '2016-09-08 19:42:54', NULL),
(0000000138, 0000000001, 0000000001, '<strong>Registro de nuevo arriendo</strong> al sistema para <b class="text-system">CONSTRUCTORA RODRIGO PUNTES HUEPE EIRL</b> (Arriendo N° 76)', '2016-09-08 16:49:30', NULL),
(0000000139, 0000000001, 0000000001, '<strong>Modificación de ruta</strong> del día Miercoles al camión DFCC36 al arriendo de <b class="text-system">CONSTRUCTORA RODRIGO PUNTES HUEPE EIRL</b> (Arriendo N° 76)', '2016-09-08 19:51:07', NULL),
(0000000140, 0000000001, 0000000001, '<strong>Modificación de ruta</strong> del día Viernes al camión DFCC36 al arriendo de <b class="text-system">CONSTRUCTORA RODRIGO PUNTES HUEPE EIRL</b> (Arriendo N° 76)', '2016-09-08 19:51:07', NULL),
(0000000141, 0000000001, 0000000001, '<strong>Registro de nuevo arriendo</strong> al sistema para <b class="text-system">ORAFTI CHILE S.A.</b> (Arriendo N° 77)', '2016-09-08 17:04:31', NULL),
(0000000142, 0000000001, 0000000001, '<strong>Modificación de ruta</strong> del día Miercoles al camión HYBB13 al arriendo de <b class="text-system">ORAFTI CHILE S.A.</b> (Arriendo N° 77)', '2016-09-08 20:08:50', NULL),
(0000000143, 0000000001, 0000000001, '<strong>Registro de nuevo arriendo</strong> al sistema para <b class="text-system">CONSTRUCTORA SANTA SUSANA SPA </b> (Arriendo N° 78)', '2016-09-08 17:12:35', NULL),
(0000000144, 0000000001, 0000000001, '<strong>Modificación de ruta</strong> del día Miercoles al camión HYBB13 al arriendo de <b class="text-system">CONSTRUCTORA SANTA SUSANA SPA </b> (Arriendo N° 78)', '2016-09-08 20:12:42', NULL),
(0000000145, 0000000001, 0000000001, '<strong>Registro de nuevo arriendo</strong> al sistema para <b class="text-system">MECHARV S.A.</b> (Arriendo N° 79)', '2016-09-08 17:16:46', NULL),
(0000000146, 0000000001, 0000000001, '<strong>Registro de nuevo arriendo</strong> al sistema para <b class="text-system">MECHARV S.A.</b> (Arriendo N° 79)', '2016-09-08 17:16:46', NULL),
(0000000147, 0000000001, 0000000001, '<strong>Modificación de ruta</strong> del día Miercoles al camión HYBB13 al arriendo de <b class="text-system">MECHARV S.A.</b> (Arriendo N° 79)', '2016-09-08 20:16:57', NULL),
(0000000148, 0000000001, 0000000001, '<strong>Modificación de ruta</strong> del día Miercoles al camión HYBB13 al arriendo de <b class="text-system">MECHARV S.A.</b> (Arriendo N° 79)', '2016-09-08 20:16:57', NULL),
(0000000149, 0000000001, 0000000001, '<strong>Registro de nuevo arriendo</strong> al sistema para <b class="text-system">AGRICOLA SANTA BARBARA DE LLANO BLANCO LTDA.</b> (Arriendo N° 80)', '2016-09-08 17:19:09', NULL),
(0000000150, 0000000001, 0000000001, '<strong>Modificación de ruta</strong> del día Miercoles al camión DFCC36 al arriendo de <b class="text-system">AGRICOLA SANTA BARBARA DE LLANO BLANCO LTDA.</b> (Arriendo N° 80)', '2016-09-08 20:19:17', NULL),
(0000000151, 0000000001, 0000000001, '<strong>Registro de nuevo arriendo</strong> al sistema para <b class="text-system">SOC. COM. E ING. GESTION IND. INGHER LTDA.</b> (Arriendo N° 81)', '2016-09-08 17:22:20', NULL),
(0000000152, 0000000001, 0000000001, '<strong>Modificación de ruta</strong> del día Miercoles al camión HYBB13 al arriendo de <b class="text-system">SOC. COM. E ING. GESTION IND. INGHER LTDA.</b> (Arriendo N° 81)', '2016-09-08 20:22:32', NULL),
(0000000153, 0000000001, 0000000001, '<strong>Registro de nuevo arriendo</strong> al sistema para <b class="text-system">VIÑA SUTIL S.A.</b> (Arriendo N° 82)', '2016-09-08 17:25:09', NULL),
(0000000154, 0000000001, 0000000001, '<strong>Modificación de ruta</strong> del día Miercoles al camión HYBB13 al arriendo de <b class="text-system">VIÑA SUTIL S.A.</b> (Arriendo N° 82)', '2016-09-08 20:25:26', NULL),
(0000000155, 0000000001, 0000000001, '<strong>Modificación de ruta</strong> del día Viernes al camión DFCC36 al arriendo de <b class="text-system">VIÑA SUTIL S.A.</b> (Arriendo N° 82)', '2016-09-08 20:25:26', NULL),
(0000000156, 0000000001, 0000000001, '<strong>Registro de nuevo arriendo</strong> al sistema para <b class="text-system">CONSTRUCCIÓN Y SERVICIOS</b> (Arriendo N° 83)', '2016-09-08 17:28:13', NULL),
(0000000157, 0000000001, 0000000001, '<strong>Modificación de ruta</strong> del día Miercoles al camión DFCC36 al arriendo de <b class="text-system">CONSTRUCCIÓN Y SERVICIOS</b> (Arriendo N° 83)', '2016-09-08 20:29:01', NULL),
(0000000158, 0000000001, 0000000001, '<strong>Registro de nuevo arriendo</strong> al sistema para <b class="text-system">SEINCO LTDA.</b> (Arriendo N° 84)', '2016-09-08 17:30:41', NULL),
(0000000159, 0000000001, 0000000001, '<strong>Modificación de ruta</strong> del día Jueves al camión HYBB13 al arriendo de <b class="text-system">SEINCO LTDA.</b> (Arriendo N° 84)', '2016-09-08 20:30:59', NULL),
(0000000160, 0000000001, 0000000001, '<strong>Registro de nuevo arriendo</strong> al sistema para <b class="text-system">ECOSERGO SPA</b> (Arriendo N° 85)', '2016-09-08 17:32:10', NULL),
(0000000161, 0000000001, 0000000001, '<strong>Modificación de ruta</strong> del día Jueves al camión DFCC36 al arriendo de <b class="text-system">ECOSERGO SPA</b> (Arriendo N° 85)', '2016-09-08 20:32:56', NULL),
(0000000162, 0000000001, 0000000001, '<strong>Registro de nuevo arriendo</strong> al sistema para <b class="text-system">B.BOSH S.A.</b> (Arriendo N° 86)', '2016-09-08 17:34:33', NULL),
(0000000163, 0000000001, 0000000001, '<strong>Modificación de ruta</strong> del día Jueves al camión DFCC36 al arriendo de <b class="text-system">B.BOSH S.A.</b> (Arriendo N° 86)', '2016-09-08 20:34:44', NULL),
(0000000164, 0000000001, 0000000001, '<strong>Registro de nuevo arriendo</strong> al sistema para <b class="text-system">SOCIEDAD COMERCIAL SANDOVAL & CIFUENTES LIMITADA.</b> (Arriendo N° 87)', '2016-09-08 17:38:30', NULL),
(0000000165, 0000000001, 0000000001, '<strong>Modificación de ruta</strong> del día Jueves al camión HYBB13 al arriendo de <b class="text-system">SOCIEDAD COMERCIAL SANDOVAL & CIFUENTES LIMITADA.</b> (Arriendo N° 87)', '2016-09-08 20:38:48', NULL),
(0000000166, 0000000001, 0000000001, '<strong>Registro de nuevo arriendo</strong> al sistema para <b class="text-system">VERONICA MODINGER EHRENFELD</b> (Arriendo N° 88)', '2016-09-08 17:40:07', NULL),
(0000000167, 0000000001, 0000000001, '<strong>Modificación de ruta</strong> del día Viernes al camión DFCC36 al arriendo de <b class="text-system">VERONICA MODINGER EHRENFELD</b> (Arriendo N° 88)', '2016-09-08 20:40:18', NULL),
(0000000168, 0000000001, 0000000001, '<strong>Registro de nuevo arriendo</strong> al sistema para <b class="text-system">SERVICIOS E INGENIERIA LTDA.</b> (Arriendo N° 89)', '2016-09-08 17:44:01', NULL),
(0000000169, 0000000001, 0000000001, '<strong>Modificación de ruta</strong> del día Viernes al camión DFCC36 al arriendo de <b class="text-system">SERVICIOS E INGENIERIA LTDA.</b> (Arriendo N° 89)', '2016-09-08 20:44:12', NULL),
(0000000170, 0000000001, 0000000001, '<strong>Registro de nuevo arriendo</strong> al sistema para <b class="text-system">OBRAS CIVILES GABRIEL HIPOLITO ROA QUEZADA EIRL</b> (Arriendo N° 90)', '2016-09-08 17:47:20', NULL),
(0000000171, 0000000001, 0000000001, '<strong>Modificación de ruta</strong> del día Jueves al camión HYBB13 al arriendo de <b class="text-system">OBRAS CIVILES GABRIEL HIPOLITO ROA QUEZADA EIRL</b> (Arriendo N° 90)', '2016-09-08 20:47:32', NULL),
(0000000172, 0000000001, 0000000001, '<strong>Registro de nuevo arriendo</strong> al sistema para <b class="text-system">CONSTRUCTORA CAROLINA RIQUELME ACEVEDO EIRL</b> (Arriendo N° 91)', '2016-09-08 17:50:18', NULL),
(0000000173, 0000000001, 0000000001, '<strong>Modificación de ruta</strong> del día Viernes al camión HYBB13 al arriendo de <b class="text-system">CONSTRUCTORA CAROLINA RIQUELME ACEVEDO EIRL</b> (Arriendo N° 91)', '2016-09-08 20:50:29', NULL),
(0000000174, 0000000001, 0000000001, '<strong>Registro de nuevo arriendo</strong> al sistema para <b class="text-system">CATARI CHILE LTDA.</b> (Arriendo N° 92)', '2016-09-08 17:52:12', NULL),
(0000000175, 0000000001, 0000000001, '<strong>Modificación de ruta</strong> del día Viernes al camión HYBB13 al arriendo de <b class="text-system">CATARI CHILE LTDA.</b> (Arriendo N° 92)', '2016-09-08 20:52:24', NULL),
(0000000176, 0000000001, 0000000001, '<strong>Modificación de ruta</strong> del día Martes al camión HYBB13 al arriendo de <b class="text-system">PLANASA CHILE SPA</b> (Arriendo N° 63)', '2016-09-08 20:54:53', NULL),
(0000000177, 0000000001, 0000000001, '<strong>Modificación de ruta</strong> del día Jueves al camión DFCC36 al arriendo de <b class="text-system">PLANASA CHILE SPA</b> (Arriendo N° 63)', '2016-09-08 20:54:53', NULL),
(0000000178, 0000000001, 0000000001, '<strong>Registro de nuevo arriendo</strong> al sistema para <b class="text-system">PLANASA CHILE SPA</b> (Arriendo N° 93)', '2016-09-08 17:56:44', NULL),
(0000000179, 0000000001, 0000000001, '<strong>Modificación de ruta</strong> del día Sabado al camión HYBB13 al arriendo de <b class="text-system">PLANASA CHILE SPA</b> (Arriendo N° 93)', '2016-09-08 20:56:50', NULL),
(0000000180, 0000000001, 0000000001, '<strong>Registro de nuevo arriendo</strong> al sistema para <b class="text-system">FIGUZ S.A.</b> (Arriendo N° 94)', '2016-09-09 16:50:40', NULL),
(0000000181, 0000000001, 0000000001, '<strong>Modificación de ruta</strong> del día Miercoles al camión HYBB13 al arriendo de <b class="text-system">FIGUZ S.A.</b> (Arriendo N° 94)', '2016-09-09 19:54:45', NULL),
(0000000182, 0000000001, 0000000001, '<strong>Modificación de ruta</strong> del día Viernes al camión HYBB13 al arriendo de <b class="text-system">FIGUZ S.A.</b> (Arriendo N° 94)', '2016-09-09 19:54:45', NULL),
(0000000183, 0000000001, 0000000001, '<strong>Modificación de ruta</strong> del día Miercoles al camión HYBB13 al arriendo de <b class="text-system">FIGUZ S.A.</b> (Arriendo N° 94)', '2016-09-09 19:54:45', NULL),
(0000000184, 0000000001, 0000000001, '<strong>Modificación de ruta</strong> del día Viernes al camión HYBB13 al arriendo de <b class="text-system">FIGUZ S.A.</b> (Arriendo N° 94)', '2016-09-09 19:54:45', NULL),
(0000000185, 0000000001, 0000000001, '<strong>Modificación de ruta</strong> del día Miercoles al camión HYBB13 al arriendo de <b class="text-system">FIGUZ S.A.</b> (Arriendo N° 94)', '2016-09-09 19:54:45', NULL),
(0000000186, 0000000001, 0000000001, '<strong>Modificación de ruta</strong> del día Viernes al camión HYBB13 al arriendo de <b class="text-system">FIGUZ S.A.</b> (Arriendo N° 94)', '2016-09-09 19:54:45', NULL),
(0000000187, 0000000001, 0000000001, '<strong>Registro de nuevo arriendo</strong> al sistema para <b class="text-system">ILUSTRE MUNICIPALIDAD DE LOS ANGELES</b> (Arriendo N° 95)', '2016-09-09 18:12:09', NULL),
(0000000188, 0000000001, 0000000001, '<strong>Modificación de ruta</strong> del día Lunes al camión DFCC36 al arriendo de <b class="text-system">ILUSTRE MUNICIPALIDAD DE LOS ANGELES</b> (Arriendo N° 95)', '2016-09-09 21:13:49', NULL),
(0000000189, 0000000001, 0000000001, '<strong>Modificación de ruta</strong> del día Martes al camión DFCC36 al arriendo de <b class="text-system">ILUSTRE MUNICIPALIDAD DE LOS ANGELES</b> (Arriendo N° 95)', '2016-09-09 21:13:49', NULL),
(0000000190, 0000000001, 0000000001, '<strong>Modificación de ruta</strong> del día Miercoles al camión DFCC36 al arriendo de <b class="text-system">ILUSTRE MUNICIPALIDAD DE LOS ANGELES</b> (Arriendo N° 95)', '2016-09-09 21:13:49', NULL),
(0000000191, 0000000001, 0000000001, '<strong>Modificación de ruta</strong> del día Viernes al camión DFCC36 al arriendo de <b class="text-system">ILUSTRE MUNICIPALIDAD DE LOS ANGELES</b> (Arriendo N° 95)', '2016-09-09 21:13:49', NULL),
(0000000192, 0000000001, 0000000001, '<strong>Modificación de ruta</strong> del día Sabado al camión HYBB13 al arriendo de <b class="text-system">ILUSTRE MUNICIPALIDAD DE LOS ANGELES</b> (Arriendo N° 95)', '2016-09-09 21:13:49', NULL),
(0000000193, 0000000001, 0000000001, '<strong>Modificación de ruta</strong> del día Domingo al camión HYBB13 al arriendo de <b class="text-system">ILUSTRE MUNICIPALIDAD DE LOS ANGELES</b> (Arriendo N° 95)', '2016-09-09 21:13:49', NULL),
(0000000194, 0000000001, 0000000001, '<strong>Modificación de ruta</strong> del día Lunes al camión HYBB13 al arriendo de <b class="text-system">ILUSTRE MUNICIPALIDAD DE LOS ANGELES</b> (Arriendo N° 95)', '2016-09-09 21:13:49', NULL),
(0000000195, 0000000001, 0000000001, '<strong>Modificación de ruta</strong> del día Martes al camión DFCC36 al arriendo de <b class="text-system">ILUSTRE MUNICIPALIDAD DE LOS ANGELES</b> (Arriendo N° 95)', '2016-09-09 21:13:49', NULL),
(0000000196, 0000000001, 0000000001, '<strong>Registro de nuevo arriendo</strong> al sistema para <b class="text-system">CONSTRUCTORA CRUZ DEL NORTE Y CÍA. LTDA.</b> (Arriendo N° 96)', '2016-09-12 17:42:02', NULL),
(0000000197, 0000000001, 0000000001, '<strong>Registro de nuevo arriendo</strong> al sistema para <b class="text-system">CONSTRUCTORA CRUZ DEL NORTE Y CÍA. LTDA.</b> (Arriendo N° 97)', '2016-09-12 17:42:03', NULL),
(0000000198, 0000000001, 0000000001, '<strong>Modificación de ruta</strong> del día Martes al camión HYBB13 al arriendo de <b class="text-system">CONSTRUCTORA CRUZ DEL NORTE Y CÍA. LTDA.</b> (Arriendo N° 96)', '2016-09-12 20:46:11', NULL),
(0000000199, 0000000001, 0000000001, '<strong>Modificación de ruta</strong> del día Jueves al camión HYBB13 al arriendo de <b class="text-system">CONSTRUCTORA CRUZ DEL NORTE Y CÍA. LTDA.</b> (Arriendo N° 96)', '2016-09-12 20:46:11', NULL),
(0000000200, 0000000001, 0000000001, '<strong>Modificación de ruta</strong> del día Martes al camión HYBB13 al arriendo de <b class="text-system">CONSTRUCTORA CRUZ DEL NORTE Y CÍA. LTDA.</b> (Arriendo N° 96)', '2016-09-12 20:46:11', NULL),
(0000000201, 0000000001, 0000000001, '<strong>Modificación de ruta</strong> del día Jueves al camión HYBB13 al arriendo de <b class="text-system">CONSTRUCTORA CRUZ DEL NORTE Y CÍA. LTDA.</b> (Arriendo N° 96)', '2016-09-12 20:46:11', NULL),
(0000000202, 0000000001, 0000000001, '<strong>Modificación de ruta</strong> del día Martes al camión HYBB13 al arriendo de <b class="text-system">CONSTRUCTORA CRUZ DEL NORTE Y CÍA. LTDA.</b> (Arriendo N° 96)', '2016-09-12 20:46:11', NULL),
(0000000203, 0000000001, 0000000001, '<strong>Modificación de ruta</strong> del día Jueves al camión HYBB13 al arriendo de <b class="text-system">CONSTRUCTORA CRUZ DEL NORTE Y CÍA. LTDA.</b> (Arriendo N° 96)', '2016-09-12 20:46:11', NULL),
(0000000204, 0000000001, 0000000001, '<strong>Modificación de ruta</strong> del día Martes al camión HYBB13 al arriendo de <b class="text-system">CONSTRUCTORA CRUZ DEL NORTE Y CÍA. LTDA.</b> (Arriendo N° 96)', '2016-09-12 20:46:12', NULL),
(0000000205, 0000000001, 0000000001, '<strong>Modificación de ruta</strong> del día Jueves al camión HYBB13 al arriendo de <b class="text-system">CONSTRUCTORA CRUZ DEL NORTE Y CÍA. LTDA.</b> (Arriendo N° 96)', '2016-09-12 20:46:12', NULL),
(0000000206, 0000000001, 0000000003, '<strong>Registro de nuevo arriendo</strong> al sistema para <b class="text-system">LUIS IVÁN GONZALEZ MUÑOZ</b> (Arriendo N° 98)', '2016-09-15 12:05:17', NULL),
(0000000207, 0000000001, 0000000001, '<strong>Modificación de 1 productos</strong> (B0000029, ) al arriendo de <b class="text-system">LUIS IVÁN GONZALEZ MUÑOZ</b> (Arriendo N° 98)', '2016-09-15 20:23:00', NULL),
(0000000208, 0000000001, 0000000001, '<strong>Modificación de 2 productos</strong> (B0000023, B0000025, ) al arriendo de <b class="text-system">FIGUZ S.A.</b> (Arriendo N° 94)', '2016-09-15 20:24:07', NULL),
(0000000209, 0000000001, 0000000001, '<strong>Registro de nuevo arriendo</strong> al sistema para <b class="text-system">ILUSTRE MUNICIPALIDAD DE LOS ANGELES</b> (Arriendo N° 99)', '2016-09-16 12:35:41', NULL),
(0000000210, 0000000001, 0000000001, '<strong>Modificación de 18 productos</strong> (B0000001, B0000002, B0000003, B0000004, B0000005, B0000006, B0000007, B0000008, B0000009, B0000010, B0000011, B0000012, B0000013, B0000014, B0000015, B0000016, B0000017, B0000050, ) al arriendo de <b class="text-system">ILUSTRE MUNICIPALIDAD DE LOS ANGELES</b> (Arriendo N° 99)', '2016-09-16 15:41:37', NULL);

-- --------------------------------------------------------

--
-- Estructura de tabla para la tabla `usuario_nn_sucursal`
--

CREATE TABLE IF NOT EXISTS `usuario_nn_sucursal` (
  `unns_id_pk` int(10) unsigned zerofill NOT NULL AUTO_INCREMENT,
  `unns_sucursal_fk` int(10) unsigned zerofill NOT NULL,
  `unns_usuario_fk` int(10) unsigned zerofill NOT NULL,
  `unns_habilitado` int(1) NOT NULL DEFAULT '1' COMMENT 'deshabilitado: 0, habilitado: 1',
  `unns_fecharegistro` datetime NOT NULL,
  PRIMARY KEY (`unns_id_pk`),
  KEY `unns_sucursal_fk` (`unns_sucursal_fk`),
  KEY `unns_usuario_fk` (`unns_usuario_fk`)
) ENGINE=InnoDB  DEFAULT CHARSET=latin1 AUTO_INCREMENT=9 ;

--
-- Volcado de datos para la tabla `usuario_nn_sucursal`
--

INSERT INTO `usuario_nn_sucursal` (`unns_id_pk`, `unns_sucursal_fk`, `unns_usuario_fk`, `unns_habilitado`, `unns_fecharegistro`) VALUES
(0000000001, 0000000001, 0000000001, 1, '2016-08-08 18:29:15'),
(0000000002, 0000000001, 0000000002, 1, '2016-09-06 13:55:49'),
(0000000003, 0000000001, 0000000003, 1, '2016-09-06 13:57:35'),
(0000000004, 0000000001, 0000000004, 1, '2016-09-06 13:59:03'),
(0000000005, 0000000001, 0000000005, 1, '2016-09-06 14:01:01'),
(0000000006, 0000000001, 0000000006, 1, '2016-09-06 14:58:34'),
(0000000007, 0000000001, 0000000007, 1, '2016-09-06 15:01:22'),
(0000000008, 0000000001, 0000000008, 1, '2016-09-06 15:03:22');

-- --------------------------------------------------------

--
-- Estructura de tabla para la tabla `venta`
--

CREATE TABLE IF NOT EXISTS `venta` (
  `ven_id_pk` int(10) unsigned zerofill NOT NULL AUTO_INCREMENT,
  `ven_usuario_fk` int(10) unsigned zerofill DEFAULT NULL,
  `ven_cliente_fk` int(10) unsigned zerofill DEFAULT NULL,
  `ven_sucursal_fk` int(10) unsigned zerofill DEFAULT NULL,
  `ven_tipo` int(11) DEFAULT NULL COMMENT 'servicio:1, producto:2',
  `ven_fechainicio` datetime DEFAULT NULL,
  `ven_fechatermino` datetime DEFAULT NULL,
  `ven_valor` int(11) DEFAULT NULL,
  `ven_diapago` int(11) DEFAULT NULL,
  `ven_finalizado` int(11) DEFAULT NULL COMMENT 'finalizado:0, activo:1',
  `ven_comentario` text,
  PRIMARY KEY (`ven_id_pk`),
  KEY `ven_sucursal_fk` (`ven_sucursal_fk`),
  KEY `ven_cliente_fk` (`ven_cliente_fk`),
  KEY `ven_usuario_fk` (`ven_usuario_fk`)
) ENGINE=InnoDB  DEFAULT CHARSET=latin1 AUTO_INCREMENT=100 ;

--
-- Volcado de datos para la tabla `venta`
--

INSERT INTO `venta` (`ven_id_pk`, `ven_usuario_fk`, `ven_cliente_fk`, `ven_sucursal_fk`, `ven_tipo`, `ven_fechainicio`, `ven_fechatermino`, `ven_valor`, `ven_diapago`, `ven_finalizado`, `ven_comentario`) VALUES
(0000000045, 0000000003, 0000000028, 0000000001, 1, '2016-09-06 20:36:03', NULL, NULL, NULL, 1, NULL),
(0000000047, 0000000001, 0000000037, 0000000001, 1, '2016-09-06 21:46:20', NULL, NULL, NULL, 1, NULL),
(0000000048, 0000000001, 0000000046, 0000000001, 1, '2016-09-07 14:32:21', NULL, NULL, NULL, 1, NULL),
(0000000049, 0000000001, 0000000047, 0000000001, 1, '2016-09-08 10:42:18', NULL, NULL, NULL, 1, NULL),
(0000000050, 0000000001, 0000000048, 0000000001, 1, '2016-09-08 10:49:38', NULL, NULL, NULL, 1, NULL),
(0000000051, 0000000001, 0000000039, 0000000001, 1, '2016-09-08 10:58:19', NULL, NULL, NULL, 0, NULL),
(0000000052, 0000000001, 0000000047, 0000000001, 1, '2016-09-08 11:00:21', NULL, NULL, NULL, 1, NULL),
(0000000053, 0000000001, 0000000022, 0000000001, 1, '2016-09-08 11:04:21', NULL, NULL, NULL, 1, NULL),
(0000000054, 0000000001, 0000000042, 0000000001, 1, '2016-09-08 11:16:22', NULL, NULL, NULL, 1, NULL),
(0000000055, 0000000001, 0000000049, 0000000001, 1, '2016-09-08 11:36:19', NULL, NULL, NULL, 1, NULL),
(0000000056, 0000000001, 0000000041, 0000000001, 1, '2016-09-08 11:41:16', NULL, NULL, NULL, 1, NULL),
(0000000057, 0000000001, 0000000011, 0000000001, 1, '2016-09-08 11:47:32', NULL, NULL, NULL, 1, NULL),
(0000000058, 0000000001, 0000000050, 0000000001, 1, '2016-09-08 11:50:51', NULL, NULL, NULL, 1, NULL),
(0000000059, 0000000001, 0000000025, 0000000001, 1, '2016-09-08 11:54:23', NULL, NULL, NULL, 1, NULL),
(0000000060, 0000000001, 0000000051, 0000000001, 1, '2016-09-08 12:01:40', NULL, NULL, NULL, 1, NULL),
(0000000061, 0000000001, 0000000027, 0000000001, 1, '2016-09-08 12:03:53', NULL, NULL, NULL, 1, NULL),
(0000000062, 0000000001, 0000000009, 0000000001, 1, '2016-09-08 12:11:12', NULL, NULL, NULL, 1, NULL),
(0000000063, 0000000001, 0000000036, 0000000001, 1, '2016-09-08 12:14:17', NULL, NULL, NULL, 1, NULL),
(0000000064, 0000000001, 0000000005, 0000000001, 1, '2016-09-08 12:21:05', NULL, NULL, NULL, 1, NULL),
(0000000065, 0000000001, 0000000013, 0000000001, 1, '2016-09-08 12:28:40', NULL, NULL, NULL, 1, NULL),
(0000000066, 0000000001, 0000000013, 0000000001, 1, '2016-09-08 12:40:33', NULL, NULL, NULL, 1, NULL),
(0000000067, 0000000001, 0000000039, 0000000001, 1, '2016-09-08 12:46:37', NULL, NULL, NULL, 1, NULL),
(0000000068, 0000000001, 0000000052, 0000000001, 1, '2016-09-08 12:51:12', NULL, NULL, NULL, 1, NULL),
(0000000069, 0000000001, 0000000001, 0000000001, 1, '2016-09-08 12:54:40', NULL, NULL, NULL, 1, NULL),
(0000000070, 0000000001, 0000000030, 0000000001, 1, '2016-09-08 15:43:52', NULL, NULL, NULL, 1, NULL),
(0000000071, 0000000001, 0000000031, 0000000001, 1, '2016-09-08 15:58:27', NULL, NULL, NULL, 1, NULL),
(0000000072, 0000000001, 0000000053, 0000000001, 1, '2016-09-08 16:02:57', NULL, NULL, NULL, 1, NULL),
(0000000073, 0000000001, 0000000054, 0000000001, 1, '2016-09-08 16:17:32', NULL, NULL, NULL, 1, NULL),
(0000000074, 0000000001, 0000000026, 0000000001, 1, '2016-09-08 16:24:02', NULL, NULL, NULL, 1, NULL),
(0000000076, 0000000001, 0000000040, 0000000001, 1, '2016-09-08 16:49:30', NULL, NULL, NULL, 1, NULL),
(0000000077, 0000000001, 0000000034, 0000000001, 1, '2016-09-08 17:04:31', NULL, NULL, NULL, 1, NULL),
(0000000078, 0000000001, 0000000014, 0000000001, 1, '2016-09-08 17:12:34', NULL, NULL, NULL, 1, NULL),
(0000000079, 0000000001, 0000000032, 0000000001, 1, '2016-09-08 17:16:46', NULL, NULL, NULL, 1, NULL),
(0000000080, 0000000001, 0000000028, 0000000001, 1, '2016-09-08 17:19:09', NULL, NULL, NULL, 1, NULL),
(0000000081, 0000000001, 0000000029, 0000000001, 1, '2016-09-08 17:22:20', NULL, NULL, NULL, 1, NULL),
(0000000082, 0000000001, 0000000055, 0000000001, 1, '2016-09-08 17:25:09', NULL, NULL, NULL, 1, NULL),
(0000000083, 0000000001, 0000000019, 0000000001, 1, '2016-09-08 17:28:13', NULL, NULL, NULL, 1, NULL),
(0000000084, 0000000001, 0000000042, 0000000001, 1, '2016-09-08 17:30:41', NULL, NULL, NULL, 1, NULL),
(0000000085, 0000000001, 0000000017, 0000000001, 1, '2016-09-08 17:32:09', NULL, NULL, NULL, 1, NULL),
(0000000086, 0000000001, 0000000011, 0000000001, 1, '2016-09-08 17:34:33', NULL, NULL, NULL, 1, NULL),
(0000000087, 0000000001, 0000000056, 0000000001, 1, '2016-09-08 17:38:30', NULL, NULL, NULL, 1, NULL),
(0000000088, 0000000001, 0000000044, 0000000001, 1, '2016-09-08 17:40:07', NULL, NULL, NULL, 1, NULL),
(0000000089, 0000000001, 0000000043, 0000000001, 1, '2016-09-08 17:44:01', NULL, NULL, NULL, 1, NULL),
(0000000090, 0000000001, 0000000031, 0000000001, 1, '2016-09-08 17:47:20', NULL, NULL, NULL, 1, NULL),
(0000000091, 0000000001, 0000000012, 0000000001, 1, '2016-09-08 17:50:18', NULL, NULL, NULL, 1, NULL),
(0000000092, 0000000001, 0000000008, 0000000001, 1, '2016-09-08 17:52:12', NULL, NULL, NULL, 1, NULL),
(0000000093, 0000000001, 0000000036, 0000000001, 1, '2016-09-08 17:56:44', NULL, NULL, NULL, 1, NULL),
(0000000094, 0000000001, 0000000020, 0000000001, 1, '2016-09-09 16:50:40', NULL, NULL, NULL, 1, NULL),
(0000000095, 0000000001, 0000000007, 0000000001, 1, '2016-09-09 18:12:09', NULL, NULL, NULL, 1, NULL),
(0000000096, 0000000001, 0000000016, 0000000001, 1, '2016-09-12 17:42:01', NULL, NULL, NULL, 1, NULL),
(0000000097, 0000000001, 0000000016, 0000000001, 1, '2016-09-12 17:42:03', NULL, NULL, NULL, 0, NULL),
(0000000098, 0000000003, 0000000057, 0000000001, 1, '2016-09-15 12:05:17', NULL, NULL, NULL, 1, NULL),
(0000000099, 0000000001, 0000000007, 0000000001, 1, '2016-09-16 12:35:41', NULL, NULL, NULL, 1, NULL);

--
-- Restricciones para tablas volcadas
--

--
-- Filtros para la tabla `bannos`
--
ALTER TABLE `bannos`
  ADD CONSTRAINT `bannos_ibfk_1` FOREIGN KEY (`ban_sucursal_fk`) REFERENCES `sucursal` (`suc_id_pk`),
  ADD CONSTRAINT `bannos_ibfk_2` FOREIGN KEY (`ban_tipo_id`) REFERENCES `bannos_tipo` (`bti_id_pk`),
  ADD CONSTRAINT `bannos_ibfk_3` FOREIGN KEY (`ban_cliente_fk`) REFERENCES `cliente` (`cli_id_pk`);

--
-- Filtros para la tabla `bannos_tipo`
--
ALTER TABLE `bannos_tipo`
  ADD CONSTRAINT `bannos_tipo_ibfk_1` FOREIGN KEY (`bti_sucursal_fk`) REFERENCES `sucursal` (`suc_id_pk`);

--
-- Filtros para la tabla `bitacora`
--
ALTER TABLE `bitacora`
  ADD CONSTRAINT `bitacora_ibfk_1` FOREIGN KEY (`bit_sucursal_fk`) REFERENCES `sucursal` (`suc_id_pk`),
  ADD CONSTRAINT `bitacora_ibfk_2` FOREIGN KEY (`bit_venta_fk`) REFERENCES `venta` (`ven_id_pk`);

--
-- Filtros para la tabla `camion`
--
ALTER TABLE `camion`
  ADD CONSTRAINT `camion_ibfk_1` FOREIGN KEY (`cam_usuario_fk`) REFERENCES `usuario` (`usu_id_pk`),
  ADD CONSTRAINT `camion_ibfk_2` FOREIGN KEY (`cam_sucursal_fk`) REFERENCES `sucursal` (`suc_id_pk`);

--
-- Filtros para la tabla `cliente`
--
ALTER TABLE `cliente`
  ADD CONSTRAINT `cliente_ibfk_1` FOREIGN KEY (`cli_sucursal_fk`) REFERENCES `sucursal` (`suc_id_pk`),
  ADD CONSTRAINT `cliente_ibfk_2` FOREIGN KEY (`cli_comuna_fk`) REFERENCES `comuna` (`com_id_pk`),
  ADD CONSTRAINT `cliente_ibfk_3` FOREIGN KEY (`cli_usuario_fk`) REFERENCES `usuario` (`usu_id_pk`);

--
-- Filtros para la tabla `comuna`
--
ALTER TABLE `comuna`
  ADD CONSTRAINT `comuna_ibfk_1` FOREIGN KEY (`com_provincia_fk`) REFERENCES `provincia` (`pro_id_pk`);

--
-- Filtros para la tabla `contacto`
--
ALTER TABLE `contacto`
  ADD CONSTRAINT `contacto_ibfk_1` FOREIGN KEY (`con_tipo_fk`) REFERENCES `contacto_tipo` (`cti_id_pk`),
  ADD CONSTRAINT `contacto_ibfk_2` FOREIGN KEY (`con_sucursal_fk`) REFERENCES `sucursal` (`suc_id_pk`),
  ADD CONSTRAINT `contacto_ibfk_3` FOREIGN KEY (`con_usuario_fk`) REFERENCES `usuario` (`usu_id_pk`),
  ADD CONSTRAINT `contacto_ibfk_4` FOREIGN KEY (`con_cliente_fk`) REFERENCES `cliente` (`cli_id_pk`);

--
-- Filtros para la tabla `detalle_contrato`
--
ALTER TABLE `detalle_contrato`
  ADD CONSTRAINT `detalle_contrato_ibfk_1` FOREIGN KEY (`dco_venta_fk`) REFERENCES `venta` (`ven_id_pk`),
  ADD CONSTRAINT `detalle_contrato_ibfk_2` FOREIGN KEY (`dco_comuna_fk`) REFERENCES `comuna` (`com_id_pk`),
  ADD CONSTRAINT `detalle_contrato_ibfk_3` FOREIGN KEY (`dco_servicio_fk`) REFERENCES `servicio` (`ser_id_pk`);

--
-- Filtros para la tabla `detcontrato_nn_banno`
--
ALTER TABLE `detcontrato_nn_banno`
  ADD CONSTRAINT `detcontrato_nn_banno_ibfk_1` FOREIGN KEY (`dnnb_banno_fk`) REFERENCES `bannos` (`ban_id_pk`),
  ADD CONSTRAINT `detcontrato_nn_banno_ibfk_2` FOREIGN KEY (`dnnb_detcontrato_fk`) REFERENCES `detalle_contrato` (`dco_id_pk`),
  ADD CONSTRAINT `detcontrato_nn_banno_ibfk_3` FOREIGN KEY (`dnnb_lavamano_fk`) REFERENCES `bannos` (`ban_id_pk`);

--
-- Filtros para la tabla `mantencion`
--
ALTER TABLE `mantencion`
  ADD CONSTRAINT `mantencion_ibfk_1` FOREIGN KEY (`man_ruta_fk`) REFERENCES `ruta` (`rut_id_pk`),
  ADD CONSTRAINT `mantencion_ibfk_2` FOREIGN KEY (`man_nnbanno_fk`) REFERENCES `detcontrato_nn_banno` (`dnnb_id_pk`),
  ADD CONSTRAINT `mantencion_ibfk_3` FOREIGN KEY (`man_usuario_fk`) REFERENCES `usuario` (`usu_id_pk`),
  ADD CONSTRAINT `mantencion_ibfk_4` FOREIGN KEY (`man_detallecontrato_fk`) REFERENCES `detalle_contrato` (`dco_id_pk`);

--
-- Filtros para la tabla `producto`
--
ALTER TABLE `producto`
  ADD CONSTRAINT `producto_ibfk_1` FOREIGN KEY (`pro_sucursal`) REFERENCES `sucursal` (`suc_id_pk`);

--
-- Filtros para la tabla `producto_movimiento`
--
ALTER TABLE `producto_movimiento`
  ADD CONSTRAINT `producto_movimiento_ibfk_1` FOREIGN KEY (`pmo_sucursal_fk`) REFERENCES `sucursal` (`suc_id_pk`),
  ADD CONSTRAINT `producto_movimiento_ibfk_2` FOREIGN KEY (`pmo_usuario_fk`) REFERENCES `usuario` (`usu_id_pk`),
  ADD CONSTRAINT `producto_movimiento_ibfk_3` FOREIGN KEY (`pmo_producto_fk`) REFERENCES `producto` (`pro_id_pk`);

--
-- Filtros para la tabla `provincia`
--
ALTER TABLE `provincia`
  ADD CONSTRAINT `provincia_ibfk_1` FOREIGN KEY (`pro_region_fk`) REFERENCES `region` (`reg_id_pk`);

--
-- Filtros para la tabla `ruta`
--
ALTER TABLE `ruta`
  ADD CONSTRAINT `ruta_ibfk_1` FOREIGN KEY (`rut_detallecontrato_fk`) REFERENCES `detalle_contrato` (`dco_id_pk`),
  ADD CONSTRAINT `ruta_ibfk_2` FOREIGN KEY (`rut_camion_fk`) REFERENCES `camion` (`cam_id_pk`);

--
-- Filtros para la tabla `sucursal`
--
ALTER TABLE `sucursal`
  ADD CONSTRAINT `sucursal_ibfk_1` FOREIGN KEY (`suc_usuario_fk`) REFERENCES `usuario` (`usu_id_pk`),
  ADD CONSTRAINT `sucursal_ibfk_2` FOREIGN KEY (`suc_comuna_fk`) REFERENCES `comuna` (`com_id_pk`);

--
-- Filtros para la tabla `usuario`
--
ALTER TABLE `usuario`
  ADD CONSTRAINT `usuario_ibfk_1` FOREIGN KEY (`usu_comuna_fk`) REFERENCES `comuna` (`com_id_pk`);

--
-- Filtros para la tabla `usuario_log`
--
ALTER TABLE `usuario_log`
  ADD CONSTRAINT `usuario_log_ibfk_1` FOREIGN KEY (`ulo_sucursal_fk`) REFERENCES `sucursal` (`suc_id_pk`),
  ADD CONSTRAINT `usuario_log_ibfk_2` FOREIGN KEY (`ulo_usuario_fk`) REFERENCES `usuario` (`usu_id_pk`);

--
-- Filtros para la tabla `usuario_nn_sucursal`
--
ALTER TABLE `usuario_nn_sucursal`
  ADD CONSTRAINT `usuario_nn_sucursal_ibfk_1` FOREIGN KEY (`unns_sucursal_fk`) REFERENCES `sucursal` (`suc_id_pk`),
  ADD CONSTRAINT `usuario_nn_sucursal_ibfk_2` FOREIGN KEY (`unns_usuario_fk`) REFERENCES `usuario` (`usu_id_pk`);

--
-- Filtros para la tabla `venta`
--
ALTER TABLE `venta`
  ADD CONSTRAINT `venta_ibfk_1` FOREIGN KEY (`ven_usuario_fk`) REFERENCES `usuario` (`usu_id_pk`),
  ADD CONSTRAINT `venta_ibfk_2` FOREIGN KEY (`ven_cliente_fk`) REFERENCES `cliente` (`cli_id_pk`),
  ADD CONSTRAINT `venta_ibfk_3` FOREIGN KEY (`ven_sucursal_fk`) REFERENCES `sucursal` (`suc_id_pk`);

/*!40101 SET CHARACTER_SET_CLIENT=@OLD_CHARACTER_SET_CLIENT */;
/*!40101 SET CHARACTER_SET_RESULTS=@OLD_CHARACTER_SET_RESULTS */;
/*!40101 SET COLLATION_CONNECTION=@OLD_COLLATION_CONNECTION */;
