-- phpMyAdmin SQL Dump
-- version 4.0.10.14
-- http://www.phpmyadmin.net
--
-- Servidor: localhost:3306
-- Tiempo de generación: 08-08-2016 a las 16:32:41
-- Versión del servidor: 5.5.45-cll-lve
-- Versión de PHP: 5.4.31

SET SQL_MODE = "NO_AUTO_VALUE_ON_ZERO";
SET time_zone = "+00:00";


/*!40101 SET @OLD_CHARACTER_SET_CLIENT=@@CHARACTER_SET_CLIENT */;
/*!40101 SET @OLD_CHARACTER_SET_RESULTS=@@CHARACTER_SET_RESULTS */;
/*!40101 SET @OLD_COLLATION_CONNECTION=@@COLLATION_CONNECTION */;
/*!40101 SET NAMES utf8 */;

--
-- Base de datos: `qa_1biosurintranet`
--

-- --------------------------------------------------------

--
-- Estructura de tabla para la tabla `bannos`
--

CREATE TABLE IF NOT EXISTS `bannos` (
  `ban_id_pk` int(10) unsigned zerofill NOT NULL AUTO_INCREMENT,
  `ban_sucursal_fk` int(10) unsigned zerofill DEFAULT NULL,
  `ban_tipo_id` int(10) unsigned zerofill DEFAULT NULL,
  `ban_cliente_fk` int(10) unsigned zerofill DEFAULT NULL COMMENT 'en caso de ser externo',
  `ban_key` varchar(200) DEFAULT NULL COMMENT 'hexadecimal para validar qr',
  `ban_tipo` varchar(2) DEFAULT NULL COMMENT '1: baño-B propio, 2: caseta-C, 3: ducha-D, 4: baño externo-E, 5: lavamanos-L',
  `ban_marca` varchar(100) DEFAULT NULL,
  `ban_modelo` varchar(100) DEFAULT NULL,
  `ban_asignado` int(11) DEFAULT NULL COMMENT '0: no, 1: si',
  `ban_comentario` text,
  `ban_fecharegistro` datetime DEFAULT NULL,
  PRIMARY KEY (`ban_id_pk`),
  KEY `ban_sucursal_fk` (`ban_sucursal_fk`),
  KEY `ban_tipo_id` (`ban_tipo_id`),
  KEY `ban_cliente_fk` (`ban_cliente_fk`)
) ENGINE=InnoDB  DEFAULT CHARSET=latin1 AUTO_INCREMENT=371 ;

--
-- Volcado de datos para la tabla `bannos`
--

INSERT INTO `bannos` (`ban_id_pk`, `ban_sucursal_fk`, `ban_tipo_id`, `ban_cliente_fk`, `ban_key`, `ban_tipo`, `ban_marca`, `ban_modelo`, `ban_asignado`, `ban_comentario`, `ban_fecharegistro`) VALUES
(0000000001, 0000000001, 0000000004, NULL, '$2a$07$jpdeveloperstringforsOk0vkvMOVVB8r722xvEQLXl//e23GFq.', '1', NULL, NULL, 0, NULL, '2016-07-07 18:33:57'),
(0000000002, 0000000001, 0000000004, NULL, '$2a$07$jpdeveloperstringforsOk0vkvMOVVB8r722xvEQLXl//e23GFq.', '1', NULL, NULL, 0, NULL, '2016-07-07 18:34:16'),
(0000000003, 0000000001, 0000000004, NULL, '$2a$07$jpdeveloperstringforsOk0vkvMOVVB8r722xvEQLXl//e23GFq.', '1', NULL, NULL, 0, NULL, '2016-07-07 18:34:19'),
(0000000004, 0000000001, 0000000004, NULL, '$2a$07$jpdeveloperstringforsOk0vkvMOVVB8r722xvEQLXl//e23GFq.', '1', NULL, NULL, 0, NULL, '2016-07-07 18:34:21'),
(0000000005, 0000000001, 0000000004, NULL, '$2a$07$jpdeveloperstringforsOk0vkvMOVVB8r722xvEQLXl//e23GFq.', '1', NULL, NULL, 0, NULL, '2016-07-07 18:34:24'),
(0000000006, 0000000001, 0000000004, NULL, '$2a$07$jpdeveloperstringforsOk0vkvMOVVB8r722xvEQLXl//e23GFq.', '1', NULL, NULL, 0, NULL, '2016-07-07 18:34:26'),
(0000000007, 0000000001, 0000000004, NULL, '$2a$07$jpdeveloperstringforsOk0vkvMOVVB8r722xvEQLXl//e23GFq.', '1', NULL, NULL, 0, NULL, '2016-07-07 18:34:28'),
(0000000008, 0000000001, 0000000004, NULL, '$2a$07$jpdeveloperstringforsOk0vkvMOVVB8r722xvEQLXl//e23GFq.', '1', NULL, NULL, 0, NULL, '2016-07-07 18:34:30'),
(0000000009, 0000000001, 0000000004, NULL, '$2a$07$jpdeveloperstringforsOk0vkvMOVVB8r722xvEQLXl//e23GFq.', '1', NULL, NULL, 0, NULL, '2016-07-07 18:34:33'),
(0000000010, 0000000001, 0000000004, NULL, '$2a$07$jpdeveloperstringforsOk0vkvMOVVB8r722xvEQLXl//e23GFq.', '1', NULL, NULL, 0, NULL, '2016-07-07 18:34:35'),
(0000000011, 0000000001, 0000000004, NULL, '$2a$07$jpdeveloperstringforsOk0vkvMOVVB8r722xvEQLXl//e23GFq.', '1', NULL, NULL, 0, NULL, '2016-07-07 18:34:37'),
(0000000012, 0000000001, 0000000004, NULL, '$2a$07$jpdeveloperstringforsOk0vkvMOVVB8r722xvEQLXl//e23GFq.', '1', NULL, NULL, 0, NULL, '2016-07-07 18:34:39'),
(0000000013, 0000000001, 0000000004, NULL, '$2a$07$jpdeveloperstringforsOk0vkvMOVVB8r722xvEQLXl//e23GFq.', '1', NULL, NULL, 0, NULL, '2016-07-07 18:34:42'),
(0000000014, 0000000001, 0000000004, NULL, '$2a$07$jpdeveloperstringforsOk0vkvMOVVB8r722xvEQLXl//e23GFq.', '1', NULL, NULL, 0, NULL, '2016-07-07 18:34:56'),
(0000000015, 0000000001, 0000000004, NULL, '$2a$07$jpdeveloperstringforsOk0vkvMOVVB8r722xvEQLXl//e23GFq.', '1', NULL, NULL, 0, NULL, '2016-07-07 18:34:59'),
(0000000016, 0000000001, 0000000004, NULL, '$2a$07$jpdeveloperstringforsOk0vkvMOVVB8r722xvEQLXl//e23GFq.', '1', NULL, NULL, 0, NULL, '2016-07-07 18:35:01'),
(0000000017, 0000000001, 0000000004, NULL, '$2a$07$jpdeveloperstringforsOk0vkvMOVVB8r722xvEQLXl//e23GFq.', '1', NULL, NULL, 0, NULL, '2016-07-07 18:35:04'),
(0000000018, 0000000001, 0000000004, NULL, '$2a$07$jpdeveloperstringforsOk0vkvMOVVB8r722xvEQLXl//e23GFq.', '1', NULL, NULL, 0, NULL, '2016-07-07 18:35:06'),
(0000000019, 0000000001, 0000000004, NULL, '$2a$07$jpdeveloperstringforsOk0vkvMOVVB8r722xvEQLXl//e23GFq.', '1', NULL, NULL, 0, NULL, '2016-07-07 18:35:09'),
(0000000020, 0000000001, 0000000004, NULL, '$2a$07$jpdeveloperstringforsOk0vkvMOVVB8r722xvEQLXl//e23GFq.', '1', NULL, NULL, 0, NULL, '2016-07-07 18:35:11'),
(0000000021, 0000000001, 0000000004, NULL, '$2a$07$jpdeveloperstringforsOk0vkvMOVVB8r722xvEQLXl//e23GFq.', '1', NULL, NULL, 0, NULL, '2016-07-07 18:35:14'),
(0000000022, 0000000001, 0000000004, NULL, '$2a$07$jpdeveloperstringforsOk0vkvMOVVB8r722xvEQLXl//e23GFq.', '1', NULL, NULL, 0, NULL, '2016-07-07 18:35:16'),
(0000000023, 0000000001, 0000000004, NULL, '$2a$07$jpdeveloperstringforsOk0vkvMOVVB8r722xvEQLXl//e23GFq.', '1', NULL, NULL, 0, NULL, '2016-07-07 18:35:18'),
(0000000024, 0000000001, 0000000004, NULL, '$2a$07$jpdeveloperstringforsOk0vkvMOVVB8r722xvEQLXl//e23GFq.', '1', NULL, NULL, 0, NULL, '2016-07-07 18:35:20'),
(0000000025, 0000000001, 0000000004, NULL, '$2a$07$jpdeveloperstringforsOk0vkvMOVVB8r722xvEQLXl//e23GFq.', '1', NULL, NULL, 0, NULL, '2016-07-07 18:35:22'),
(0000000026, 0000000001, 0000000004, NULL, '$2a$07$jpdeveloperstringforsOk0vkvMOVVB8r722xvEQLXl//e23GFq.', '1', NULL, NULL, 0, NULL, '2016-07-07 18:35:32'),
(0000000027, 0000000001, 0000000004, NULL, '$2a$07$jpdeveloperstringforsOk0vkvMOVVB8r722xvEQLXl//e23GFq.', '1', NULL, NULL, 0, NULL, '2016-07-07 18:35:35'),
(0000000028, 0000000001, 0000000004, NULL, '$2a$07$jpdeveloperstringforsOk0vkvMOVVB8r722xvEQLXl//e23GFq.', '1', NULL, NULL, 0, NULL, '2016-07-07 18:35:37'),
(0000000029, 0000000001, 0000000004, NULL, '$2a$07$jpdeveloperstringforsOk0vkvMOVVB8r722xvEQLXl//e23GFq.', '1', NULL, NULL, 0, NULL, '2016-07-07 18:35:40'),
(0000000030, 0000000001, 0000000004, NULL, '$2a$07$jpdeveloperstringforsOk0vkvMOVVB8r722xvEQLXl//e23GFq.', '1', NULL, NULL, 0, NULL, '2016-07-07 18:35:42'),
(0000000031, 0000000001, 0000000004, NULL, '$2a$07$jpdeveloperstringforsOk0vkvMOVVB8r722xvEQLXl//e23GFq.', '1', NULL, NULL, 0, NULL, '2016-07-07 18:35:45'),
(0000000032, 0000000001, 0000000004, NULL, '$2a$07$jpdeveloperstringforsOk0vkvMOVVB8r722xvEQLXl//e23GFq.', '1', NULL, NULL, 0, NULL, '2016-07-07 18:35:48'),
(0000000033, 0000000001, 0000000004, NULL, '$2a$07$jpdeveloperstringforsOk0vkvMOVVB8r722xvEQLXl//e23GFq.', '1', NULL, NULL, 0, NULL, '2016-07-07 18:35:50'),
(0000000034, 0000000001, 0000000004, NULL, '$2a$07$jpdeveloperstringforsOk0vkvMOVVB8r722xvEQLXl//e23GFq.', '1', NULL, NULL, 0, NULL, '2016-07-07 18:35:52'),
(0000000035, 0000000001, 0000000004, NULL, '$2a$07$jpdeveloperstringforsOk0vkvMOVVB8r722xvEQLXl//e23GFq.', '1', NULL, NULL, 0, NULL, '2016-07-07 18:35:56'),
(0000000036, 0000000001, 0000000004, NULL, '$2a$07$jpdeveloperstringforsOk0vkvMOVVB8r722xvEQLXl//e23GFq.', '1', NULL, NULL, 0, NULL, '2016-07-07 18:35:59'),
(0000000037, 0000000001, 0000000004, NULL, '$2a$07$jpdeveloperstringforsOk0vkvMOVVB8r722xvEQLXl//e23GFq.', '1', NULL, NULL, 0, NULL, '2016-07-07 18:36:01'),
(0000000038, 0000000001, 0000000004, NULL, '$2a$07$jpdeveloperstringforsOk0vkvMOVVB8r722xvEQLXl//e23GFq.', '1', NULL, NULL, 0, NULL, '2016-07-07 18:36:04'),
(0000000039, 0000000001, 0000000004, NULL, '$2a$07$jpdeveloperstringforsOk0vkvMOVVB8r722xvEQLXl//e23GFq.', '1', NULL, NULL, 0, NULL, '2016-07-07 18:36:06'),
(0000000040, 0000000001, 0000000004, NULL, '$2a$07$jpdeveloperstringforsOk0vkvMOVVB8r722xvEQLXl//e23GFq.', '1', NULL, NULL, 0, NULL, '2016-07-07 18:36:09'),
(0000000041, 0000000001, 0000000004, NULL, '$2a$07$jpdeveloperstringforsOk0vkvMOVVB8r722xvEQLXl//e23GFq.', '1', NULL, NULL, 0, NULL, '2016-07-07 18:36:11'),
(0000000042, 0000000001, 0000000004, NULL, '$2a$07$jpdeveloperstringforsOk0vkvMOVVB8r722xvEQLXl//e23GFq.', '1', NULL, NULL, 0, NULL, '2016-07-07 18:36:14'),
(0000000043, 0000000001, 0000000004, NULL, '$2a$07$jpdeveloperstringforsOk0vkvMOVVB8r722xvEQLXl//e23GFq.', '1', NULL, NULL, 0, NULL, '2016-07-07 18:36:16'),
(0000000044, 0000000001, 0000000004, NULL, '$2a$07$jpdeveloperstringforsOk0vkvMOVVB8r722xvEQLXl//e23GFq.', '1', NULL, NULL, 0, NULL, '2016-07-07 18:36:19'),
(0000000045, 0000000001, 0000000004, NULL, '$2a$07$jpdeveloperstringforsOk0vkvMOVVB8r722xvEQLXl//e23GFq.', '1', NULL, NULL, 0, NULL, '2016-07-07 18:36:21'),
(0000000046, 0000000001, 0000000004, NULL, '$2a$07$jpdeveloperstringforsOk0vkvMOVVB8r722xvEQLXl//e23GFq.', '1', NULL, NULL, 0, NULL, '2016-07-07 18:36:24'),
(0000000047, 0000000001, 0000000004, NULL, '$2a$07$jpdeveloperstringforsOk0vkvMOVVB8r722xvEQLXl//e23GFq.', '1', NULL, NULL, 0, NULL, '2016-07-07 18:36:26'),
(0000000048, 0000000001, 0000000004, NULL, '$2a$07$jpdeveloperstringforsOk0vkvMOVVB8r722xvEQLXl//e23GFq.', '1', NULL, NULL, 0, NULL, '2016-07-07 18:36:29'),
(0000000049, 0000000001, 0000000004, NULL, '$2a$07$jpdeveloperstringforsOk0vkvMOVVB8r722xvEQLXl//e23GFq.', '1', NULL, NULL, 0, NULL, '2016-07-07 18:36:32'),
(0000000050, 0000000001, 0000000004, NULL, '$2a$07$jpdeveloperstringforsOk0vkvMOVVB8r722xvEQLXl//e23GFq.', '1', NULL, NULL, 0, NULL, '2016-07-07 18:36:34'),
(0000000051, 0000000001, 0000000004, NULL, '$2a$07$jpdeveloperstringforsOk0vkvMOVVB8r722xvEQLXl//e23GFq.', '1', NULL, NULL, 0, NULL, '2016-07-07 18:36:37'),
(0000000052, 0000000001, 0000000004, NULL, '$2a$07$jpdeveloperstringforsOk0vkvMOVVB8r722xvEQLXl//e23GFq.', '1', NULL, NULL, 0, NULL, '2016-07-07 18:36:39'),
(0000000053, 0000000001, 0000000004, NULL, '$2a$07$jpdeveloperstringforsOk0vkvMOVVB8r722xvEQLXl//e23GFq.', '1', NULL, NULL, 0, NULL, '2016-07-07 18:36:41'),
(0000000054, 0000000001, 0000000004, NULL, '$2a$07$jpdeveloperstringforsOk0vkvMOVVB8r722xvEQLXl//e23GFq.', '1', NULL, NULL, 0, NULL, '2016-07-07 18:36:44'),
(0000000055, 0000000001, 0000000004, NULL, '$2a$07$jpdeveloperstringforsOk0vkvMOVVB8r722xvEQLXl//e23GFq.', '1', NULL, NULL, 0, NULL, '2016-07-07 18:36:53'),
(0000000056, 0000000001, 0000000004, NULL, '$2a$07$jpdeveloperstringforsOk0vkvMOVVB8r722xvEQLXl//e23GFq.', '1', NULL, NULL, 0, NULL, '2016-07-07 18:36:55'),
(0000000057, 0000000001, 0000000004, NULL, '$2a$07$jpdeveloperstringforsOk0vkvMOVVB8r722xvEQLXl//e23GFq.', '1', NULL, NULL, 0, NULL, '2016-07-07 18:37:10'),
(0000000058, 0000000001, 0000000004, NULL, '$2a$07$jpdeveloperstringforsOk0vkvMOVVB8r722xvEQLXl//e23GFq.', '1', NULL, NULL, 0, NULL, '2016-07-07 18:37:12'),
(0000000059, 0000000001, 0000000004, NULL, '$2a$07$jpdeveloperstringforsOk0vkvMOVVB8r722xvEQLXl//e23GFq.', '1', NULL, NULL, 0, NULL, '2016-07-07 18:37:15'),
(0000000060, 0000000001, 0000000004, NULL, '$2a$07$jpdeveloperstringforsOk0vkvMOVVB8r722xvEQLXl//e23GFq.', '1', NULL, NULL, 0, NULL, '2016-07-07 18:37:18'),
(0000000061, 0000000001, 0000000004, NULL, '$2a$07$jpdeveloperstringforsOk0vkvMOVVB8r722xvEQLXl//e23GFq.', '1', NULL, NULL, 0, NULL, '2016-07-07 18:37:20'),
(0000000062, 0000000001, 0000000004, NULL, '$2a$07$jpdeveloperstringforsOk0vkvMOVVB8r722xvEQLXl//e23GFq.', '1', NULL, NULL, 0, NULL, '2016-07-07 18:37:23'),
(0000000063, 0000000001, 0000000004, NULL, '$2a$07$jpdeveloperstringforsOk0vkvMOVVB8r722xvEQLXl//e23GFq.', '1', NULL, NULL, 0, NULL, '2016-07-07 18:37:29'),
(0000000064, 0000000001, 0000000004, NULL, '$2a$07$jpdeveloperstringforsOk0vkvMOVVB8r722xvEQLXl//e23GFq.', '1', NULL, NULL, 0, NULL, '2016-07-07 18:37:33'),
(0000000065, 0000000001, 0000000004, NULL, '$2a$07$jpdeveloperstringforsOk0vkvMOVVB8r722xvEQLXl//e23GFq.', '1', NULL, NULL, 0, NULL, '2016-07-07 18:37:50'),
(0000000066, 0000000001, 0000000004, NULL, '$2a$07$jpdeveloperstringforsOk0vkvMOVVB8r722xvEQLXl//e23GFq.', '1', NULL, NULL, 0, NULL, '2016-07-07 18:37:55'),
(0000000067, 0000000001, 0000000004, NULL, '$2a$07$jpdeveloperstringforsOk0vkvMOVVB8r722xvEQLXl//e23GFq.', '1', NULL, NULL, 0, NULL, '2016-07-07 18:38:01'),
(0000000068, 0000000001, 0000000004, NULL, '$2a$07$jpdeveloperstringforsOk0vkvMOVVB8r722xvEQLXl//e23GFq.', '1', NULL, NULL, 0, NULL, '2016-07-07 18:38:03'),
(0000000069, 0000000001, 0000000004, NULL, '$2a$07$jpdeveloperstringforsOk0vkvMOVVB8r722xvEQLXl//e23GFq.', '1', NULL, NULL, 0, NULL, '2016-07-07 18:38:08'),
(0000000070, 0000000001, 0000000004, NULL, '$2a$07$jpdeveloperstringforsOk0vkvMOVVB8r722xvEQLXl//e23GFq.', '1', NULL, NULL, 0, NULL, '2016-07-07 18:41:09'),
(0000000071, 0000000001, 0000000004, NULL, '$2a$07$jpdeveloperstringforsOk0vkvMOVVB8r722xvEQLXl//e23GFq.', '1', NULL, NULL, 0, NULL, '2016-07-07 18:41:15'),
(0000000072, 0000000001, 0000000004, NULL, '$2a$07$jpdeveloperstringforsOk0vkvMOVVB8r722xvEQLXl//e23GFq.', '1', NULL, NULL, 0, NULL, '2016-07-07 18:41:17'),
(0000000073, 0000000001, 0000000004, NULL, '$2a$07$jpdeveloperstringforsOk0vkvMOVVB8r722xvEQLXl//e23GFq.', '1', NULL, NULL, 0, NULL, '2016-07-07 18:41:34'),
(0000000074, 0000000001, 0000000004, NULL, '$2a$07$jpdeveloperstringforsOk0vkvMOVVB8r722xvEQLXl//e23GFq.', '1', NULL, NULL, 0, NULL, '2016-07-07 18:41:39'),
(0000000075, 0000000001, 0000000004, NULL, '$2a$07$jpdeveloperstringforsOk0vkvMOVVB8r722xvEQLXl//e23GFq.', '1', NULL, NULL, 0, NULL, '2016-07-07 18:41:43'),
(0000000076, 0000000001, 0000000004, NULL, '$2a$07$jpdeveloperstringforsOk0vkvMOVVB8r722xvEQLXl//e23GFq.', '1', NULL, NULL, 0, NULL, '2016-07-07 18:41:46'),
(0000000077, 0000000001, 0000000004, NULL, '$2a$07$jpdeveloperstringforsOk0vkvMOVVB8r722xvEQLXl//e23GFq.', '1', NULL, NULL, 0, NULL, '2016-07-07 18:41:48'),
(0000000078, 0000000001, 0000000004, NULL, '$2a$07$jpdeveloperstringforsOk0vkvMOVVB8r722xvEQLXl//e23GFq.', '1', NULL, NULL, 0, NULL, '2016-07-07 18:41:51'),
(0000000079, 0000000001, 0000000004, NULL, '$2a$07$jpdeveloperstringforsOk0vkvMOVVB8r722xvEQLXl//e23GFq.', '1', NULL, NULL, 0, NULL, '2016-07-07 18:41:53'),
(0000000080, 0000000001, 0000000004, NULL, '$2a$07$jpdeveloperstringforsOk0vkvMOVVB8r722xvEQLXl//e23GFq.', '1', NULL, NULL, 0, NULL, '2016-07-07 18:41:55'),
(0000000081, 0000000001, 0000000004, NULL, '$2a$07$jpdeveloperstringforsOk0vkvMOVVB8r722xvEQLXl//e23GFq.', '1', NULL, NULL, 0, NULL, '2016-07-07 18:41:57'),
(0000000082, 0000000001, 0000000004, NULL, '$2a$07$jpdeveloperstringforsOk0vkvMOVVB8r722xvEQLXl//e23GFq.', '1', NULL, NULL, 0, NULL, '2016-07-07 18:42:00'),
(0000000083, 0000000001, 0000000004, NULL, '$2a$07$jpdeveloperstringforsOk0vkvMOVVB8r722xvEQLXl//e23GFq.', '1', NULL, NULL, 0, NULL, '2016-07-07 18:42:02'),
(0000000084, 0000000001, 0000000004, NULL, '$2a$07$jpdeveloperstringforsOk0vkvMOVVB8r722xvEQLXl//e23GFq.', '1', NULL, NULL, 0, NULL, '2016-07-07 18:42:05'),
(0000000085, 0000000001, 0000000004, NULL, '$2a$07$jpdeveloperstringforsOk0vkvMOVVB8r722xvEQLXl//e23GFq.', '1', NULL, NULL, 0, NULL, '2016-07-07 18:42:08'),
(0000000086, 0000000001, 0000000004, NULL, '$2a$07$jpdeveloperstringforsOk0vkvMOVVB8r722xvEQLXl//e23GFq.', '1', NULL, NULL, 0, NULL, '2016-07-07 18:42:11'),
(0000000087, 0000000001, 0000000004, NULL, '$2a$07$jpdeveloperstringforsOk0vkvMOVVB8r722xvEQLXl//e23GFq.', '1', NULL, NULL, 0, NULL, '2016-07-07 18:42:13'),
(0000000088, 0000000001, 0000000004, NULL, '$2a$07$jpdeveloperstringforsOk0vkvMOVVB8r722xvEQLXl//e23GFq.', '1', NULL, NULL, 0, NULL, '2016-07-07 18:42:16'),
(0000000089, 0000000001, 0000000004, NULL, '$2a$07$jpdeveloperstringforsOk0vkvMOVVB8r722xvEQLXl//e23GFq.', '1', NULL, NULL, 0, NULL, '2016-07-07 18:42:18'),
(0000000090, 0000000001, 0000000004, NULL, '$2a$07$jpdeveloperstringforsOk0vkvMOVVB8r722xvEQLXl//e23GFq.', '1', NULL, NULL, 0, NULL, '2016-07-07 18:42:25'),
(0000000091, 0000000001, 0000000004, NULL, '$2a$07$jpdeveloperstringforsOk0vkvMOVVB8r722xvEQLXl//e23GFq.', '1', NULL, NULL, 0, NULL, '2016-07-07 18:42:27'),
(0000000092, 0000000001, 0000000004, NULL, '$2a$07$jpdeveloperstringforsOk0vkvMOVVB8r722xvEQLXl//e23GFq.', '1', NULL, NULL, 0, NULL, '2016-07-07 18:42:30'),
(0000000093, 0000000001, 0000000004, NULL, '$2a$07$jpdeveloperstringforsOk0vkvMOVVB8r722xvEQLXl//e23GFq.', '1', NULL, NULL, 0, NULL, '2016-07-07 18:42:32'),
(0000000094, 0000000001, 0000000004, NULL, '$2a$07$jpdeveloperstringforsOk0vkvMOVVB8r722xvEQLXl//e23GFq.', '1', NULL, NULL, 0, NULL, '2016-07-07 18:42:34'),
(0000000095, 0000000001, 0000000004, NULL, '$2a$07$jpdeveloperstringforsOk0vkvMOVVB8r722xvEQLXl//e23GFq.', '1', NULL, NULL, 0, NULL, '2016-07-07 18:42:37'),
(0000000096, 0000000001, 0000000004, NULL, '$2a$07$jpdeveloperstringforsOk0vkvMOVVB8r722xvEQLXl//e23GFq.', '1', NULL, NULL, 0, NULL, '2016-07-07 18:42:40'),
(0000000097, 0000000001, 0000000004, NULL, '$2a$07$jpdeveloperstringforsOk0vkvMOVVB8r722xvEQLXl//e23GFq.', '1', NULL, NULL, 0, NULL, '2016-07-07 18:42:42'),
(0000000098, 0000000001, 0000000004, NULL, '$2a$07$jpdeveloperstringforsOk0vkvMOVVB8r722xvEQLXl//e23GFq.', '1', NULL, NULL, 0, NULL, '2016-07-07 18:42:44'),
(0000000099, 0000000001, 0000000004, NULL, '$2a$07$jpdeveloperstringforsOk0vkvMOVVB8r722xvEQLXl//e23GFq.', '1', NULL, NULL, 0, NULL, '2016-07-07 18:42:46'),
(0000000100, 0000000001, 0000000004, NULL, '$2a$07$jpdeveloperstringforsOk0vkvMOVVB8r722xvEQLXl//e23GFq.', '1', NULL, NULL, 0, NULL, '2016-07-07 18:42:48'),
(0000000101, 0000000001, 0000000004, NULL, '$2a$07$jpdeveloperstringforsOk0vkvMOVVB8r722xvEQLXl//e23GFq.', '1', NULL, NULL, 0, NULL, '2016-07-07 18:42:51'),
(0000000102, 0000000001, 0000000004, NULL, '$2a$07$jpdeveloperstringforsOk0vkvMOVVB8r722xvEQLXl//e23GFq.', '1', NULL, NULL, 0, NULL, '2016-07-07 18:42:53'),
(0000000103, 0000000001, 0000000004, NULL, '$2a$07$jpdeveloperstringforsOk0vkvMOVVB8r722xvEQLXl//e23GFq.', '1', NULL, NULL, 0, NULL, '2016-07-07 18:42:55'),
(0000000104, 0000000001, 0000000004, NULL, '$2a$07$jpdeveloperstringforsOk0vkvMOVVB8r722xvEQLXl//e23GFq.', '1', NULL, NULL, 0, NULL, '2016-07-07 18:42:57'),
(0000000105, 0000000001, 0000000004, NULL, '$2a$07$jpdeveloperstringforsOk0vkvMOVVB8r722xvEQLXl//e23GFq.', '1', NULL, NULL, 0, NULL, '2016-07-07 18:42:59'),
(0000000106, 0000000001, 0000000004, NULL, '$2a$07$jpdeveloperstringforsOk0vkvMOVVB8r722xvEQLXl//e23GFq.', '1', NULL, NULL, 0, NULL, '2016-07-07 18:43:02'),
(0000000107, 0000000001, 0000000004, NULL, '$2a$07$jpdeveloperstringforsOk0vkvMOVVB8r722xvEQLXl//e23GFq.', '1', NULL, NULL, 0, NULL, '2016-07-07 18:43:05'),
(0000000108, 0000000001, 0000000004, NULL, '$2a$07$jpdeveloperstringforsOk0vkvMOVVB8r722xvEQLXl//e23GFq.', '1', NULL, NULL, 0, NULL, '2016-07-07 18:43:10'),
(0000000109, 0000000001, 0000000004, NULL, '$2a$07$jpdeveloperstringforsOk0vkvMOVVB8r722xvEQLXl//e23GFq.', '1', NULL, NULL, 0, NULL, '2016-07-07 18:43:12'),
(0000000110, 0000000001, 0000000004, NULL, '$2a$07$jpdeveloperstringforsOk0vkvMOVVB8r722xvEQLXl//e23GFq.', '1', NULL, NULL, 0, NULL, '2016-07-07 18:43:14'),
(0000000111, 0000000001, 0000000004, NULL, '$2a$07$jpdeveloperstringforsOk0vkvMOVVB8r722xvEQLXl//e23GFq.', '1', NULL, NULL, 0, NULL, '2016-07-07 18:43:16'),
(0000000112, 0000000001, 0000000004, NULL, '$2a$07$jpdeveloperstringforsOk0vkvMOVVB8r722xvEQLXl//e23GFq.', '1', NULL, NULL, 0, NULL, '2016-07-07 18:43:19'),
(0000000113, 0000000001, 0000000004, NULL, '$2a$07$jpdeveloperstringforsOk0vkvMOVVB8r722xvEQLXl//e23GFq.', '1', NULL, NULL, 0, NULL, '2016-07-07 18:43:21'),
(0000000114, 0000000001, 0000000004, NULL, '$2a$07$jpdeveloperstringforsOk0vkvMOVVB8r722xvEQLXl//e23GFq.', '1', NULL, NULL, 0, NULL, '2016-07-07 18:43:24'),
(0000000115, 0000000001, 0000000004, NULL, '$2a$07$jpdeveloperstringforsOk0vkvMOVVB8r722xvEQLXl//e23GFq.', '1', NULL, NULL, 0, NULL, '2016-07-07 18:43:32'),
(0000000116, 0000000001, 0000000004, NULL, '$2a$07$jpdeveloperstringforsOk0vkvMOVVB8r722xvEQLXl//e23GFq.', '1', NULL, NULL, 0, NULL, '2016-07-07 18:43:36'),
(0000000117, 0000000001, 0000000004, NULL, '$2a$07$jpdeveloperstringforsOk0vkvMOVVB8r722xvEQLXl//e23GFq.', '1', NULL, NULL, 0, NULL, '2016-07-07 18:43:41'),
(0000000118, 0000000001, 0000000004, NULL, '$2a$07$jpdeveloperstringforsOk0vkvMOVVB8r722xvEQLXl//e23GFq.', '1', NULL, NULL, 0, NULL, '2016-07-07 18:43:44'),
(0000000119, 0000000001, 0000000004, NULL, '$2a$07$jpdeveloperstringforsOk0vkvMOVVB8r722xvEQLXl//e23GFq.', '1', NULL, NULL, 0, NULL, '2016-07-07 18:43:46'),
(0000000120, 0000000001, 0000000004, NULL, '$2a$07$jpdeveloperstringforsOk0vkvMOVVB8r722xvEQLXl//e23GFq.', '1', NULL, NULL, 0, NULL, '2016-07-07 18:43:49'),
(0000000121, 0000000001, 0000000004, NULL, '$2a$07$jpdeveloperstringforsOk0vkvMOVVB8r722xvEQLXl//e23GFq.', '1', NULL, NULL, 0, NULL, '2016-07-07 18:43:52'),
(0000000122, 0000000001, 0000000004, NULL, '$2a$07$jpdeveloperstringforsOk0vkvMOVVB8r722xvEQLXl//e23GFq.', '1', NULL, NULL, 0, NULL, '2016-07-07 18:43:54'),
(0000000123, 0000000001, 0000000004, NULL, '$2a$07$jpdeveloperstringforsOk0vkvMOVVB8r722xvEQLXl//e23GFq.', '1', NULL, NULL, 0, NULL, '2016-07-07 18:43:56'),
(0000000124, 0000000001, 0000000004, NULL, '$2a$07$jpdeveloperstringforsOk0vkvMOVVB8r722xvEQLXl//e23GFq.', '1', NULL, NULL, 0, NULL, '2016-07-07 18:43:59'),
(0000000125, 0000000001, 0000000004, NULL, '$2a$07$jpdeveloperstringforsOk0vkvMOVVB8r722xvEQLXl//e23GFq.', '1', NULL, NULL, 0, NULL, '2016-07-07 18:44:01'),
(0000000126, 0000000001, 0000000004, NULL, '$2a$07$jpdeveloperstringforsOk0vkvMOVVB8r722xvEQLXl//e23GFq.', '1', NULL, NULL, 0, NULL, '2016-07-07 18:44:03'),
(0000000127, 0000000001, 0000000004, NULL, '$2a$07$jpdeveloperstringforsOk0vkvMOVVB8r722xvEQLXl//e23GFq.', '1', NULL, NULL, 0, NULL, '2016-07-07 18:44:05'),
(0000000128, 0000000001, 0000000004, NULL, '$2a$07$jpdeveloperstringforsOk0vkvMOVVB8r722xvEQLXl//e23GFq.', '1', NULL, NULL, 0, NULL, '2016-07-07 18:44:07'),
(0000000129, 0000000001, 0000000004, NULL, '$2a$07$jpdeveloperstringforsOk0vkvMOVVB8r722xvEQLXl//e23GFq.', '1', NULL, NULL, 0, NULL, '2016-07-07 18:44:09'),
(0000000130, 0000000001, 0000000004, NULL, '$2a$07$jpdeveloperstringforsOk0vkvMOVVB8r722xvEQLXl//e23GFq.', '1', NULL, NULL, 0, NULL, '2016-07-07 18:44:09'),
(0000000131, 0000000001, 0000000004, NULL, '$2a$07$jpdeveloperstringforsOk0vkvMOVVB8r722xvEQLXl//e23GFq.', '1', NULL, NULL, 0, NULL, '2016-07-07 18:44:11'),
(0000000132, 0000000001, 0000000004, NULL, '$2a$07$jpdeveloperstringforsOk0vkvMOVVB8r722xvEQLXl//e23GFq.', '1', NULL, NULL, 0, NULL, '2016-07-07 18:44:13'),
(0000000133, 0000000001, 0000000004, NULL, '$2a$07$jpdeveloperstringforsOk0vkvMOVVB8r722xvEQLXl//e23GFq.', '1', NULL, NULL, 0, NULL, '2016-07-07 18:44:15'),
(0000000134, 0000000001, 0000000004, NULL, '$2a$07$jpdeveloperstringforsOk0vkvMOVVB8r722xvEQLXl//e23GFq.', '1', NULL, NULL, 0, NULL, '2016-07-07 18:44:18'),
(0000000135, 0000000001, 0000000004, NULL, '$2a$07$jpdeveloperstringforsOk0vkvMOVVB8r722xvEQLXl//e23GFq.', '1', NULL, NULL, 0, NULL, '2016-07-07 18:44:20'),
(0000000136, 0000000001, 0000000004, NULL, '$2a$07$jpdeveloperstringforsOk0vkvMOVVB8r722xvEQLXl//e23GFq.', '1', NULL, NULL, 0, NULL, '2016-07-07 18:44:22'),
(0000000137, 0000000001, 0000000004, NULL, '$2a$07$jpdeveloperstringforsOk0vkvMOVVB8r722xvEQLXl//e23GFq.', '1', NULL, NULL, 0, NULL, '2016-07-07 18:44:24'),
(0000000138, 0000000001, 0000000004, NULL, '$2a$07$jpdeveloperstringforsOk0vkvMOVVB8r722xvEQLXl//e23GFq.', '1', NULL, NULL, 0, NULL, '2016-07-07 18:44:25'),
(0000000139, 0000000001, 0000000004, NULL, '$2a$07$jpdeveloperstringforsOk0vkvMOVVB8r722xvEQLXl//e23GFq.', '1', NULL, NULL, 0, NULL, '2016-07-07 18:44:27'),
(0000000140, 0000000001, 0000000004, NULL, '$2a$07$jpdeveloperstringforsOk0vkvMOVVB8r722xvEQLXl//e23GFq.', '1', NULL, NULL, 0, NULL, '2016-07-07 18:44:32'),
(0000000141, 0000000001, 0000000004, NULL, '$2a$07$jpdeveloperstringforsOk0vkvMOVVB8r722xvEQLXl//e23GFq.', '1', NULL, NULL, 0, NULL, '2016-07-07 18:44:34'),
(0000000142, 0000000001, 0000000004, NULL, '$2a$07$jpdeveloperstringforsOk0vkvMOVVB8r722xvEQLXl//e23GFq.', '1', NULL, NULL, 0, NULL, '2016-07-07 18:44:36'),
(0000000143, 0000000001, 0000000004, NULL, '$2a$07$jpdeveloperstringforsOk0vkvMOVVB8r722xvEQLXl//e23GFq.', '1', NULL, NULL, 0, NULL, '2016-07-07 18:44:38'),
(0000000144, 0000000001, 0000000004, NULL, '$2a$07$jpdeveloperstringforsOk0vkvMOVVB8r722xvEQLXl//e23GFq.', '1', NULL, NULL, 0, NULL, '2016-07-07 18:44:40'),
(0000000145, 0000000001, 0000000004, NULL, '$2a$07$jpdeveloperstringforsOk0vkvMOVVB8r722xvEQLXl//e23GFq.', '1', NULL, NULL, 0, NULL, '2016-07-07 18:44:43'),
(0000000146, 0000000001, 0000000004, NULL, '$2a$07$jpdeveloperstringforsOk0vkvMOVVB8r722xvEQLXl//e23GFq.', '1', NULL, NULL, 0, NULL, '2016-07-07 18:44:45'),
(0000000147, 0000000001, 0000000004, NULL, '$2a$07$jpdeveloperstringforsOk0vkvMOVVB8r722xvEQLXl//e23GFq.', '1', NULL, NULL, 0, NULL, '2016-07-07 18:44:47'),
(0000000148, 0000000001, 0000000004, NULL, '$2a$07$jpdeveloperstringforsOk0vkvMOVVB8r722xvEQLXl//e23GFq.', '1', NULL, NULL, 0, NULL, '2016-07-07 18:44:49'),
(0000000149, 0000000001, 0000000004, NULL, '$2a$07$jpdeveloperstringforsOk0vkvMOVVB8r722xvEQLXl//e23GFq.', '1', NULL, NULL, 0, NULL, '2016-07-07 18:44:52'),
(0000000150, 0000000001, 0000000004, NULL, '$2a$07$jpdeveloperstringforsOk0vkvMOVVB8r722xvEQLXl//e23GFq.', '1', NULL, NULL, 0, NULL, '2016-07-07 18:44:54'),
(0000000151, 0000000001, 0000000004, NULL, '$2a$07$jpdeveloperstringforsOk0vkvMOVVB8r722xvEQLXl//e23GFq.', '1', NULL, NULL, 0, NULL, '2016-07-07 18:44:58'),
(0000000152, 0000000001, 0000000004, NULL, '$2a$07$jpdeveloperstringforsOk0vkvMOVVB8r722xvEQLXl//e23GFq.', '1', NULL, NULL, 0, NULL, '2016-07-07 18:45:02'),
(0000000153, 0000000001, 0000000004, NULL, '$2a$07$jpdeveloperstringforsOk0vkvMOVVB8r722xvEQLXl//e23GFq.', '1', NULL, NULL, 0, NULL, '2016-07-07 18:45:05'),
(0000000154, 0000000001, 0000000004, NULL, '$2a$07$jpdeveloperstringforsOk0vkvMOVVB8r722xvEQLXl//e23GFq.', '1', NULL, NULL, 0, NULL, '2016-07-07 18:45:12'),
(0000000155, 0000000001, 0000000004, NULL, '$2a$07$jpdeveloperstringforsOk0vkvMOVVB8r722xvEQLXl//e23GFq.', '1', NULL, NULL, 0, NULL, '2016-07-07 18:45:13'),
(0000000156, 0000000001, 0000000004, NULL, '$2a$07$jpdeveloperstringforsOk0vkvMOVVB8r722xvEQLXl//e23GFq.', '1', NULL, NULL, 0, NULL, '2016-07-07 18:45:16'),
(0000000157, 0000000001, 0000000004, NULL, '$2a$07$jpdeveloperstringforsOk0vkvMOVVB8r722xvEQLXl//e23GFq.', '1', NULL, NULL, 0, NULL, '2016-07-07 18:45:18'),
(0000000158, 0000000001, 0000000004, NULL, '$2a$07$jpdeveloperstringforsOk0vkvMOVVB8r722xvEQLXl//e23GFq.', '1', NULL, NULL, 0, NULL, '2016-07-07 18:45:22'),
(0000000159, 0000000001, 0000000004, NULL, '$2a$07$jpdeveloperstringforsOk0vkvMOVVB8r722xvEQLXl//e23GFq.', '1', NULL, NULL, 0, NULL, '2016-07-07 18:45:25'),
(0000000160, 0000000001, 0000000004, NULL, '$2a$07$jpdeveloperstringforsOk0vkvMOVVB8r722xvEQLXl//e23GFq.', '1', NULL, NULL, 0, NULL, '2016-07-07 18:45:29'),
(0000000161, 0000000001, 0000000004, NULL, '$2a$07$jpdeveloperstringforsOk0vkvMOVVB8r722xvEQLXl//e23GFq.', '1', NULL, NULL, 0, NULL, '2016-07-07 18:45:31'),
(0000000162, 0000000001, 0000000004, NULL, '$2a$07$jpdeveloperstringforsOk0vkvMOVVB8r722xvEQLXl//e23GFq.', '1', NULL, NULL, 0, NULL, '2016-07-07 18:45:34'),
(0000000163, 0000000001, 0000000004, NULL, '$2a$07$jpdeveloperstringforsOk0vkvMOVVB8r722xvEQLXl//e23GFq.', '1', NULL, NULL, 0, NULL, '2016-07-07 18:45:36'),
(0000000164, 0000000001, 0000000004, NULL, '$2a$07$jpdeveloperstringforsOk0vkvMOVVB8r722xvEQLXl//e23GFq.', '1', NULL, NULL, 0, NULL, '2016-07-07 18:45:38'),
(0000000165, 0000000001, 0000000004, NULL, '$2a$07$jpdeveloperstringforsOk0vkvMOVVB8r722xvEQLXl//e23GFq.', '1', NULL, NULL, 0, NULL, '2016-07-07 18:45:40'),
(0000000166, 0000000001, 0000000004, NULL, '$2a$07$jpdeveloperstringforsOk0vkvMOVVB8r722xvEQLXl//e23GFq.', '1', NULL, NULL, 0, NULL, '2016-07-07 18:45:42'),
(0000000167, 0000000001, 0000000004, NULL, '$2a$07$jpdeveloperstringforsOk0vkvMOVVB8r722xvEQLXl//e23GFq.', '1', NULL, NULL, 0, NULL, '2016-07-07 18:45:44'),
(0000000168, 0000000001, 0000000004, NULL, '$2a$07$jpdeveloperstringforsOk0vkvMOVVB8r722xvEQLXl//e23GFq.', '1', NULL, NULL, 0, NULL, '2016-07-07 18:45:47'),
(0000000169, 0000000001, 0000000004, NULL, '$2a$07$jpdeveloperstringforsOk0vkvMOVVB8r722xvEQLXl//e23GFq.', '1', NULL, NULL, 0, NULL, '2016-07-07 18:45:49'),
(0000000170, 0000000001, 0000000004, NULL, '$2a$07$jpdeveloperstringforsOk0vkvMOVVB8r722xvEQLXl//e23GFq.', '1', NULL, NULL, 0, NULL, '2016-07-07 18:45:52'),
(0000000171, 0000000001, 0000000004, NULL, '$2a$07$jpdeveloperstringforsOk0vkvMOVVB8r722xvEQLXl//e23GFq.', '1', NULL, NULL, 0, NULL, '2016-07-07 18:45:58'),
(0000000172, 0000000001, 0000000004, NULL, '$2a$07$jpdeveloperstringforsOk0vkvMOVVB8r722xvEQLXl//e23GFq.', '1', NULL, NULL, 0, NULL, '2016-07-07 18:46:01'),
(0000000173, 0000000001, 0000000004, NULL, '$2a$07$jpdeveloperstringforsOk0vkvMOVVB8r722xvEQLXl//e23GFq.', '1', NULL, NULL, 0, NULL, '2016-07-07 18:46:03'),
(0000000174, 0000000001, 0000000004, NULL, '$2a$07$jpdeveloperstringforsOk0vkvMOVVB8r722xvEQLXl//e23GFq.', '1', NULL, NULL, 0, NULL, '2016-07-07 18:46:05'),
(0000000175, 0000000001, 0000000004, NULL, '$2a$07$jpdeveloperstringforsOk0vkvMOVVB8r722xvEQLXl//e23GFq.', '1', NULL, NULL, 0, NULL, '2016-07-07 18:46:07'),
(0000000176, 0000000001, 0000000004, NULL, '$2a$07$jpdeveloperstringforsOk0vkvMOVVB8r722xvEQLXl//e23GFq.', '1', NULL, NULL, 0, NULL, '2016-07-07 18:46:09'),
(0000000177, 0000000001, 0000000004, NULL, '$2a$07$jpdeveloperstringforsOk0vkvMOVVB8r722xvEQLXl//e23GFq.', '1', NULL, NULL, 0, NULL, '2016-07-07 18:46:11'),
(0000000178, 0000000001, 0000000004, NULL, '$2a$07$jpdeveloperstringforsOk0vkvMOVVB8r722xvEQLXl//e23GFq.', '1', NULL, NULL, 0, NULL, '2016-07-07 18:46:13'),
(0000000179, 0000000001, 0000000004, NULL, '$2a$07$jpdeveloperstringforsOk0vkvMOVVB8r722xvEQLXl//e23GFq.', '1', NULL, NULL, 0, NULL, '2016-07-07 18:46:16'),
(0000000180, 0000000001, 0000000004, NULL, '$2a$07$jpdeveloperstringforsOk0vkvMOVVB8r722xvEQLXl//e23GFq.', '1', NULL, NULL, 0, NULL, '2016-07-07 18:46:18'),
(0000000181, 0000000001, 0000000004, NULL, '$2a$07$jpdeveloperstringforsOk0vkvMOVVB8r722xvEQLXl//e23GFq.', '1', NULL, NULL, 0, NULL, '2016-07-07 18:46:20'),
(0000000182, 0000000001, 0000000004, NULL, '$2a$07$jpdeveloperstringforsOk0vkvMOVVB8r722xvEQLXl//e23GFq.', '1', NULL, NULL, 0, NULL, '2016-07-07 18:46:22'),
(0000000183, 0000000001, 0000000004, NULL, '$2a$07$jpdeveloperstringforsOk0vkvMOVVB8r722xvEQLXl//e23GFq.', '1', NULL, NULL, 0, NULL, '2016-07-07 18:46:25'),
(0000000184, 0000000001, 0000000004, NULL, '$2a$07$jpdeveloperstringforsOk0vkvMOVVB8r722xvEQLXl//e23GFq.', '1', NULL, NULL, 0, NULL, '2016-07-07 18:46:27'),
(0000000185, 0000000001, 0000000004, NULL, '$2a$07$jpdeveloperstringforsOk0vkvMOVVB8r722xvEQLXl//e23GFq.', '1', NULL, NULL, 0, NULL, '2016-07-07 18:46:29'),
(0000000186, 0000000001, 0000000004, NULL, '$2a$07$jpdeveloperstringforsOk0vkvMOVVB8r722xvEQLXl//e23GFq.', '1', NULL, NULL, 0, NULL, '2016-07-07 18:46:32'),
(0000000187, 0000000001, 0000000004, NULL, '$2a$07$jpdeveloperstringforsOk0vkvMOVVB8r722xvEQLXl//e23GFq.', '1', NULL, NULL, 0, NULL, '2016-07-07 18:46:35'),
(0000000188, 0000000001, 0000000004, NULL, '$2a$07$jpdeveloperstringforsOk0vkvMOVVB8r722xvEQLXl//e23GFq.', '1', NULL, NULL, 0, NULL, '2016-07-07 18:46:37'),
(0000000189, 0000000001, 0000000004, NULL, '$2a$07$jpdeveloperstringforsOk0vkvMOVVB8r722xvEQLXl//e23GFq.', '1', NULL, NULL, 0, NULL, '2016-07-07 18:46:40'),
(0000000190, 0000000001, 0000000004, NULL, '$2a$07$jpdeveloperstringforsOk0vkvMOVVB8r722xvEQLXl//e23GFq.', '1', NULL, NULL, 0, NULL, '2016-07-07 18:46:42'),
(0000000191, 0000000001, 0000000004, NULL, '$2a$07$jpdeveloperstringforsOk0vkvMOVVB8r722xvEQLXl//e23GFq.', '1', NULL, NULL, 0, NULL, '2016-07-07 18:46:44'),
(0000000192, 0000000001, 0000000004, NULL, '$2a$07$jpdeveloperstringforsOk0vkvMOVVB8r722xvEQLXl//e23GFq.', '1', NULL, NULL, 0, NULL, '2016-07-07 18:46:46'),
(0000000193, 0000000001, 0000000004, NULL, '$2a$07$jpdeveloperstringforsOk0vkvMOVVB8r722xvEQLXl//e23GFq.', '1', NULL, NULL, 0, NULL, '2016-07-07 18:46:49'),
(0000000194, 0000000001, 0000000004, NULL, '$2a$07$jpdeveloperstringforsOk0vkvMOVVB8r722xvEQLXl//e23GFq.', '1', NULL, NULL, 0, NULL, '2016-07-07 18:46:51'),
(0000000195, 0000000001, 0000000004, NULL, '$2a$07$jpdeveloperstringforsOk0vkvMOVVB8r722xvEQLXl//e23GFq.', '1', NULL, NULL, 0, NULL, '2016-07-07 18:46:54'),
(0000000196, 0000000001, 0000000004, NULL, '$2a$07$jpdeveloperstringforsOk0vkvMOVVB8r722xvEQLXl//e23GFq.', '1', NULL, NULL, 0, NULL, '2016-07-07 18:46:56'),
(0000000197, 0000000001, 0000000004, NULL, '$2a$07$jpdeveloperstringforsOk0vkvMOVVB8r722xvEQLXl//e23GFq.', '1', NULL, NULL, 0, NULL, '2016-07-07 18:46:59'),
(0000000198, 0000000001, 0000000004, NULL, '$2a$07$jpdeveloperstringforsOk0vkvMOVVB8r722xvEQLXl//e23GFq.', '1', NULL, NULL, 0, NULL, '2016-07-07 18:47:01'),
(0000000199, 0000000001, 0000000004, NULL, '$2a$07$jpdeveloperstringforsOk0vkvMOVVB8r722xvEQLXl//e23GFq.', '1', NULL, NULL, 0, NULL, '2016-07-07 18:47:04'),
(0000000200, 0000000001, 0000000004, NULL, '$2a$07$jpdeveloperstringforsOk0vkvMOVVB8r722xvEQLXl//e23GFq.', '1', NULL, NULL, 0, NULL, '2016-07-07 18:47:06'),
(0000000201, 0000000001, 0000000004, NULL, '$2a$07$jpdeveloperstringforsOk0vkvMOVVB8r722xvEQLXl//e23GFq.', '1', NULL, NULL, 0, NULL, '2016-07-07 18:47:08'),
(0000000202, 0000000001, 0000000004, NULL, '$2a$07$jpdeveloperstringforsOk0vkvMOVVB8r722xvEQLXl//e23GFq.', '1', NULL, NULL, 0, NULL, '2016-07-07 18:47:10'),
(0000000203, 0000000001, 0000000004, NULL, '$2a$07$jpdeveloperstringforsOk0vkvMOVVB8r722xvEQLXl//e23GFq.', '1', NULL, NULL, 0, NULL, '2016-07-07 18:47:13'),
(0000000204, 0000000001, 0000000004, NULL, '$2a$07$jpdeveloperstringforsOk0vkvMOVVB8r722xvEQLXl//e23GFq.', '1', NULL, NULL, 0, NULL, '2016-07-07 18:47:15'),
(0000000205, 0000000001, 0000000004, NULL, '$2a$07$jpdeveloperstringforsOk0vkvMOVVB8r722xvEQLXl//e23GFq.', '1', NULL, NULL, 0, NULL, '2016-07-07 18:47:17'),
(0000000206, 0000000001, 0000000004, NULL, '$2a$07$jpdeveloperstringforsOk0vkvMOVVB8r722xvEQLXl//e23GFq.', '1', NULL, NULL, 0, NULL, '2016-07-07 18:47:19'),
(0000000207, 0000000001, 0000000004, NULL, '$2a$07$jpdeveloperstringforsOk0vkvMOVVB8r722xvEQLXl//e23GFq.', '1', NULL, NULL, 0, NULL, '2016-07-07 18:47:22'),
(0000000208, 0000000001, 0000000004, NULL, '$2a$07$jpdeveloperstringforsOk0vkvMOVVB8r722xvEQLXl//e23GFq.', '1', NULL, NULL, 0, NULL, '2016-07-07 18:47:24'),
(0000000209, 0000000001, 0000000004, NULL, '$2a$07$jpdeveloperstringforsOk0vkvMOVVB8r722xvEQLXl//e23GFq.', '1', NULL, NULL, 0, NULL, '2016-07-07 18:47:26'),
(0000000210, 0000000001, 0000000004, NULL, '$2a$07$jpdeveloperstringforsOk0vkvMOVVB8r722xvEQLXl//e23GFq.', '1', NULL, NULL, 0, NULL, '2016-07-07 18:47:28'),
(0000000211, 0000000001, 0000000004, NULL, '$2a$07$jpdeveloperstringforsOk0vkvMOVVB8r722xvEQLXl//e23GFq.', '1', NULL, NULL, 0, NULL, '2016-07-07 18:47:31'),
(0000000212, 0000000001, 0000000004, NULL, '$2a$07$jpdeveloperstringforsOk0vkvMOVVB8r722xvEQLXl//e23GFq.', '1', NULL, NULL, 0, NULL, '2016-07-07 18:47:33'),
(0000000213, 0000000001, 0000000004, NULL, '$2a$07$jpdeveloperstringforsOk0vkvMOVVB8r722xvEQLXl//e23GFq.', '1', NULL, NULL, 0, NULL, '2016-07-07 18:47:35'),
(0000000214, 0000000001, 0000000004, NULL, '$2a$07$jpdeveloperstringforsOk0vkvMOVVB8r722xvEQLXl//e23GFq.', '1', NULL, NULL, 0, NULL, '2016-07-07 18:47:37'),
(0000000215, 0000000001, 0000000004, NULL, '$2a$07$jpdeveloperstringforsOk0vkvMOVVB8r722xvEQLXl//e23GFq.', '1', NULL, NULL, 0, NULL, '2016-07-07 18:47:39'),
(0000000216, 0000000001, 0000000004, NULL, '$2a$07$jpdeveloperstringforsOk0vkvMOVVB8r722xvEQLXl//e23GFq.', '1', NULL, NULL, 0, NULL, '2016-07-07 18:47:41'),
(0000000217, 0000000001, 0000000004, NULL, '$2a$07$jpdeveloperstringforsOk0vkvMOVVB8r722xvEQLXl//e23GFq.', '1', NULL, NULL, 0, NULL, '2016-07-07 18:47:43'),
(0000000218, 0000000001, 0000000004, NULL, '$2a$07$jpdeveloperstringforsOk0vkvMOVVB8r722xvEQLXl//e23GFq.', '1', NULL, NULL, 0, NULL, '2016-07-07 18:47:46'),
(0000000219, 0000000001, 0000000004, NULL, '$2a$07$jpdeveloperstringforsOk0vkvMOVVB8r722xvEQLXl//e23GFq.', '1', NULL, NULL, 0, NULL, '2016-07-07 18:47:48'),
(0000000220, 0000000001, 0000000004, NULL, '$2a$07$jpdeveloperstringforsOk0vkvMOVVB8r722xvEQLXl//e23GFq.', '1', NULL, NULL, 0, NULL, '2016-07-07 18:47:50'),
(0000000221, 0000000001, 0000000004, NULL, '$2a$07$jpdeveloperstringforsOk0vkvMOVVB8r722xvEQLXl//e23GFq.', '1', NULL, NULL, 0, NULL, '2016-07-07 18:47:52'),
(0000000222, 0000000001, 0000000004, NULL, '$2a$07$jpdeveloperstringforsOk0vkvMOVVB8r722xvEQLXl//e23GFq.', '1', NULL, NULL, 0, NULL, '2016-07-07 18:47:54'),
(0000000223, 0000000001, 0000000004, NULL, '$2a$07$jpdeveloperstringforsOk0vkvMOVVB8r722xvEQLXl//e23GFq.', '1', NULL, NULL, 0, NULL, '2016-07-07 18:47:57'),
(0000000224, 0000000001, 0000000004, NULL, '$2a$07$jpdeveloperstringforsOk0vkvMOVVB8r722xvEQLXl//e23GFq.', '1', NULL, NULL, 0, NULL, '2016-07-07 18:47:59'),
(0000000225, 0000000001, 0000000004, NULL, '$2a$07$jpdeveloperstringforsOk0vkvMOVVB8r722xvEQLXl//e23GFq.', '1', NULL, NULL, 0, NULL, '2016-07-07 18:48:01'),
(0000000226, 0000000001, 0000000004, NULL, '$2a$07$jpdeveloperstringforsOk0vkvMOVVB8r722xvEQLXl//e23GFq.', '1', NULL, NULL, 0, NULL, '2016-07-07 18:48:04'),
(0000000227, 0000000001, 0000000004, NULL, '$2a$07$jpdeveloperstringforsOk0vkvMOVVB8r722xvEQLXl//e23GFq.', '1', NULL, NULL, 0, NULL, '2016-07-07 18:48:06'),
(0000000228, 0000000001, 0000000004, NULL, '$2a$07$jpdeveloperstringforsOk0vkvMOVVB8r722xvEQLXl//e23GFq.', '1', NULL, NULL, 0, NULL, '2016-07-07 18:48:11'),
(0000000229, 0000000001, 0000000004, NULL, '$2a$07$jpdeveloperstringforsOk0vkvMOVVB8r722xvEQLXl//e23GFq.', '1', NULL, NULL, 0, NULL, '2016-07-07 18:48:14'),
(0000000230, 0000000001, 0000000004, NULL, '$2a$07$jpdeveloperstringforsOk0vkvMOVVB8r722xvEQLXl//e23GFq.', '1', NULL, NULL, 0, NULL, '2016-07-07 18:48:16'),
(0000000231, 0000000001, 0000000004, NULL, '$2a$07$jpdeveloperstringforsOk0vkvMOVVB8r722xvEQLXl//e23GFq.', '1', NULL, NULL, 0, NULL, '2016-07-07 18:48:18'),
(0000000232, 0000000001, 0000000004, NULL, '$2a$07$jpdeveloperstringforsOk0vkvMOVVB8r722xvEQLXl//e23GFq.', '1', NULL, NULL, 0, NULL, '2016-07-07 18:48:21'),
(0000000233, 0000000001, 0000000004, NULL, '$2a$07$jpdeveloperstringforsOk0vkvMOVVB8r722xvEQLXl//e23GFq.', '1', NULL, NULL, 0, NULL, '2016-07-07 18:48:23'),
(0000000234, 0000000001, 0000000004, NULL, '$2a$07$jpdeveloperstringforsOk0vkvMOVVB8r722xvEQLXl//e23GFq.', '1', NULL, NULL, 0, NULL, '2016-07-07 18:48:27'),
(0000000235, 0000000001, 0000000004, NULL, '$2a$07$jpdeveloperstringforsOk0vkvMOVVB8r722xvEQLXl//e23GFq.', '1', NULL, NULL, 0, NULL, '2016-07-07 18:48:29'),
(0000000236, 0000000001, 0000000004, NULL, '$2a$07$jpdeveloperstringforsOk0vkvMOVVB8r722xvEQLXl//e23GFq.', '1', NULL, NULL, 0, NULL, '2016-07-07 18:48:31'),
(0000000237, 0000000001, 0000000004, NULL, '$2a$07$jpdeveloperstringforsOk0vkvMOVVB8r722xvEQLXl//e23GFq.', '1', NULL, NULL, 0, NULL, '2016-07-07 18:48:34'),
(0000000238, 0000000001, 0000000004, NULL, '$2a$07$jpdeveloperstringforsOk0vkvMOVVB8r722xvEQLXl//e23GFq.', '1', NULL, NULL, 0, NULL, '2016-07-07 18:48:36'),
(0000000239, 0000000001, 0000000004, NULL, '$2a$07$jpdeveloperstringforsOk0vkvMOVVB8r722xvEQLXl//e23GFq.', '1', NULL, NULL, 0, NULL, '2016-07-07 18:48:41'),
(0000000240, 0000000001, 0000000004, NULL, '$2a$07$jpdeveloperstringforsOk0vkvMOVVB8r722xvEQLXl//e23GFq.', '1', NULL, NULL, 0, NULL, '2016-07-07 18:51:54'),
(0000000241, 0000000001, 0000000004, NULL, '$2a$07$jpdeveloperstringforsOk0vkvMOVVB8r722xvEQLXl//e23GFq.', '1', NULL, NULL, 0, NULL, '2016-07-07 18:51:57'),
(0000000242, 0000000001, 0000000004, NULL, '$2a$07$jpdeveloperstringforsOk0vkvMOVVB8r722xvEQLXl//e23GFq.', '1', NULL, NULL, 0, NULL, '2016-07-07 18:51:59'),
(0000000243, 0000000001, 0000000004, NULL, '$2a$07$jpdeveloperstringforsOk0vkvMOVVB8r722xvEQLXl//e23GFq.', '1', NULL, NULL, 0, NULL, '2016-07-07 18:52:01'),
(0000000244, 0000000001, 0000000004, NULL, '$2a$07$jpdeveloperstringforsOk0vkvMOVVB8r722xvEQLXl//e23GFq.', '1', NULL, NULL, 0, NULL, '2016-07-07 18:52:03'),
(0000000245, 0000000001, 0000000004, NULL, '$2a$07$jpdeveloperstringforsOk0vkvMOVVB8r722xvEQLXl//e23GFq.', '1', NULL, NULL, 0, NULL, '2016-07-07 18:52:05'),
(0000000246, 0000000001, 0000000004, NULL, '$2a$07$jpdeveloperstringforsOk0vkvMOVVB8r722xvEQLXl//e23GFq.', '1', NULL, NULL, 0, NULL, '2016-07-07 18:52:08'),
(0000000247, 0000000001, 0000000004, NULL, '$2a$07$jpdeveloperstringforsOk0vkvMOVVB8r722xvEQLXl//e23GFq.', '1', NULL, NULL, 0, NULL, '2016-07-07 18:52:14'),
(0000000248, 0000000001, 0000000004, NULL, '$2a$07$jpdeveloperstringforsOk0vkvMOVVB8r722xvEQLXl//e23GFq.', '1', NULL, NULL, 0, NULL, '2016-07-07 18:52:16'),
(0000000249, 0000000001, 0000000004, NULL, '$2a$07$jpdeveloperstringforsOk0vkvMOVVB8r722xvEQLXl//e23GFq.', '1', NULL, NULL, 0, NULL, '2016-07-07 18:52:18'),
(0000000250, 0000000001, 0000000004, NULL, '$2a$07$jpdeveloperstringforsOk0vkvMOVVB8r722xvEQLXl//e23GFq.', '1', NULL, NULL, 0, NULL, '2016-07-07 18:52:21'),
(0000000251, 0000000001, NULL, NULL, '$2a$07$jpdeveloperstringforsOk0vkvMOVVB8r722xvEQLXl//e23GFq.', '5', NULL, NULL, 0, NULL, '2016-07-07 18:54:08'),
(0000000252, 0000000001, NULL, NULL, '$2a$07$jpdeveloperstringforsOk0vkvMOVVB8r722xvEQLXl//e23GFq.', '5', NULL, NULL, 0, NULL, '2016-07-07 18:55:09'),
(0000000253, 0000000001, NULL, NULL, '$2a$07$jpdeveloperstringforsOk0vkvMOVVB8r722xvEQLXl//e23GFq.', '5', NULL, NULL, 0, NULL, '2016-07-07 18:55:11'),
(0000000254, 0000000001, NULL, NULL, '$2a$07$jpdeveloperstringforsOk0vkvMOVVB8r722xvEQLXl//e23GFq.', '5', NULL, NULL, 0, NULL, '2016-07-07 18:55:13'),
(0000000255, 0000000001, NULL, NULL, '$2a$07$jpdeveloperstringforsOk0vkvMOVVB8r722xvEQLXl//e23GFq.', '5', NULL, NULL, 0, NULL, '2016-07-07 18:55:15'),
(0000000256, 0000000001, NULL, NULL, '$2a$07$jpdeveloperstringforsOk0vkvMOVVB8r722xvEQLXl//e23GFq.', '5', NULL, NULL, 0, NULL, '2016-07-07 18:55:17'),
(0000000257, 0000000001, NULL, NULL, '$2a$07$jpdeveloperstringforsOk0vkvMOVVB8r722xvEQLXl//e23GFq.', '5', NULL, NULL, 0, NULL, '2016-07-07 18:55:19'),
(0000000258, 0000000001, NULL, NULL, '$2a$07$jpdeveloperstringforsOk0vkvMOVVB8r722xvEQLXl//e23GFq.', '5', NULL, NULL, 0, NULL, '2016-07-07 18:55:21'),
(0000000259, 0000000001, NULL, NULL, '$2a$07$jpdeveloperstringforsOk0vkvMOVVB8r722xvEQLXl//e23GFq.', '5', NULL, NULL, 0, NULL, '2016-07-07 18:55:23'),
(0000000260, 0000000001, NULL, NULL, '$2a$07$jpdeveloperstringforsOk0vkvMOVVB8r722xvEQLXl//e23GFq.', '5', NULL, NULL, 0, NULL, '2016-07-07 18:55:25'),
(0000000261, 0000000001, NULL, NULL, '$2a$07$jpdeveloperstringforsOk0vkvMOVVB8r722xvEQLXl//e23GFq.', '5', NULL, NULL, 0, NULL, '2016-07-07 18:55:27'),
(0000000262, 0000000001, NULL, NULL, '$2a$07$jpdeveloperstringforsOk0vkvMOVVB8r722xvEQLXl//e23GFq.', '5', NULL, NULL, 0, NULL, '2016-07-07 18:55:29'),
(0000000263, 0000000001, NULL, NULL, '$2a$07$jpdeveloperstringforsOk0vkvMOVVB8r722xvEQLXl//e23GFq.', '5', NULL, NULL, 0, NULL, '2016-07-07 18:55:29'),
(0000000264, 0000000001, NULL, NULL, '$2a$07$jpdeveloperstringforsOk0vkvMOVVB8r722xvEQLXl//e23GFq.', '5', NULL, NULL, 0, NULL, '2016-07-07 18:55:31'),
(0000000265, 0000000001, NULL, NULL, '$2a$07$jpdeveloperstringforsOk0vkvMOVVB8r722xvEQLXl//e23GFq.', '5', NULL, NULL, 0, NULL, '2016-07-07 18:55:33'),
(0000000266, 0000000001, NULL, NULL, '$2a$07$jpdeveloperstringforsOk0vkvMOVVB8r722xvEQLXl//e23GFq.', '5', NULL, NULL, 0, NULL, '2016-07-07 18:55:35'),
(0000000267, 0000000001, NULL, NULL, '$2a$07$jpdeveloperstringforsOk0vkvMOVVB8r722xvEQLXl//e23GFq.', '5', NULL, NULL, 0, NULL, '2016-07-07 18:55:37'),
(0000000268, 0000000001, NULL, NULL, '$2a$07$jpdeveloperstringforsOk0vkvMOVVB8r722xvEQLXl//e23GFq.', '5', NULL, NULL, 0, NULL, '2016-07-07 18:55:39'),
(0000000269, 0000000001, NULL, NULL, '$2a$07$jpdeveloperstringforsOk0vkvMOVVB8r722xvEQLXl//e23GFq.', '5', NULL, NULL, 0, NULL, '2016-07-07 18:55:43'),
(0000000270, 0000000001, NULL, NULL, '$2a$07$jpdeveloperstringforsOk0vkvMOVVB8r722xvEQLXl//e23GFq.', '5', NULL, NULL, 0, NULL, '2016-07-07 18:55:45'),
(0000000271, 0000000001, NULL, NULL, '$2a$07$jpdeveloperstringforsOk0vkvMOVVB8r722xvEQLXl//e23GFq.', '5', NULL, NULL, 0, NULL, '2016-07-07 18:55:47'),
(0000000272, 0000000001, NULL, NULL, '$2a$07$jpdeveloperstringforsOk0vkvMOVVB8r722xvEQLXl//e23GFq.', '5', NULL, NULL, 0, NULL, '2016-07-07 18:55:49'),
(0000000273, 0000000001, NULL, NULL, '$2a$07$jpdeveloperstringforsOk0vkvMOVVB8r722xvEQLXl//e23GFq.', '5', NULL, NULL, 0, NULL, '2016-07-07 18:55:54'),
(0000000274, 0000000001, NULL, NULL, '$2a$07$jpdeveloperstringforsOk0vkvMOVVB8r722xvEQLXl//e23GFq.', '5', NULL, NULL, 0, NULL, '2016-07-07 18:55:56'),
(0000000275, 0000000001, NULL, NULL, '$2a$07$jpdeveloperstringforsOk0vkvMOVVB8r722xvEQLXl//e23GFq.', '5', NULL, NULL, 0, NULL, '2016-07-07 18:55:58'),
(0000000276, 0000000001, NULL, NULL, '$2a$07$jpdeveloperstringforsOk0vkvMOVVB8r722xvEQLXl//e23GFq.', '5', NULL, NULL, 0, NULL, '2016-07-07 18:56:01'),
(0000000277, 0000000001, NULL, NULL, '$2a$07$jpdeveloperstringforsOk0vkvMOVVB8r722xvEQLXl//e23GFq.', '5', NULL, NULL, 0, NULL, '2016-07-07 18:56:03'),
(0000000278, 0000000001, NULL, NULL, '$2a$07$jpdeveloperstringforsOk0vkvMOVVB8r722xvEQLXl//e23GFq.', '5', NULL, NULL, 0, NULL, '2016-07-07 18:56:05'),
(0000000279, 0000000001, NULL, NULL, '$2a$07$jpdeveloperstringforsOk0vkvMOVVB8r722xvEQLXl//e23GFq.', '5', NULL, NULL, 0, NULL, '2016-07-07 18:56:07'),
(0000000280, 0000000001, NULL, NULL, '$2a$07$jpdeveloperstringforsOk0vkvMOVVB8r722xvEQLXl//e23GFq.', '5', NULL, NULL, 0, NULL, '2016-07-07 18:56:10'),
(0000000281, 0000000001, NULL, NULL, '$2a$07$jpdeveloperstringforsOk0vkvMOVVB8r722xvEQLXl//e23GFq.', '5', NULL, NULL, 0, NULL, '2016-07-07 18:56:12'),
(0000000282, 0000000001, NULL, NULL, '$2a$07$jpdeveloperstringforsOk0vkvMOVVB8r722xvEQLXl//e23GFq.', '5', NULL, NULL, 0, NULL, '2016-07-07 18:56:14'),
(0000000283, 0000000001, NULL, NULL, '$2a$07$jpdeveloperstringforsOk0vkvMOVVB8r722xvEQLXl//e23GFq.', '5', NULL, NULL, 0, NULL, '2016-07-07 18:56:16'),
(0000000284, 0000000001, NULL, NULL, '$2a$07$jpdeveloperstringforsOk0vkvMOVVB8r722xvEQLXl//e23GFq.', '5', NULL, NULL, 0, NULL, '2016-07-07 18:56:30'),
(0000000285, 0000000001, NULL, NULL, '$2a$07$jpdeveloperstringforsOk0vkvMOVVB8r722xvEQLXl//e23GFq.', '5', NULL, NULL, 0, NULL, '2016-07-07 18:56:31'),
(0000000286, 0000000001, NULL, NULL, '$2a$07$jpdeveloperstringforsOk0vkvMOVVB8r722xvEQLXl//e23GFq.', '5', NULL, NULL, 0, NULL, '2016-07-07 18:56:33'),
(0000000287, 0000000001, NULL, NULL, '$2a$07$jpdeveloperstringforsOk0vkvMOVVB8r722xvEQLXl//e23GFq.', '5', NULL, NULL, 0, NULL, '2016-07-07 18:56:35'),
(0000000288, 0000000001, NULL, NULL, '$2a$07$jpdeveloperstringforsOk0vkvMOVVB8r722xvEQLXl//e23GFq.', '5', NULL, NULL, 0, NULL, '2016-07-07 18:56:37'),
(0000000289, 0000000001, NULL, NULL, '$2a$07$jpdeveloperstringforsOk0vkvMOVVB8r722xvEQLXl//e23GFq.', '5', NULL, NULL, 0, NULL, '2016-07-07 18:56:39'),
(0000000290, 0000000001, NULL, NULL, '$2a$07$jpdeveloperstringforsOk0vkvMOVVB8r722xvEQLXl//e23GFq.', '5', NULL, NULL, 0, NULL, '2016-07-07 18:56:41'),
(0000000291, 0000000001, NULL, NULL, '$2a$07$jpdeveloperstringforsOk0vkvMOVVB8r722xvEQLXl//e23GFq.', '5', NULL, NULL, 0, NULL, '2016-07-07 18:56:54'),
(0000000292, 0000000001, NULL, NULL, '$2a$07$jpdeveloperstringforsOk0vkvMOVVB8r722xvEQLXl//e23GFq.', '5', NULL, NULL, 0, NULL, '2016-07-07 19:22:53'),
(0000000293, 0000000001, NULL, NULL, '$2a$07$jpdeveloperstringforsOk0vkvMOVVB8r722xvEQLXl//e23GFq.', '5', NULL, NULL, 0, NULL, '2016-07-07 19:22:56'),
(0000000294, 0000000001, NULL, NULL, '$2a$07$jpdeveloperstringforsOk0vkvMOVVB8r722xvEQLXl//e23GFq.', '5', NULL, NULL, 0, NULL, '2016-07-07 19:22:58'),
(0000000295, 0000000001, NULL, NULL, '$2a$07$jpdeveloperstringforsOk0vkvMOVVB8r722xvEQLXl//e23GFq.', '5', NULL, NULL, 0, NULL, '2016-07-07 19:23:00'),
(0000000296, 0000000001, NULL, NULL, '$2a$07$jpdeveloperstringforsOk0vkvMOVVB8r722xvEQLXl//e23GFq.', '5', NULL, NULL, 0, NULL, '2016-07-07 19:23:01'),
(0000000297, 0000000001, NULL, NULL, '$2a$07$jpdeveloperstringforsOk0vkvMOVVB8r722xvEQLXl//e23GFq.', '5', NULL, NULL, 0, NULL, '2016-07-07 19:23:03'),
(0000000298, 0000000001, NULL, NULL, '$2a$07$jpdeveloperstringforsOk0vkvMOVVB8r722xvEQLXl//e23GFq.', '5', NULL, NULL, 0, NULL, '2016-07-07 19:23:05'),
(0000000299, 0000000001, NULL, NULL, '$2a$07$jpdeveloperstringforsOk0vkvMOVVB8r722xvEQLXl//e23GFq.', '5', NULL, NULL, 0, NULL, '2016-07-07 19:23:07'),
(0000000300, 0000000001, NULL, NULL, '$2a$07$jpdeveloperstringforsOk0vkvMOVVB8r722xvEQLXl//e23GFq.', '5', NULL, NULL, 0, NULL, '2016-07-07 19:23:09'),
(0000000301, 0000000001, NULL, NULL, '$2a$07$jpdeveloperstringforsOk0vkvMOVVB8r722xvEQLXl//e23GFq.', '5', NULL, NULL, 0, NULL, '2016-07-07 19:23:11'),
(0000000302, 0000000001, NULL, NULL, '$2a$07$jpdeveloperstringforsOk0vkvMOVVB8r722xvEQLXl//e23GFq.', '5', NULL, NULL, 0, NULL, '2016-07-07 19:24:14'),
(0000000303, 0000000001, NULL, NULL, '$2a$07$jpdeveloperstringforsOk0vkvMOVVB8r722xvEQLXl//e23GFq.', '5', NULL, NULL, 0, NULL, '2016-07-07 19:24:17'),
(0000000304, 0000000001, NULL, NULL, '$2a$07$jpdeveloperstringforsOk0vkvMOVVB8r722xvEQLXl//e23GFq.', '5', NULL, NULL, 0, NULL, '2016-07-07 19:25:05'),
(0000000305, 0000000001, NULL, NULL, '$2a$07$jpdeveloperstringforsOk0vkvMOVVB8r722xvEQLXl//e23GFq.', '5', NULL, NULL, 0, NULL, '2016-07-07 19:25:07'),
(0000000306, 0000000001, NULL, NULL, '$2a$07$jpdeveloperstringforsOk0vkvMOVVB8r722xvEQLXl//e23GFq.', '5', NULL, NULL, 0, NULL, '2016-07-07 19:25:09'),
(0000000307, 0000000001, NULL, NULL, '$2a$07$jpdeveloperstringforsOk0vkvMOVVB8r722xvEQLXl//e23GFq.', '5', NULL, NULL, 0, NULL, '2016-07-07 19:25:10'),
(0000000308, 0000000001, NULL, NULL, '$2a$07$jpdeveloperstringforsOk0vkvMOVVB8r722xvEQLXl//e23GFq.', '5', NULL, NULL, 0, NULL, '2016-07-07 19:25:12'),
(0000000309, 0000000001, NULL, NULL, '$2a$07$jpdeveloperstringforsOk0vkvMOVVB8r722xvEQLXl//e23GFq.', '5', NULL, NULL, 0, NULL, '2016-07-07 19:25:21'),
(0000000310, 0000000001, NULL, NULL, '$2a$07$jpdeveloperstringforsOk0vkvMOVVB8r722xvEQLXl//e23GFq.', '5', NULL, NULL, 0, NULL, '2016-07-07 19:25:23'),
(0000000311, 0000000001, NULL, NULL, '$2a$07$jpdeveloperstringforsOk0vkvMOVVB8r722xvEQLXl//e23GFq.', '5', NULL, NULL, 0, NULL, '2016-07-07 19:25:26'),
(0000000312, 0000000001, NULL, NULL, '$2a$07$jpdeveloperstringforsOk0vkvMOVVB8r722xvEQLXl//e23GFq.', '5', NULL, NULL, 0, NULL, '2016-07-07 19:25:28'),
(0000000313, 0000000001, NULL, NULL, '$2a$07$jpdeveloperstringforsOk0vkvMOVVB8r722xvEQLXl//e23GFq.', '5', NULL, NULL, 0, NULL, '2016-07-07 19:25:30'),
(0000000314, 0000000001, NULL, NULL, '$2a$07$jpdeveloperstringforsOk0vkvMOVVB8r722xvEQLXl//e23GFq.', '5', NULL, NULL, 0, NULL, '2016-07-07 19:25:32'),
(0000000315, 0000000001, NULL, NULL, '$2a$07$jpdeveloperstringforsOk0vkvMOVVB8r722xvEQLXl//e23GFq.', '5', NULL, NULL, 0, NULL, '2016-07-07 19:25:33'),
(0000000316, 0000000001, NULL, NULL, '$2a$07$jpdeveloperstringforsOk0vkvMOVVB8r722xvEQLXl//e23GFq.', '5', NULL, NULL, 0, NULL, '2016-07-07 19:25:35'),
(0000000317, 0000000001, NULL, NULL, '$2a$07$jpdeveloperstringforsOk0vkvMOVVB8r722xvEQLXl//e23GFq.', '5', NULL, NULL, 0, NULL, '2016-07-07 19:25:37'),
(0000000318, 0000000001, NULL, NULL, '$2a$07$jpdeveloperstringforsOk0vkvMOVVB8r722xvEQLXl//e23GFq.', '5', NULL, NULL, 0, NULL, '2016-07-07 19:25:39'),
(0000000319, 0000000001, NULL, NULL, '$2a$07$jpdeveloperstringforsOk0vkvMOVVB8r722xvEQLXl//e23GFq.', '5', NULL, NULL, 0, NULL, '2016-07-07 19:25:41'),
(0000000320, 0000000001, NULL, NULL, '$2a$07$jpdeveloperstringforsOk0vkvMOVVB8r722xvEQLXl//e23GFq.', '5', NULL, NULL, 0, NULL, '2016-07-07 19:25:43'),
(0000000321, 0000000001, NULL, NULL, '$2a$07$jpdeveloperstringforsOk0vkvMOVVB8r722xvEQLXl//e23GFq.', '5', NULL, NULL, 0, NULL, '2016-07-07 19:25:46'),
(0000000322, 0000000001, NULL, NULL, '$2a$07$jpdeveloperstringforsOk0vkvMOVVB8r722xvEQLXl//e23GFq.', '5', NULL, NULL, 0, NULL, '2016-07-07 19:25:48'),
(0000000323, 0000000001, NULL, NULL, '$2a$07$jpdeveloperstringforsOk0vkvMOVVB8r722xvEQLXl//e23GFq.', '5', NULL, NULL, 0, NULL, '2016-07-07 19:25:55'),
(0000000324, 0000000001, NULL, NULL, '$2a$07$jpdeveloperstringforsOk0vkvMOVVB8r722xvEQLXl//e23GFq.', '5', NULL, NULL, 0, NULL, '2016-07-07 19:25:59');
INSERT INTO `bannos` (`ban_id_pk`, `ban_sucursal_fk`, `ban_tipo_id`, `ban_cliente_fk`, `ban_key`, `ban_tipo`, `ban_marca`, `ban_modelo`, `ban_asignado`, `ban_comentario`, `ban_fecharegistro`) VALUES
(0000000325, 0000000001, NULL, NULL, '$2a$07$jpdeveloperstringforsOk0vkvMOVVB8r722xvEQLXl//e23GFq.', '5', NULL, NULL, 0, NULL, '2016-07-07 19:26:01'),
(0000000326, 0000000001, NULL, NULL, '$2a$07$jpdeveloperstringforsOk0vkvMOVVB8r722xvEQLXl//e23GFq.', '5', NULL, NULL, 0, NULL, '2016-07-07 19:26:03'),
(0000000327, 0000000001, NULL, NULL, '$2a$07$jpdeveloperstringforsOk0vkvMOVVB8r722xvEQLXl//e23GFq.', '5', NULL, NULL, 0, NULL, '2016-07-07 19:26:05'),
(0000000328, 0000000001, NULL, NULL, '$2a$07$jpdeveloperstringforsOk0vkvMOVVB8r722xvEQLXl//e23GFq.', '5', NULL, NULL, 0, NULL, '2016-07-07 19:26:07'),
(0000000329, 0000000001, NULL, NULL, '$2a$07$jpdeveloperstringforsOk0vkvMOVVB8r722xvEQLXl//e23GFq.', '5', NULL, NULL, 0, NULL, '2016-07-07 19:26:09'),
(0000000330, 0000000001, NULL, NULL, '$2a$07$jpdeveloperstringforsOk0vkvMOVVB8r722xvEQLXl//e23GFq.', '5', NULL, NULL, 0, NULL, '2016-07-07 19:26:11'),
(0000000331, 0000000001, NULL, NULL, '$2a$07$jpdeveloperstringforsOk0vkvMOVVB8r722xvEQLXl//e23GFq.', '5', NULL, NULL, 0, NULL, '2016-07-07 19:26:13'),
(0000000332, 0000000001, NULL, NULL, '$2a$07$jpdeveloperstringforsOk0vkvMOVVB8r722xvEQLXl//e23GFq.', '5', NULL, NULL, 0, NULL, '2016-07-07 19:26:15'),
(0000000333, 0000000001, NULL, NULL, '$2a$07$jpdeveloperstringforsOk0vkvMOVVB8r722xvEQLXl//e23GFq.', '5', NULL, NULL, 0, NULL, '2016-07-07 19:26:17'),
(0000000334, 0000000001, NULL, NULL, '$2a$07$jpdeveloperstringforsOk0vkvMOVVB8r722xvEQLXl//e23GFq.', '5', NULL, NULL, 0, NULL, '2016-07-07 19:26:19'),
(0000000335, 0000000001, NULL, NULL, '$2a$07$jpdeveloperstringforsOk0vkvMOVVB8r722xvEQLXl//e23GFq.', '5', NULL, NULL, 0, NULL, '2016-07-07 19:26:21'),
(0000000336, 0000000001, NULL, NULL, '$2a$07$jpdeveloperstringforsOk0vkvMOVVB8r722xvEQLXl//e23GFq.', '5', NULL, NULL, 0, NULL, '2016-07-07 19:26:23'),
(0000000337, 0000000001, NULL, NULL, '$2a$07$jpdeveloperstringforsOk0vkvMOVVB8r722xvEQLXl//e23GFq.', '5', NULL, NULL, 0, NULL, '2016-07-07 19:26:25'),
(0000000338, 0000000001, NULL, NULL, '$2a$07$jpdeveloperstringforsOk0vkvMOVVB8r722xvEQLXl//e23GFq.', '5', NULL, NULL, 0, NULL, '2016-07-07 19:26:27'),
(0000000339, 0000000001, NULL, NULL, '$2a$07$jpdeveloperstringforsOk0vkvMOVVB8r722xvEQLXl//e23GFq.', '5', NULL, NULL, 0, NULL, '2016-07-07 19:26:32'),
(0000000340, 0000000001, NULL, NULL, '$2a$07$jpdeveloperstringforsOk0vkvMOVVB8r722xvEQLXl//e23GFq.', '5', NULL, NULL, 0, NULL, '2016-07-07 19:26:34'),
(0000000341, 0000000001, NULL, NULL, '$2a$07$jpdeveloperstringforsOk0vkvMOVVB8r722xvEQLXl//e23GFq.', '5', NULL, NULL, 0, NULL, '2016-07-07 19:26:36'),
(0000000342, 0000000001, NULL, NULL, '$2a$07$jpdeveloperstringforsOk0vkvMOVVB8r722xvEQLXl//e23GFq.', '5', NULL, NULL, 0, NULL, '2016-07-07 19:26:42'),
(0000000343, 0000000001, NULL, NULL, '$2a$07$jpdeveloperstringforsOk0vkvMOVVB8r722xvEQLXl//e23GFq.', '5', NULL, NULL, 0, NULL, '2016-07-07 19:26:43'),
(0000000344, 0000000001, NULL, NULL, '$2a$07$jpdeveloperstringforsOk0vkvMOVVB8r722xvEQLXl//e23GFq.', '5', NULL, NULL, 0, NULL, '2016-07-07 19:26:50'),
(0000000345, 0000000001, NULL, NULL, '$2a$07$jpdeveloperstringforsOk0vkvMOVVB8r722xvEQLXl//e23GFq.', '5', NULL, NULL, 0, NULL, '2016-07-07 19:26:53'),
(0000000346, 0000000001, NULL, NULL, '$2a$07$jpdeveloperstringforsOk0vkvMOVVB8r722xvEQLXl//e23GFq.', '5', NULL, NULL, 0, NULL, '2016-07-07 19:26:54'),
(0000000347, 0000000001, NULL, NULL, '$2a$07$jpdeveloperstringforsOk0vkvMOVVB8r722xvEQLXl//e23GFq.', '5', NULL, NULL, 0, NULL, '2016-07-07 19:26:57'),
(0000000348, 0000000001, NULL, NULL, '$2a$07$jpdeveloperstringforsOk0vkvMOVVB8r722xvEQLXl//e23GFq.', '5', NULL, NULL, 0, NULL, '2016-07-07 19:26:59'),
(0000000349, 0000000001, NULL, NULL, '$2a$07$jpdeveloperstringforsOk0vkvMOVVB8r722xvEQLXl//e23GFq.', '5', NULL, NULL, 0, NULL, '2016-07-07 19:27:01'),
(0000000350, 0000000001, NULL, NULL, '$2a$07$jpdeveloperstringforsOk0vkvMOVVB8r722xvEQLXl//e23GFq.', '5', NULL, NULL, 0, NULL, '2016-07-07 19:27:08'),
(0000000351, 0000000001, NULL, NULL, '$2a$07$jpdeveloperstringforsOk0vkvMOVVB8r722xvEQLXl//e23GFq.', '3', NULL, NULL, 0, NULL, '2016-07-07 19:31:06'),
(0000000352, 0000000001, NULL, NULL, '$2a$07$jpdeveloperstringforsOk0vkvMOVVB8r722xvEQLXl//e23GFq.', '3', NULL, NULL, 0, NULL, '2016-07-07 19:31:08'),
(0000000353, 0000000001, NULL, NULL, '$2a$07$jpdeveloperstringforsOk0vkvMOVVB8r722xvEQLXl//e23GFq.', '3', NULL, NULL, 0, NULL, '2016-07-07 19:31:10'),
(0000000354, 0000000001, NULL, NULL, '$2a$07$jpdeveloperstringforsOk0vkvMOVVB8r722xvEQLXl//e23GFq.', '3', NULL, NULL, 0, NULL, '2016-07-07 19:31:12'),
(0000000355, 0000000001, NULL, NULL, '$2a$07$jpdeveloperstringforsOk0vkvMOVVB8r722xvEQLXl//e23GFq.', '3', NULL, NULL, 0, NULL, '2016-07-07 19:31:14'),
(0000000356, 0000000001, NULL, NULL, '$2a$07$jpdeveloperstringforsOk0vkvMOVVB8r722xvEQLXl//e23GFq.', '2', NULL, NULL, 0, NULL, '2016-07-07 19:31:53'),
(0000000357, 0000000001, NULL, NULL, '$2a$07$jpdeveloperstringforsOk0vkvMOVVB8r722xvEQLXl//e23GFq.', '2', NULL, NULL, 0, NULL, '2016-07-07 19:31:55'),
(0000000358, 0000000001, NULL, NULL, '$2a$07$jpdeveloperstringforsOk0vkvMOVVB8r722xvEQLXl//e23GFq.', '2', NULL, NULL, 0, NULL, '2016-07-07 19:31:57'),
(0000000359, 0000000001, NULL, NULL, '$2a$07$jpdeveloperstringforsOk0vkvMOVVB8r722xvEQLXl//e23GFq.', '2', NULL, NULL, 0, NULL, '2016-07-07 19:31:59'),
(0000000360, 0000000001, NULL, NULL, '$2a$07$jpdeveloperstringforsOk0vkvMOVVB8r722xvEQLXl//e23GFq.', '2', NULL, NULL, 0, NULL, '2016-07-07 19:32:00'),
(0000000361, 0000000001, NULL, NULL, '$2a$07$jpdeveloperstringforsOk0vkvMOVVB8r722xvEQLXl//e23GFq.', '2', NULL, NULL, 0, NULL, '2016-07-07 19:32:02'),
(0000000362, 0000000001, NULL, NULL, '$2a$07$jpdeveloperstringforsOk0vkvMOVVB8r722xvEQLXl//e23GFq.', '2', NULL, NULL, 0, NULL, '2016-07-07 19:32:05'),
(0000000363, 0000000001, NULL, NULL, '$2a$07$jpdeveloperstringforsOk0vkvMOVVB8r722xvEQLXl//e23GFq.', '2', NULL, NULL, 0, NULL, '2016-07-07 19:32:07'),
(0000000364, 0000000001, NULL, NULL, '$2a$07$jpdeveloperstringforsOk0vkvMOVVB8r722xvEQLXl//e23GFq.', '2', NULL, NULL, 0, NULL, '2016-07-07 19:32:09'),
(0000000365, 0000000001, NULL, NULL, '$2a$07$jpdeveloperstringforsOk0vkvMOVVB8r722xvEQLXl//e23GFq.', '2', NULL, NULL, 0, NULL, '2016-07-07 19:32:11'),
(0000000366, 0000000001, NULL, NULL, '$2a$07$jpdeveloperstringforsOk0vkvMOVVB8r722xvEQLXl//e23GFq.', '2', NULL, NULL, 0, NULL, '2016-07-08 17:55:14'),
(0000000367, 0000000001, NULL, NULL, '$2a$07$jpdeveloperstringforsOk0vkvMOVVB8r722xvEQLXl//e23GFq.', '2', NULL, NULL, 0, NULL, '2016-07-08 18:02:11'),
(0000000368, 0000000001, NULL, NULL, '$2a$07$jpdeveloperstringforsOk0vkvMOVVB8r722xvEQLXl//e23GFq.', '2', NULL, NULL, 0, NULL, '2016-07-08 18:02:54'),
(0000000369, 0000000001, NULL, NULL, '$2a$07$jpdeveloperstringforsOk0vkvMOVVB8r722xvEQLXl//e23GFq.', '2', NULL, NULL, 0, NULL, '2016-07-08 18:02:58'),
(0000000370, 0000000001, NULL, NULL, '$2a$07$jpdeveloperstringforsOk0vkvMOVVB8r722xvEQLXl//e23GFq.', '2', NULL, NULL, 0, NULL, '2016-07-08 18:03:24');

-- --------------------------------------------------------

--
-- Estructura de tabla para la tabla `bannos_tipo`
--

CREATE TABLE IF NOT EXISTS `bannos_tipo` (
  `bti_id_pk` int(10) unsigned zerofill NOT NULL AUTO_INCREMENT,
  `bti_sucursal_fk` int(10) unsigned zerofill DEFAULT NULL,
  `bti_producto` int(11) DEFAULT NULL COMMENT '1: baño, 2 caseta, 3 ducha, 4 baño externo, 5 lavamanos (de acuerdo a tipo producto)',
  `bti_nombre` varchar(100) DEFAULT NULL,
  `bti_activo` int(11) DEFAULT '1' COMMENT 'inactivo: 1, activo: 0',
  PRIMARY KEY (`bti_id_pk`),
  KEY `bti_sucursal_fk` (`bti_sucursal_fk`)
) ENGINE=InnoDB  DEFAULT CHARSET=latin1 AUTO_INCREMENT=6 ;

--
-- Volcado de datos para la tabla `bannos_tipo`
--

INSERT INTO `bannos_tipo` (`bti_id_pk`, `bti_sucursal_fk`, `bti_producto`, `bti_nombre`, `bti_activo`) VALUES
(0000000004, 0000000001, 1, 'Común', 1),
(0000000005, 0000000001, 1, 'Discapacitados', 1);

-- --------------------------------------------------------

--
-- Estructura de tabla para la tabla `bitacora`
--

CREATE TABLE IF NOT EXISTS `bitacora` (
  `bit_id_pk` int(10) unsigned zerofill NOT NULL AUTO_INCREMENT,
  `bit_sucursal_fk` int(10) unsigned zerofill DEFAULT NULL,
  `bit_venta_fk` int(10) unsigned zerofill DEFAULT NULL,
  `bit_fecha` datetime DEFAULT NULL,
  `bit_descripcion` text,
  PRIMARY KEY (`bit_id_pk`),
  KEY `bit_sucursal_fk` (`bit_sucursal_fk`),
  KEY `bit_venta_fk` (`bit_venta_fk`)
) ENGINE=InnoDB DEFAULT CHARSET=latin1 AUTO_INCREMENT=1 ;

-- --------------------------------------------------------

--
-- Estructura de tabla para la tabla `camion`
--

CREATE TABLE IF NOT EXISTS `camion` (
  `cam_id_pk` int(10) unsigned zerofill NOT NULL AUTO_INCREMENT,
  `cam_usuario_fk` int(10) unsigned zerofill DEFAULT NULL COMMENT 'chofer del camion',
  `cam_sucursal_fk` int(10) unsigned zerofill DEFAULT NULL,
  `cam_patente` varchar(20) DEFAULT NULL,
  `cam_activo` int(11) DEFAULT NULL COMMENT 'deshabilitado:0, habilitado:1',
  `cam_fecharegistro` datetime DEFAULT NULL,
  `cam_comentario` text,
  PRIMARY KEY (`cam_id_pk`),
  KEY `cam_usuario_fk` (`cam_usuario_fk`),
  KEY `cam_sucursal_fk` (`cam_sucursal_fk`)
) ENGINE=InnoDB  DEFAULT CHARSET=latin1 AUTO_INCREMENT=3 ;

-- --------------------------------------------------------

--
-- Estructura de tabla para la tabla `cliente`
--

CREATE TABLE IF NOT EXISTS `cliente` (
  `cli_id_pk` int(10) unsigned zerofill NOT NULL AUTO_INCREMENT,
  `cli_sucursal_fk` int(10) unsigned zerofill DEFAULT NULL,
  `cli_comuna_fk` int(10) unsigned zerofill DEFAULT NULL,
  `cli_usuario_fk` int(10) unsigned zerofill DEFAULT NULL,
  `cli_nombre` varchar(100) DEFAULT NULL,
  `cli_rut` varchar(30) DEFAULT NULL,
  `cli_giro` varchar(100) DEFAULT NULL,
  `cli_fecharegistro` datetime DEFAULT NULL,
  `cli_direccion` varchar(100) DEFAULT NULL,
  `cli_comentario` text,
  PRIMARY KEY (`cli_id_pk`),
  KEY `cli_sucursal_fk` (`cli_sucursal_fk`),
  KEY `cli_comuna_fk` (`cli_comuna_fk`),
  KEY `cli_usuario_fk` (`cli_usuario_fk`)
) ENGINE=InnoDB  DEFAULT CHARSET=latin1 AUTO_INCREMENT=8 ;

-- --------------------------------------------------------

--
-- Estructura de tabla para la tabla `comuna`
--

CREATE TABLE IF NOT EXISTS `comuna` (
  `com_id_pk` int(10) unsigned zerofill NOT NULL,
  `com_provincia_fk` int(10) unsigned zerofill NOT NULL,
  `com_nombre` varchar(100) DEFAULT NULL,
  PRIMARY KEY (`com_id_pk`),
  KEY `com_provincia_fk` (`com_provincia_fk`)
) ENGINE=InnoDB DEFAULT CHARSET=latin1;

--
-- Volcado de datos para la tabla `comuna`
--

INSERT INTO `comuna` (`com_id_pk`, `com_provincia_fk`, `com_nombre`) VALUES
(0000000001, 0000000001, 'ARICA'),
(0000000002, 0000000001, 'CAMARONES'),
(0000000003, 0000000002, 'PUTRE'),
(0000000004, 0000000002, 'GENERAL LAGOS'),
(0000000005, 0000000003, 'IQUIQUE'),
(0000000006, 0000000003, 'ALTO HOSPICIO'),
(0000000007, 0000000004, 'POZO ALMONTE'),
(0000000008, 0000000004, 'CAMIÑA'),
(0000000009, 0000000004, 'COLCHANE'),
(0000000010, 0000000004, 'HUARA'),
(0000000011, 0000000004, 'PICA'),
(0000000012, 0000000005, 'ANTOFAGASTA'),
(0000000013, 0000000005, 'MEJILLONES'),
(0000000014, 0000000005, 'SIERRA GORDA'),
(0000000015, 0000000005, 'TALTAL'),
(0000000016, 0000000006, 'CALAMA'),
(0000000017, 0000000006, 'OLLAGÜE'),
(0000000018, 0000000006, 'SAN PEDRO DE ATACAMA'),
(0000000019, 0000000007, 'TOCOPILLA'),
(0000000020, 0000000007, 'MARÍA ELENA'),
(0000000021, 0000000008, 'COPIAPÓ'),
(0000000022, 0000000008, 'CALDERA'),
(0000000023, 0000000008, 'TIERRA AMARILLA'),
(0000000024, 0000000009, 'CHAÑARAL'),
(0000000025, 0000000009, 'DIEGO DE ALMAGRO'),
(0000000026, 0000000010, 'VALLENAR'),
(0000000027, 0000000010, 'ALTO DEL CARMEN'),
(0000000028, 0000000010, 'FREIRINA'),
(0000000029, 0000000010, 'HUASCO'),
(0000000030, 0000000011, 'LA SERENA'),
(0000000031, 0000000011, 'COQUIMBO'),
(0000000032, 0000000011, 'ANDACOLLO'),
(0000000033, 0000000011, 'LA HIGUERA'),
(0000000034, 0000000011, 'PAIGUANO'),
(0000000035, 0000000011, 'VICUÑA'),
(0000000036, 0000000012, 'ILLAPEL'),
(0000000037, 0000000012, 'CANELA'),
(0000000038, 0000000012, 'LOS VILOS'),
(0000000039, 0000000012, 'SALAMANCA'),
(0000000040, 0000000013, 'OVALLE'),
(0000000041, 0000000013, 'COMBARBALÁ'),
(0000000042, 0000000013, 'MONTE PATRIA'),
(0000000043, 0000000013, 'PUNITAQUI'),
(0000000044, 0000000013, 'RÍO HURTADO'),
(0000000045, 0000000014, 'VALPARAÍSO'),
(0000000046, 0000000014, 'CASABLANCA'),
(0000000047, 0000000014, 'CONCÓN'),
(0000000048, 0000000014, 'JUAN FERNÁNDEZ'),
(0000000049, 0000000014, 'PUCHUNCAVÍ'),
(0000000050, 0000000014, 'QUINTERO'),
(0000000051, 0000000014, 'VIÑA DEL MAR'),
(0000000052, 0000000015, 'ISLA DE PASCUA'),
(0000000053, 0000000016, 'LOS ANDES'),
(0000000054, 0000000016, 'CALLE LARGA'),
(0000000055, 0000000016, 'RINCONADA'),
(0000000056, 0000000016, 'SAN ESTEBAN'),
(0000000057, 0000000017, 'LA LIGUA'),
(0000000058, 0000000017, 'CABILDO'),
(0000000059, 0000000017, 'PAPUDO'),
(0000000060, 0000000017, 'PETORCA'),
(0000000061, 0000000017, 'ZAPALLAR'),
(0000000062, 0000000018, 'QUILLOTA'),
(0000000063, 0000000018, 'CALERA'),
(0000000064, 0000000018, 'HIJUELAS'),
(0000000065, 0000000018, 'LA CRUZ'),
(0000000066, 0000000018, 'NOGALES'),
(0000000067, 0000000019, 'SAN ANTONIO'),
(0000000068, 0000000019, 'ALGARROBO'),
(0000000069, 0000000019, 'CARTAGENA'),
(0000000070, 0000000019, 'EL QUISCO'),
(0000000071, 0000000019, 'EL TABO'),
(0000000072, 0000000019, 'SANTO DOMINGO'),
(0000000073, 0000000020, 'SAN FELIPE'),
(0000000074, 0000000020, 'CATEMU'),
(0000000075, 0000000020, 'LLAILLAY'),
(0000000076, 0000000020, 'PANQUEHUE'),
(0000000077, 0000000020, 'PUTAENDO'),
(0000000078, 0000000020, 'SANTA MARÍA'),
(0000000079, 0000000021, 'LIMACHE'),
(0000000080, 0000000021, 'QUILPUÉ'),
(0000000081, 0000000021, 'VILLA ALEMANA'),
(0000000082, 0000000021, 'OLMUÉ'),
(0000000083, 0000000022, 'RANCAGUA'),
(0000000084, 0000000022, 'CODEGUA'),
(0000000085, 0000000022, 'COINCO'),
(0000000086, 0000000022, 'COLTAUCO'),
(0000000087, 0000000022, 'DOÑIHUE'),
(0000000088, 0000000022, 'GRANEROS'),
(0000000089, 0000000022, 'LAS CABRAS'),
(0000000090, 0000000022, 'MACHALÍ'),
(0000000091, 0000000022, 'MALLOA'),
(0000000092, 0000000022, 'MOSTAZAL'),
(0000000093, 0000000022, 'OLIVAR'),
(0000000094, 0000000022, 'PEUMO'),
(0000000095, 0000000022, 'PICHIDEGUA'),
(0000000096, 0000000022, 'QUINTA DE TILCOCO'),
(0000000097, 0000000022, 'RENGO'),
(0000000098, 0000000022, 'REQUÍNOA'),
(0000000099, 0000000022, 'SAN VICENTE'),
(0000000100, 0000000023, 'PICHILEMU'),
(0000000101, 0000000023, 'LA ESTRELLA'),
(0000000102, 0000000023, 'LITUECHE'),
(0000000103, 0000000023, 'MARCHIHUE'),
(0000000104, 0000000023, 'NAVIDAD'),
(0000000105, 0000000023, 'PAREDONES'),
(0000000106, 0000000024, 'SAN FERNANDO'),
(0000000107, 0000000024, 'CHÉPICA'),
(0000000108, 0000000024, 'CHIMBARONGO'),
(0000000109, 0000000024, 'LOLOL'),
(0000000110, 0000000024, 'NANCAGUA'),
(0000000111, 0000000024, 'PALMILLA'),
(0000000112, 0000000024, 'PERALILLO'),
(0000000113, 0000000024, 'PLACILLA'),
(0000000114, 0000000024, 'PUMANQUE'),
(0000000115, 0000000024, 'SANTA CRUZ'),
(0000000116, 0000000025, 'TALCA'),
(0000000117, 0000000025, 'CONSTITUCIÓN'),
(0000000118, 0000000025, 'CUREPTO'),
(0000000119, 0000000025, 'EMPEDRADO'),
(0000000120, 0000000025, 'MAULE'),
(0000000121, 0000000025, 'PELARCO'),
(0000000122, 0000000025, 'PENCAHUE'),
(0000000123, 0000000025, 'RÍO CLARO'),
(0000000124, 0000000025, 'SAN CLEMENTE'),
(0000000125, 0000000025, 'SAN RAFAEL'),
(0000000126, 0000000026, 'CAUQUENES'),
(0000000127, 0000000026, 'CHANCO'),
(0000000128, 0000000026, 'PELLUHUE'),
(0000000129, 0000000027, 'CURICÓ'),
(0000000130, 0000000027, 'HUALAÑÉ'),
(0000000131, 0000000027, 'LICANTÉN'),
(0000000132, 0000000027, 'MOLINA'),
(0000000133, 0000000027, 'RAUCO'),
(0000000134, 0000000027, 'ROMERAL'),
(0000000135, 0000000027, 'SAGRADA FAMILIA'),
(0000000136, 0000000027, 'TENO'),
(0000000137, 0000000027, 'VICHUQUÉN'),
(0000000138, 0000000028, 'LINARES'),
(0000000139, 0000000028, 'COLBÚN'),
(0000000140, 0000000028, 'LONGAVÍ'),
(0000000141, 0000000028, 'PARRAL'),
(0000000142, 0000000028, 'RETIRO'),
(0000000143, 0000000028, 'SAN JAVIER'),
(0000000144, 0000000028, 'VILLA ALEGRE'),
(0000000145, 0000000028, 'YERBAS BUENAS'),
(0000000146, 0000000029, 'CONCEPCIÓN'),
(0000000147, 0000000029, 'CORONEL'),
(0000000148, 0000000029, 'CHIGUAYANTE'),
(0000000149, 0000000029, 'FLORIDA'),
(0000000150, 0000000029, 'HUALQUI'),
(0000000151, 0000000029, 'LOTA'),
(0000000152, 0000000029, 'PENCO'),
(0000000153, 0000000029, 'SAN PEDRO DE LA PAZ'),
(0000000154, 0000000029, 'SANTA JUANA'),
(0000000155, 0000000029, 'TALCAHUANO'),
(0000000156, 0000000029, 'TOMÉ'),
(0000000157, 0000000029, 'HUALPÉN'),
(0000000158, 0000000030, 'LEBU'),
(0000000159, 0000000030, 'ARAUCO'),
(0000000160, 0000000030, 'CAÑETE'),
(0000000161, 0000000030, 'CONTULMO'),
(0000000162, 0000000030, 'CURANILAHUE'),
(0000000163, 0000000030, 'LOS ALAMOS'),
(0000000164, 0000000030, 'TIRÚA'),
(0000000165, 0000000031, 'LOS ANGELES'),
(0000000166, 0000000031, 'ANTUCO'),
(0000000167, 0000000031, 'CABRERO'),
(0000000168, 0000000031, 'LAJA'),
(0000000169, 0000000031, 'MULCHÉN'),
(0000000170, 0000000031, 'NACIMIENTO'),
(0000000171, 0000000031, 'NEGRETE'),
(0000000172, 0000000031, 'QUILACO'),
(0000000173, 0000000031, 'QUILLECO'),
(0000000174, 0000000031, 'SAN ROSENDO'),
(0000000175, 0000000031, 'SANTA BÁRBARA'),
(0000000176, 0000000031, 'TUCAPEL'),
(0000000177, 0000000031, 'YUMBEL'),
(0000000178, 0000000031, 'ALTO BIOBÍO'),
(0000000179, 0000000032, 'CHILLÁN'),
(0000000180, 0000000032, 'BULNES'),
(0000000181, 0000000032, 'COBQUECURA'),
(0000000182, 0000000032, 'COELEMU'),
(0000000183, 0000000032, 'COIHUECO'),
(0000000184, 0000000032, 'CHILLÁN VIEJO'),
(0000000185, 0000000032, 'EL CARMEN'),
(0000000186, 0000000032, 'NINHUE'),
(0000000187, 0000000032, 'ÑIQUÉN'),
(0000000188, 0000000032, 'PEMUCO'),
(0000000189, 0000000032, 'PINTO'),
(0000000190, 0000000032, 'PORTEZUELO'),
(0000000191, 0000000032, 'QUILLÓN'),
(0000000192, 0000000032, 'QUIRIHUE'),
(0000000193, 0000000032, 'RÁNQUIL'),
(0000000194, 0000000032, 'SAN CARLOS'),
(0000000195, 0000000032, 'SAN FABIÁN'),
(0000000196, 0000000032, 'SAN IGNACIO'),
(0000000197, 0000000032, 'SAN NICOLÁS'),
(0000000198, 0000000032, 'TREGUACO'),
(0000000199, 0000000032, 'YUNGAY'),
(0000000200, 0000000033, 'TEMUCO'),
(0000000201, 0000000033, 'CARAHUE'),
(0000000202, 0000000033, 'CUNCO'),
(0000000203, 0000000033, 'CURARREHUE'),
(0000000204, 0000000033, 'FREIRE'),
(0000000205, 0000000033, 'GALVARINO'),
(0000000206, 0000000033, 'GORBEA'),
(0000000207, 0000000033, 'LAUTARO'),
(0000000208, 0000000033, 'LONCOCHE'),
(0000000209, 0000000033, 'MELIPEUCO'),
(0000000210, 0000000033, 'NUEVA IMPERIAL'),
(0000000211, 0000000033, 'PADRE LAS CASAS'),
(0000000212, 0000000033, 'PERQUENCO'),
(0000000213, 0000000033, 'PITRUFQUÉN'),
(0000000214, 0000000033, 'PUCÓN'),
(0000000215, 0000000033, 'SAAVEDRA'),
(0000000216, 0000000033, 'TEODORO SCHMIDT'),
(0000000217, 0000000033, 'TOLTÉN'),
(0000000218, 0000000033, 'VILCÚN'),
(0000000219, 0000000033, 'VILLARRICA'),
(0000000220, 0000000033, 'CHOLCHOL'),
(0000000221, 0000000034, 'ANGOL'),
(0000000222, 0000000034, 'COLLIPULLI'),
(0000000223, 0000000034, 'CURACAUTÍN'),
(0000000224, 0000000034, 'ERCILLA'),
(0000000225, 0000000034, 'LONQUIMAY'),
(0000000226, 0000000034, 'LOS SAUCES'),
(0000000227, 0000000034, 'LUMACO'),
(0000000228, 0000000034, 'PURÉN'),
(0000000229, 0000000034, 'RENAICO'),
(0000000230, 0000000034, 'TRAIGUÉN'),
(0000000231, 0000000034, 'VICTORIA'),
(0000000232, 0000000035, 'VALDIVIA'),
(0000000233, 0000000035, 'CORRAL'),
(0000000234, 0000000035, 'LANCO'),
(0000000235, 0000000035, 'LOS LAGOS'),
(0000000236, 0000000035, 'MÁFIL'),
(0000000237, 0000000035, 'MARIQUINA'),
(0000000238, 0000000035, 'PAILLACO'),
(0000000239, 0000000035, 'PANGUIPULLI'),
(0000000240, 0000000036, 'LA UNIÓN'),
(0000000241, 0000000036, 'FUTRONO'),
(0000000242, 0000000036, 'LAGO RANCO'),
(0000000243, 0000000036, 'RÍO BUENO'),
(0000000244, 0000000037, 'PUERTO MONTT'),
(0000000245, 0000000037, 'CALBUCO'),
(0000000246, 0000000037, 'COCHAMÓ'),
(0000000247, 0000000037, 'FRESIA'),
(0000000248, 0000000037, 'FRUTILLAR'),
(0000000249, 0000000037, 'LOS MUERMOS'),
(0000000250, 0000000037, 'LLANQUIHUE'),
(0000000251, 0000000037, 'MAULLÍN'),
(0000000252, 0000000037, 'PUERTO VARAS'),
(0000000253, 0000000038, 'CASTRO'),
(0000000254, 0000000038, 'ANCUD'),
(0000000255, 0000000038, 'CHONCHI'),
(0000000256, 0000000038, 'CURACO DE VÉLEZ'),
(0000000257, 0000000038, 'DALCAHUE'),
(0000000258, 0000000038, 'PUQUELDÓN'),
(0000000259, 0000000038, 'QUEILÉN'),
(0000000260, 0000000038, 'QUELLÓN'),
(0000000261, 0000000038, 'QUEMCHI'),
(0000000262, 0000000038, 'QUINCHAO'),
(0000000263, 0000000039, 'OSORNO'),
(0000000264, 0000000039, 'PUERTO OCTAY'),
(0000000265, 0000000039, 'PURRANQUE'),
(0000000266, 0000000039, 'PUYEHUE'),
(0000000267, 0000000039, 'RÍO NEGRO'),
(0000000268, 0000000039, 'SAN JUAN DE LA COSTA'),
(0000000269, 0000000039, 'SAN PABLO'),
(0000000270, 0000000040, 'CHAITÉN'),
(0000000271, 0000000040, 'FUTALEUFÚ'),
(0000000272, 0000000040, 'HUALAIHUÉ'),
(0000000273, 0000000040, 'PALENA'),
(0000000274, 0000000041, 'COIHAIQUE'),
(0000000275, 0000000041, 'LAGO VERDE'),
(0000000276, 0000000042, 'AISÉN'),
(0000000277, 0000000042, 'CISNES'),
(0000000278, 0000000042, 'GUAITECAS'),
(0000000279, 0000000043, 'COCHRANE'),
(0000000280, 0000000043, 'O''HIGGINS'),
(0000000281, 0000000043, 'TORTEL'),
(0000000282, 0000000044, 'CHILE CHICO'),
(0000000283, 0000000044, 'RÍO IBÁÑEZ'),
(0000000284, 0000000045, 'PUNTA ARENAS'),
(0000000285, 0000000045, 'LAGUNA BLANCA'),
(0000000286, 0000000045, 'RÍO VERDE'),
(0000000287, 0000000045, 'SAN GREGORIO'),
(0000000288, 0000000046, 'CABO DE HORNOS'),
(0000000289, 0000000046, 'ANTÁRTICA'),
(0000000290, 0000000047, 'PORVENIR'),
(0000000291, 0000000047, 'PRIMAVERA'),
(0000000292, 0000000047, 'TIMAUKEL'),
(0000000293, 0000000048, 'NATALES'),
(0000000294, 0000000048, 'TORRES DEL PAINE'),
(0000000295, 0000000049, 'SANTIAGO'),
(0000000296, 0000000049, 'CERRILLOS'),
(0000000297, 0000000049, 'CERRO NAVIA'),
(0000000298, 0000000049, 'CONCHALÍ'),
(0000000299, 0000000049, 'EL BOSQUE'),
(0000000300, 0000000049, 'ESTACIÓN CENTRAL'),
(0000000301, 0000000049, 'HUECHURABA'),
(0000000302, 0000000049, 'INDEPENDENCIA'),
(0000000303, 0000000049, 'LA CISTERNA'),
(0000000304, 0000000049, 'LA FLORIDA'),
(0000000305, 0000000049, 'LA GRANJA'),
(0000000306, 0000000049, 'LA PINTANA'),
(0000000307, 0000000049, 'LA REINA'),
(0000000308, 0000000049, 'LAS CONDES'),
(0000000309, 0000000049, 'LO BARNECHEA'),
(0000000310, 0000000049, 'LO ESPEJO'),
(0000000311, 0000000049, 'LO PRADO'),
(0000000312, 0000000049, 'MACUL'),
(0000000313, 0000000049, 'MAIPÚ'),
(0000000314, 0000000049, 'ÑUÑOA'),
(0000000315, 0000000049, 'PEDRO AGUIRRE CERDA'),
(0000000316, 0000000049, 'PEÑALOLÉN'),
(0000000317, 0000000049, 'PROVIDENCIA'),
(0000000318, 0000000049, 'PUDAHUEL'),
(0000000319, 0000000049, 'QUILICURA'),
(0000000320, 0000000049, 'QUINTA NORMAL'),
(0000000321, 0000000049, 'RECOLETA'),
(0000000322, 0000000049, 'RENCA'),
(0000000323, 0000000049, 'SAN JOAQUÍN'),
(0000000324, 0000000049, 'SAN MIGUEL'),
(0000000325, 0000000049, 'SAN RAMÓN'),
(0000000326, 0000000049, 'VITACURA'),
(0000000327, 0000000050, 'PUENTE ALTO'),
(0000000328, 0000000050, 'PIRQUE'),
(0000000329, 0000000050, 'SAN JOSÉ DE MAIPO'),
(0000000330, 0000000051, 'COLINA'),
(0000000331, 0000000051, 'LAMPA'),
(0000000332, 0000000051, 'TILTIL'),
(0000000333, 0000000052, 'SAN BERNARDO'),
(0000000334, 0000000052, 'BUIN'),
(0000000335, 0000000052, 'CALERA DE TANGO'),
(0000000336, 0000000052, 'PAINE'),
(0000000337, 0000000053, 'MELIPILLA'),
(0000000338, 0000000053, 'ALHUÉ'),
(0000000339, 0000000053, 'CURACAVÍ'),
(0000000340, 0000000053, 'MARÍA PINTO'),
(0000000341, 0000000053, 'SAN PEDRO'),
(0000000342, 0000000054, 'TALAGANTE'),
(0000000343, 0000000054, 'EL MONTE'),
(0000000344, 0000000054, 'ISLA DE MAIPO'),
(0000000345, 0000000054, 'PADRE HURTADO'),
(0000000346, 0000000054, 'PEÑAFLOR');

-- --------------------------------------------------------

--
-- Estructura de tabla para la tabla `contacto`
--

CREATE TABLE IF NOT EXISTS `contacto` (
  `con_id_pk` int(10) unsigned zerofill NOT NULL AUTO_INCREMENT,
  `con_tipo_fk` int(11) unsigned zerofill NOT NULL,
  `con_sucursal_fk` int(10) unsigned zerofill DEFAULT NULL,
  `con_usuario_fk` int(10) unsigned zerofill DEFAULT NULL,
  `con_cliente_fk` int(10) unsigned zerofill DEFAULT NULL,
  `con_detalle` varchar(50) DEFAULT NULL,
  `con_nombrepersona` varchar(100) DEFAULT NULL COMMENT 'nombre persona a contactar',
  PRIMARY KEY (`con_id_pk`),
  KEY `con_tipo_fk` (`con_tipo_fk`),
  KEY `cti_sucursal_fk` (`con_sucursal_fk`),
  KEY `cti_usuario_fk` (`con_usuario_fk`),
  KEY `cti_cliente_fk` (`con_cliente_fk`)
) ENGINE=InnoDB  DEFAULT CHARSET=latin1 AUTO_INCREMENT=3 ;

--
-- Volcado de datos para la tabla `contacto`
--

INSERT INTO `contacto` (`con_id_pk`, `con_tipo_fk`, `con_sucursal_fk`, `con_usuario_fk`, `con_cliente_fk`, `con_detalle`, `con_nombrepersona`) VALUES
(0000000001, 00000000003, NULL, 0000000001, NULL, 'contacto@tuciudad.cl', NULL),
(0000000002, 00000000001, NULL, 0000000001, NULL, '(43) 249 1161', NULL);

-- --------------------------------------------------------

--
-- Estructura de tabla para la tabla `contacto_tipo`
--

CREATE TABLE IF NOT EXISTS `contacto_tipo` (
  `cti_id_pk` int(10) unsigned zerofill NOT NULL AUTO_INCREMENT,
  `cti_nombre` varchar(50) DEFAULT NULL,
  PRIMARY KEY (`cti_id_pk`)
) ENGINE=InnoDB  DEFAULT CHARSET=latin1 AUTO_INCREMENT=4 ;

--
-- Volcado de datos para la tabla `contacto_tipo`
--

INSERT INTO `contacto_tipo` (`cti_id_pk`, `cti_nombre`) VALUES
(0000000001, 'Telefono'),
(0000000002, 'Celular'),
(0000000003, 'Correo');

-- --------------------------------------------------------

--
-- Estructura de tabla para la tabla `detalle_contrato`
--

CREATE TABLE IF NOT EXISTS `detalle_contrato` (
  `dco_id_pk` int(10) unsigned zerofill NOT NULL AUTO_INCREMENT,
  `dco_venta_fk` int(10) unsigned zerofill DEFAULT NULL,
  `dco_comuna_fk` int(10) unsigned zerofill DEFAULT NULL,
  `dco_servicio_fk` int(10) unsigned zerofill DEFAULT NULL,
  `dco_direccion` varchar(100) DEFAULT NULL,
  `dco_cbano` int(11) DEFAULT NULL COMMENT 'cantidad de baños propios',
  `dco_ccaseta` int(11) DEFAULT NULL COMMENT 'cantidad de casetas',
  `dco_cducha` int(11) DEFAULT NULL COMMENT 'cantidad de duchas',
  `dco_cexterno` int(11) DEFAULT NULL COMMENT 'cantidad de baños externos',
  `dco_clavamano` int(11) DEFAULT NULL COMMENT 'cantidad de lavamanos',
  `dco_lat` varchar(100) DEFAULT NULL,
  `dco_lon` varchar(100) DEFAULT NULL,
  `dco_comentario` text,
  PRIMARY KEY (`dco_id_pk`),
  KEY `dco_venta_fk` (`dco_venta_fk`),
  KEY `dco_comuna_fk` (`dco_comuna_fk`),
  KEY `dco_servicio_fk` (`dco_servicio_fk`)
) ENGINE=InnoDB  DEFAULT CHARSET=latin1 AUTO_INCREMENT=9 ;

-- --------------------------------------------------------

--
-- Estructura de tabla para la tabla `detcontrato_nn_banno`
--

CREATE TABLE IF NOT EXISTS `detcontrato_nn_banno` (
  `dnnb_id_pk` int(10) unsigned zerofill NOT NULL AUTO_INCREMENT,
  `dnnb_banno_fk` int(10) unsigned zerofill DEFAULT NULL COMMENT 'para los productos excepto lavamanos',
  `dnnb_lavamano_fk` int(10) unsigned zerofill DEFAULT NULL,
  `dnnb_detcontrato_fk` int(10) unsigned zerofill DEFAULT NULL,
  `dnnb_fecharegistro` datetime DEFAULT NULL,
  `dnnb_candado` int(11) DEFAULT NULL COMMENT '0:no, 1:si',
  `dnnb_activo` int(11) DEFAULT NULL,
  PRIMARY KEY (`dnnb_id_pk`),
  KEY `dnnb_detcontrato_fk` (`dnnb_detcontrato_fk`),
  KEY `dnnb_banno_fk` (`dnnb_banno_fk`),
  KEY `dnnb_lavamano_fk` (`dnnb_lavamano_fk`)
) ENGINE=InnoDB  DEFAULT CHARSET=latin1 AUTO_INCREMENT=69 ;

-- --------------------------------------------------------

--
-- Estructura de tabla para la tabla `mantencion`
--

CREATE TABLE IF NOT EXISTS `mantencion` (
  `man_id_pk` int(10) unsigned zerofill NOT NULL AUTO_INCREMENT,
  `man_ruta_fk` int(10) unsigned zerofill DEFAULT NULL,
  `man_detallecontrato_fk` int(10) unsigned zerofill DEFAULT NULL,
  `man_nnbanno_fk` int(10) unsigned zerofill DEFAULT NULL,
  `man_usuario_fk` int(10) unsigned zerofill DEFAULT NULL COMMENT 'chofer que realizo la mantencion',
  `man_foto` varchar(200) DEFAULT NULL,
  `man_lat` varchar(50) DEFAULT NULL,
  `man_lng` varchar(50) DEFAULT NULL,
  `man_comentario` text,
  `man_realizado` int(11) DEFAULT NULL COMMENT 'no:0,si:1',
  `man_fecharegistro` datetime DEFAULT NULL,
  PRIMARY KEY (`man_id_pk`),
  KEY `man_ruta_fk` (`man_ruta_fk`),
  KEY `man_nnbanno_fk` (`man_nnbanno_fk`),
  KEY `man_usuario` (`man_usuario_fk`),
  KEY `man_detallecontrato_fk` (`man_detallecontrato_fk`)
) ENGINE=InnoDB DEFAULT CHARSET=latin1 AUTO_INCREMENT=1 ;

-- --------------------------------------------------------

--
-- Estructura de tabla para la tabla `provincia`
--

CREATE TABLE IF NOT EXISTS `provincia` (
  `pro_id_pk` int(10) unsigned zerofill NOT NULL AUTO_INCREMENT,
  `pro_region_fk` int(10) unsigned zerofill DEFAULT NULL,
  `pro_nombre` varchar(100) DEFAULT NULL,
  `pro_cantcomunas` int(11) DEFAULT NULL,
  PRIMARY KEY (`pro_id_pk`),
  KEY `pro_region_fk` (`pro_region_fk`)
) ENGINE=InnoDB  DEFAULT CHARSET=latin1 AUTO_INCREMENT=55 ;

--
-- Volcado de datos para la tabla `provincia`
--

INSERT INTO `provincia` (`pro_id_pk`, `pro_region_fk`, `pro_nombre`, `pro_cantcomunas`) VALUES
(0000000001, 0000000001, 'ARICA', 2),
(0000000002, 0000000001, 'PARINACOTA', 2),
(0000000003, 0000000002, 'IQUIQUE', 2),
(0000000004, 0000000002, 'TAMARUGAL', 5),
(0000000005, 0000000003, 'ANTOFAGASTA', 4),
(0000000006, 0000000003, 'EL LOA', 3),
(0000000007, 0000000003, 'TOCOPILLA', 2),
(0000000008, 0000000004, 'COPIAPÓ', 3),
(0000000009, 0000000004, 'CHAÑARAL', 2),
(0000000010, 0000000004, 'HUASCO', 4),
(0000000011, 0000000005, 'ELQUI', 6),
(0000000012, 0000000005, 'CHOAPA', 4),
(0000000013, 0000000005, 'LIMARÍ', 5),
(0000000014, 0000000006, 'VALPARAÍSO', 7),
(0000000015, 0000000006, 'ISLA DE PASCUA', 1),
(0000000016, 0000000006, 'LOS ANDES', 4),
(0000000017, 0000000006, 'PETORCA', 5),
(0000000018, 0000000006, 'QUILLOTA', 5),
(0000000019, 0000000006, 'SAN ANTONIO', 6),
(0000000020, 0000000006, 'SAN FELIPE DE ACONCAGUA', 6),
(0000000021, 0000000006, 'MARGA MARGA', 4),
(0000000022, 0000000007, 'CACHAPOAL', 17),
(0000000023, 0000000007, 'CARDENAL CARO', 6),
(0000000024, 0000000007, 'COLCHAGUA', 10),
(0000000025, 0000000008, 'TALCA', 10),
(0000000026, 0000000008, 'CAUQUENES', 3),
(0000000027, 0000000008, 'CURICÓ', 9),
(0000000028, 0000000008, 'LINARES', 8),
(0000000029, 0000000009, 'CONCEPCIÓN', 12),
(0000000030, 0000000009, 'ARAUCO', 7),
(0000000031, 0000000009, 'BIOBÍO', 14),
(0000000032, 0000000009, 'ÑUBLE', 21),
(0000000033, 0000000010, 'CAUTÍN', 21),
(0000000034, 0000000010, 'MALLECO', 11),
(0000000035, 0000000011, 'VALDIVIA', 8),
(0000000036, 0000000011, 'RANCO', 4),
(0000000037, 0000000012, 'LLANQUIHUE', 9),
(0000000038, 0000000012, 'CHILOÉ', 10),
(0000000039, 0000000012, 'OSORNO', 7),
(0000000040, 0000000012, 'PALENA', 4),
(0000000041, 0000000013, 'COIHAIQUE', 2),
(0000000042, 0000000013, 'AISÉN', 3),
(0000000043, 0000000013, 'CAPITÁN PRAT', 3),
(0000000044, 0000000013, 'GENERAL CARRERA', 2),
(0000000045, 0000000014, 'MAGALLANES', 4),
(0000000046, 0000000014, 'ANTÁRTICA CHILENA', 2),
(0000000047, 0000000014, 'TIERRA DEL FUEGO', 3),
(0000000048, 0000000014, 'ULTIMA ESPERANZA', 2),
(0000000049, 0000000015, 'SANTIAGO', 32),
(0000000050, 0000000015, 'CORDILLERA', 3),
(0000000051, 0000000015, 'CHACABUCO', 3),
(0000000052, 0000000015, 'MAIPO', 4),
(0000000053, 0000000015, 'MELIPILLA', 5),
(0000000054, 0000000015, 'TALAGANTE', 5);

-- --------------------------------------------------------

--
-- Estructura de tabla para la tabla `region`
--

CREATE TABLE IF NOT EXISTS `region` (
  `reg_id_pk` int(10) unsigned zerofill NOT NULL AUTO_INCREMENT,
  `reg_nombre` varchar(100) DEFAULT NULL,
  `reg_romano` varchar(10) DEFAULT NULL,
  `reg_cantprovincias` int(11) DEFAULT NULL,
  `reg_cantcomunas` int(11) DEFAULT NULL,
  PRIMARY KEY (`reg_id_pk`)
) ENGINE=InnoDB  DEFAULT CHARSET=latin1 AUTO_INCREMENT=16 ;

--
-- Volcado de datos para la tabla `region`
--

INSERT INTO `region` (`reg_id_pk`, `reg_nombre`, `reg_romano`, `reg_cantprovincias`, `reg_cantcomunas`) VALUES
(0000000001, 'ARICA Y PARINACOTA', 'XV', 2, 4),
(0000000002, 'TARAPACÁ', 'I', 2, 7),
(0000000003, 'ANTOFAGASTA', 'II', 3, 9),
(0000000004, 'ATACAMA ', 'III', 3, 9),
(0000000005, 'COQUIMBO ', 'IV', 3, 15),
(0000000006, 'VALPARAÍSO ', 'V', 8, 38),
(0000000007, 'DEL LIBERTADOR GRAL. BERNARDO O''HIGGINS ', 'VI', 3, 33),
(0000000008, 'DEL MAULE', 'VII', 4, 30),
(0000000009, 'DEL BIOBÍO ', 'VIII', 4, 54),
(0000000010, 'DE LA ARAUCANÍA', 'IX', 2, 32),
(0000000011, 'DE LOS RÍOS', 'XIV', 2, 12),
(0000000012, 'DE LOS LAGOS', 'X', 4, 30),
(0000000013, 'AISÉN DEL GRAL. CARLOS IBAÑEZ DEL CAMPO ', 'XI', 4, 10),
(0000000014, 'MAGALLANES Y DE LA ANTÁRTICA CHILENA', 'XII', 4, 11),
(0000000015, 'METROPOLITANA DE SANTIAGO', 'RM', 6, 52);

-- --------------------------------------------------------

--
-- Estructura de tabla para la tabla `ruta`
--

CREATE TABLE IF NOT EXISTS `ruta` (
  `rut_id_pk` int(10) unsigned zerofill NOT NULL AUTO_INCREMENT,
  `rut_detallecontrato_fk` int(10) unsigned zerofill DEFAULT NULL,
  `rut_camion_fk` int(10) unsigned zerofill DEFAULT NULL,
  `rut_dia` int(11) DEFAULT NULL COMMENT '1 - 7: lunes - domingo',
  `rut_solicitado` int(11) DEFAULT NULL COMMENT '1 si se solicito para un dia especifico',
  `rut_activo` int(11) DEFAULT NULL COMMENT 'deshabilitado:0, habilitado:1',
  `rut_fecharegistro` datetime DEFAULT NULL,
  `rut_orden` int(11) NOT NULL DEFAULT '0',
  PRIMARY KEY (`rut_id_pk`),
  KEY `man_camion_fk` (`rut_camion_fk`),
  KEY `man_detallecontrato_fk` (`rut_detallecontrato_fk`)
) ENGINE=InnoDB  DEFAULT CHARSET=latin1 AUTO_INCREMENT=12 ;

-- --------------------------------------------------------

--
-- Estructura de tabla para la tabla `servicio`
--

CREATE TABLE IF NOT EXISTS `servicio` (
  `ser_id_pk` int(10) unsigned zerofill NOT NULL AUTO_INCREMENT,
  `ser_nombre` varchar(100) DEFAULT NULL,
  `ser_abrebiado` varchar(10) DEFAULT NULL,
  `ser_precio` int(11) DEFAULT NULL,
  `ser_comentario` text,
  `ser_fecharegistro` datetime NOT NULL,
  PRIMARY KEY (`ser_id_pk`)
) ENGINE=InnoDB  DEFAULT CHARSET=latin1 AUTO_INCREMENT=2 ;

--
-- Volcado de datos para la tabla `servicio`
--

INSERT INTO `servicio` (`ser_id_pk`, `ser_nombre`, `ser_abrebiado`, `ser_precio`, `ser_comentario`, `ser_fecharegistro`) VALUES
(0000000001, 'Arriendo Baños Químicos', 'A.B.Q', NULL, NULL, '2016-06-14 00:00:00');

-- --------------------------------------------------------

--
-- Estructura de tabla para la tabla `sucursal`
--

CREATE TABLE IF NOT EXISTS `sucursal` (
  `suc_id_pk` int(10) unsigned zerofill NOT NULL AUTO_INCREMENT,
  `suc_usuario_fk` int(11) unsigned zerofill DEFAULT NULL COMMENT 'creado por',
  `suc_comuna_fk` int(11) unsigned zerofill DEFAULT NULL,
  `suc_nombre` varchar(200) DEFAULT NULL,
  `suc_nombrecomercial` varchar(200) DEFAULT NULL,
  `suc_giro` varchar(100) DEFAULT NULL,
  `suc_direccion` varchar(200) DEFAULT NULL,
  `suc_rut` varchar(20) DEFAULT NULL,
  `suc_fecharegistro` datetime DEFAULT NULL COMMENT 'fecha de registro de sucursal',
  `suc_configuracion` text COMMENT 'parametros de configuracion (json)',
  `suc_comentario` text,
  PRIMARY KEY (`suc_id_pk`),
  KEY `suc_comuna_fk` (`suc_comuna_fk`),
  KEY `suc_usuario_fk` (`suc_usuario_fk`)
) ENGINE=InnoDB  DEFAULT CHARSET=latin1 AUTO_INCREMENT=4 ;

--
-- Volcado de datos para la tabla `sucursal`
--

INSERT INTO `sucursal` (`suc_id_pk`, `suc_usuario_fk`, `suc_comuna_fk`, `suc_nombre`, `suc_nombrecomercial`, `suc_giro`, `suc_direccion`, `suc_rut`, `suc_fecharegistro`, `suc_configuracion`, `suc_comentario`) VALUES
(0000000001, 00000000001, 00000000165, 'Los Ángeles', NULL, NULL, 'Camino Maria Dolores K.M. 6.9', NULL, '2016-08-08 18:21:07', '{}', NULL);

-- --------------------------------------------------------

--
-- Estructura de tabla para la tabla `usuario`
--

CREATE TABLE IF NOT EXISTS `usuario` (
  `usu_id_pk` int(10) unsigned zerofill NOT NULL AUTO_INCREMENT,
  `usu_comuna_fk` int(10) unsigned zerofill DEFAULT NULL,
  `usu_nombre` varchar(100) DEFAULT NULL,
  `usu_apellido` varchar(100) DEFAULT NULL,
  `usu_rut` varchar(20) DEFAULT NULL,
  `usu_direccion` varchar(200) DEFAULT NULL,
  `usu_clave` varchar(200) DEFAULT NULL,
  `usu_configuracion` text COMMENT 'parametros de configuracion (json)',
  `usu_vinculado` int(1) DEFAULT '1' COMMENT 'desvinculado: 0, vinculado: 1, pendiente: 2',
  `usu_recuperarclave` varchar(200) DEFAULT NULL COMMENT 'token de reciperacion de clave',
  `usu_cookie` varchar(100) DEFAULT NULL,
  `usu_tipo` int(11) DEFAULT '2' COMMENT 'desarrollador: 0, administrador: 1, ejecutivo: 2, chofer: 3',
  `usu_fecharegistro` datetime DEFAULT NULL,
  `usu_comentario` text,
  PRIMARY KEY (`usu_id_pk`),
  KEY `usu_comuna_fk` (`usu_comuna_fk`)
) ENGINE=InnoDB  DEFAULT CHARSET=latin1 AUTO_INCREMENT=34 ;

--
-- Volcado de datos para la tabla `usuario`
--

INSERT INTO `usuario` (`usu_id_pk`, `usu_comuna_fk`, `usu_nombre`, `usu_apellido`, `usu_rut`, `usu_direccion`, `usu_clave`, `usu_configuracion`, `usu_vinculado`, `usu_recuperarclave`, `usu_cookie`, `usu_tipo`, `usu_fecharegistro`, `usu_comentario`) VALUES
(0000000001, 0000000165, 'TUCIUDAD', 'Agencia', '14350983-4', 'Pasaje 3 sur, 749, Parque Lauquen', '$6$rounds=5000$usesomesillystri$svDGVxf0k/88d8wuCMBgu7qEG1edJ/B8NhhswgMEtrROOo7Zt3fonOkuFol5fmcr8pXS97o4iuKw4vY6DohY4/', '{"permisos":{"Usuarios":true,"Clientes":true,"Sucursales":true,"Arriendos":true,"Bodega":true,"Mantenciones":true}}', 1, NULL, NULL, 0, '2016-08-08 18:24:25', NULL);

-- --------------------------------------------------------

--
-- Estructura de tabla para la tabla `usuario_log`
--

CREATE TABLE IF NOT EXISTS `usuario_log` (
  `ulo_id_pk` int(10) unsigned zerofill NOT NULL AUTO_INCREMENT,
  `ulo_sucursal_fk` int(10) unsigned zerofill NOT NULL,
  `ulo_usuario_fk` int(10) unsigned zerofill NOT NULL,
  `ulo_descripcion` text,
  `ulo_fecha` datetime DEFAULT NULL,
  `ulo_comentario` text,
  PRIMARY KEY (`ulo_id_pk`),
  KEY `ulo_sucursal_fk` (`ulo_sucursal_fk`),
  KEY `ulo_usuario_fk` (`ulo_usuario_fk`)
) ENGINE=InnoDB DEFAULT CHARSET=latin1 AUTO_INCREMENT=1 ;

-- --------------------------------------------------------

--
-- Estructura de tabla para la tabla `usuario_nn_sucursal`
--

CREATE TABLE IF NOT EXISTS `usuario_nn_sucursal` (
  `unns_id_pk` int(10) unsigned zerofill NOT NULL AUTO_INCREMENT,
  `unns_sucursal_fk` int(10) unsigned zerofill NOT NULL,
  `unns_usuario_fk` int(10) unsigned zerofill NOT NULL,
  `unns_habilitado` int(1) NOT NULL DEFAULT '1' COMMENT 'deshabilitado: 0, habilitado: 1',
  `unns_fecharegistro` datetime NOT NULL,
  PRIMARY KEY (`unns_id_pk`),
  KEY `unns_sucursal_fk` (`unns_sucursal_fk`),
  KEY `unns_usuario_fk` (`unns_usuario_fk`)
) ENGINE=InnoDB  DEFAULT CHARSET=latin1 AUTO_INCREMENT=2 ;

--
-- Volcado de datos para la tabla `usuario_nn_sucursal`
--

INSERT INTO `usuario_nn_sucursal` (`unns_id_pk`, `unns_sucursal_fk`, `unns_usuario_fk`, `unns_habilitado`, `unns_fecharegistro`) VALUES
(0000000001, 0000000001, 0000000001, 1, '2016-08-08 18:29:15');

-- --------------------------------------------------------

--
-- Estructura de tabla para la tabla `venta`
--

CREATE TABLE IF NOT EXISTS `venta` (
  `ven_id_pk` int(10) unsigned zerofill NOT NULL AUTO_INCREMENT,
  `ven_usuario_fk` int(10) unsigned zerofill DEFAULT NULL,
  `ven_cliente_fk` int(10) unsigned zerofill DEFAULT NULL,
  `ven_sucursal_fk` int(10) unsigned zerofill DEFAULT NULL,
  `ven_tipo` int(11) DEFAULT NULL COMMENT 'servicio:1, producto:2',
  `ven_fechainicio` datetime DEFAULT NULL,
  `ven_fechatermino` datetime DEFAULT NULL,
  `ven_valor` int(11) DEFAULT NULL,
  `ven_diapago` int(11) DEFAULT NULL,
  `ven_finalizado` int(11) DEFAULT NULL COMMENT 'finalizado:0, activo:1',
  `ven_comentario` text,
  PRIMARY KEY (`ven_id_pk`),
  KEY `ven_sucursal_fk` (`ven_sucursal_fk`),
  KEY `ven_cliente_fk` (`ven_cliente_fk`),
  KEY `ven_usuario_fk` (`ven_usuario_fk`)
) ENGINE=InnoDB  DEFAULT CHARSET=latin1 AUTO_INCREMENT=8 ;

--
-- Restricciones para tablas volcadas
--

--
-- Filtros para la tabla `bannos`
--
ALTER TABLE `bannos`
  ADD CONSTRAINT `bannos_ibfk_1` FOREIGN KEY (`ban_sucursal_fk`) REFERENCES `sucursal` (`suc_id_pk`),
  ADD CONSTRAINT `bannos_ibfk_2` FOREIGN KEY (`ban_tipo_id`) REFERENCES `bannos_tipo` (`bti_id_pk`),
  ADD CONSTRAINT `bannos_ibfk_3` FOREIGN KEY (`ban_cliente_fk`) REFERENCES `cliente` (`cli_id_pk`);

--
-- Filtros para la tabla `bannos_tipo`
--
ALTER TABLE `bannos_tipo`
  ADD CONSTRAINT `bannos_tipo_ibfk_1` FOREIGN KEY (`bti_sucursal_fk`) REFERENCES `sucursal` (`suc_id_pk`);

--
-- Filtros para la tabla `bitacora`
--
ALTER TABLE `bitacora`
  ADD CONSTRAINT `bitacora_ibfk_1` FOREIGN KEY (`bit_sucursal_fk`) REFERENCES `sucursal` (`suc_id_pk`),
  ADD CONSTRAINT `bitacora_ibfk_2` FOREIGN KEY (`bit_venta_fk`) REFERENCES `venta` (`ven_id_pk`);

--
-- Filtros para la tabla `camion`
--
ALTER TABLE `camion`
  ADD CONSTRAINT `camion_ibfk_1` FOREIGN KEY (`cam_usuario_fk`) REFERENCES `usuario` (`usu_id_pk`),
  ADD CONSTRAINT `camion_ibfk_2` FOREIGN KEY (`cam_sucursal_fk`) REFERENCES `sucursal` (`suc_id_pk`);

--
-- Filtros para la tabla `cliente`
--
ALTER TABLE `cliente`
  ADD CONSTRAINT `cliente_ibfk_1` FOREIGN KEY (`cli_sucursal_fk`) REFERENCES `sucursal` (`suc_id_pk`),
  ADD CONSTRAINT `cliente_ibfk_2` FOREIGN KEY (`cli_comuna_fk`) REFERENCES `comuna` (`com_id_pk`),
  ADD CONSTRAINT `cliente_ibfk_3` FOREIGN KEY (`cli_usuario_fk`) REFERENCES `usuario` (`usu_id_pk`);

--
-- Filtros para la tabla `comuna`
--
ALTER TABLE `comuna`
  ADD CONSTRAINT `comuna_ibfk_1` FOREIGN KEY (`com_provincia_fk`) REFERENCES `provincia` (`pro_id_pk`);

--
-- Filtros para la tabla `contacto`
--
ALTER TABLE `contacto`
  ADD CONSTRAINT `contacto_ibfk_1` FOREIGN KEY (`con_tipo_fk`) REFERENCES `contacto_tipo` (`cti_id_pk`),
  ADD CONSTRAINT `contacto_ibfk_2` FOREIGN KEY (`con_sucursal_fk`) REFERENCES `sucursal` (`suc_id_pk`),
  ADD CONSTRAINT `contacto_ibfk_3` FOREIGN KEY (`con_usuario_fk`) REFERENCES `usuario` (`usu_id_pk`),
  ADD CONSTRAINT `contacto_ibfk_4` FOREIGN KEY (`con_cliente_fk`) REFERENCES `cliente` (`cli_id_pk`);

--
-- Filtros para la tabla `detalle_contrato`
--
ALTER TABLE `detalle_contrato`
  ADD CONSTRAINT `detalle_contrato_ibfk_1` FOREIGN KEY (`dco_venta_fk`) REFERENCES `venta` (`ven_id_pk`),
  ADD CONSTRAINT `detalle_contrato_ibfk_2` FOREIGN KEY (`dco_comuna_fk`) REFERENCES `comuna` (`com_id_pk`),
  ADD CONSTRAINT `detalle_contrato_ibfk_3` FOREIGN KEY (`dco_servicio_fk`) REFERENCES `servicio` (`ser_id_pk`);

--
-- Filtros para la tabla `detcontrato_nn_banno`
--
ALTER TABLE `detcontrato_nn_banno`
  ADD CONSTRAINT `detcontrato_nn_banno_ibfk_1` FOREIGN KEY (`dnnb_banno_fk`) REFERENCES `bannos` (`ban_id_pk`),
  ADD CONSTRAINT `detcontrato_nn_banno_ibfk_2` FOREIGN KEY (`dnnb_detcontrato_fk`) REFERENCES `detalle_contrato` (`dco_id_pk`),
  ADD CONSTRAINT `detcontrato_nn_banno_ibfk_3` FOREIGN KEY (`dnnb_lavamano_fk`) REFERENCES `bannos` (`ban_id_pk`);

--
-- Filtros para la tabla `mantencion`
--
ALTER TABLE `mantencion`
  ADD CONSTRAINT `mantencion_ibfk_1` FOREIGN KEY (`man_ruta_fk`) REFERENCES `ruta` (`rut_id_pk`),
  ADD CONSTRAINT `mantencion_ibfk_2` FOREIGN KEY (`man_nnbanno_fk`) REFERENCES `detcontrato_nn_banno` (`dnnb_id_pk`),
  ADD CONSTRAINT `mantencion_ibfk_3` FOREIGN KEY (`man_usuario_fk`) REFERENCES `usuario` (`usu_id_pk`),
  ADD CONSTRAINT `mantencion_ibfk_4` FOREIGN KEY (`man_detallecontrato_fk`) REFERENCES `detalle_contrato` (`dco_id_pk`);

--
-- Filtros para la tabla `provincia`
--
ALTER TABLE `provincia`
  ADD CONSTRAINT `provincia_ibfk_1` FOREIGN KEY (`pro_region_fk`) REFERENCES `region` (`reg_id_pk`);

--
-- Filtros para la tabla `ruta`
--
ALTER TABLE `ruta`
  ADD CONSTRAINT `ruta_ibfk_1` FOREIGN KEY (`rut_detallecontrato_fk`) REFERENCES `detalle_contrato` (`dco_id_pk`),
  ADD CONSTRAINT `ruta_ibfk_2` FOREIGN KEY (`rut_camion_fk`) REFERENCES `camion` (`cam_id_pk`);

--
-- Filtros para la tabla `sucursal`
--
ALTER TABLE `sucursal`
  ADD CONSTRAINT `sucursal_ibfk_1` FOREIGN KEY (`suc_usuario_fk`) REFERENCES `usuario` (`usu_id_pk`),
  ADD CONSTRAINT `sucursal_ibfk_2` FOREIGN KEY (`suc_comuna_fk`) REFERENCES `comuna` (`com_id_pk`);

--
-- Filtros para la tabla `usuario`
--
ALTER TABLE `usuario`
  ADD CONSTRAINT `usuario_ibfk_1` FOREIGN KEY (`usu_comuna_fk`) REFERENCES `comuna` (`com_id_pk`);

--
-- Filtros para la tabla `usuario_log`
--
ALTER TABLE `usuario_log`
  ADD CONSTRAINT `usuario_log_ibfk_1` FOREIGN KEY (`ulo_sucursal_fk`) REFERENCES `sucursal` (`suc_id_pk`),
  ADD CONSTRAINT `usuario_log_ibfk_2` FOREIGN KEY (`ulo_usuario_fk`) REFERENCES `usuario` (`usu_id_pk`);

--
-- Filtros para la tabla `usuario_nn_sucursal`
--
ALTER TABLE `usuario_nn_sucursal`
  ADD CONSTRAINT `usuario_nn_sucursal_ibfk_1` FOREIGN KEY (`unns_sucursal_fk`) REFERENCES `sucursal` (`suc_id_pk`),
  ADD CONSTRAINT `usuario_nn_sucursal_ibfk_2` FOREIGN KEY (`unns_usuario_fk`) REFERENCES `usuario` (`usu_id_pk`);

--
-- Filtros para la tabla `venta`
--
ALTER TABLE `venta`
  ADD CONSTRAINT `venta_ibfk_1` FOREIGN KEY (`ven_usuario_fk`) REFERENCES `usuario` (`usu_id_pk`),
  ADD CONSTRAINT `venta_ibfk_2` FOREIGN KEY (`ven_cliente_fk`) REFERENCES `cliente` (`cli_id_pk`),
  ADD CONSTRAINT `venta_ibfk_3` FOREIGN KEY (`ven_sucursal_fk`) REFERENCES `sucursal` (`suc_id_pk`);

/*!40101 SET CHARACTER_SET_CLIENT=@OLD_CHARACTER_SET_CLIENT */;
/*!40101 SET CHARACTER_SET_RESULTS=@OLD_CHARACTER_SET_RESULTS */;
/*!40101 SET COLLATION_CONNECTION=@OLD_COLLATION_CONNECTION */;
